benjamin.asolo@10hourlabs.com,"{""country_code"":""NG"",""educations"":[{""location"":""Abia State "",""degree"":""Bsc"",""program"":""Animal Science and Animal Production"",""institution_name"":""Michael Okpara University of Agriculture"",""end_date"":""2009-07-13"",""start_date"":""2005-06-05""},{""institution_name"":""Michael okpara University of Agriculture"",""location"":""Abia State"",""degree"":""Msc"",""program"":""Animal Breeding and Genetics"",""end_date"":""2021-05-11"",""start_date"":""2019-05-08""}],""experiences"":[{""primary_technologies"":[""Python ( Matplotlib, Seaborn, Researchpy, Scipy, Plotly, PyTorch, PyGames, Turtle, Kivy, Tkinter, SciKit-Learn and Keras)."",""JavaScript"",""PHP"",""Docker"",""Kubernetes"",""HTML/CSS"",""Wordpress"",""Power BI "",""Git"",""SQL (Transact-SQL, SQLite, PL/SQL, PopSQL, SQL*Plus, Sybase SQL Server and Microsoft SQL Server)."",""NoSQL (MongoDB)."",""ReactJS"",""AngularJS"",""Node JS"",""Express JS"",""JQuery"",""Laravel"",""Codeigniter"",""CakePHP"","" Tableau"",""Django"",""Flask"",""Numpy"",""Pandas"",""MySQL"",""PostgreSQL"",""Oracle""],""company_name"":""Gramel Technologies"",""job_title"":""Senior Software Engineer"",""start_date"":""2019-02-04"",""description"":""•\t Steering projects, leading data science and software development teams, and supervising software development processes using Agile/Scrum methodologies. "",""location"":""Abia State""}],""skills"":[],""first_name"":""Jonah Bob-Nelson "",""last_name"":""Chidubem "",""preferred_name"":""Jonah"",""pronoun"":""Mr"",""email"":""jonahcnb.official@gmail.com"",""phone"":""08060510818"",""city"":""Abia"",""preferred_job_title"":""Full-Stack"",""professional_start_date"":""2014-01-06""}"
fortnweb@gmail.com,"{""country_code"":""NG"",""educations"":[{""institution_name"":""Obafemi Awolowo University"",""location"":""Ife, OS"",""program"":""Bachelor of Science:"",""degree"":""Electrical And Electronics Engineering"",""start_date"":""2009-08-05"",""end_date"":""2014-07-10"",""overview"":""Electrical And Electronics Engineering""},{""institution_name"":""Federal Government College, Odogbolu"",""location"":""Odogbolu, OG"",""degree"":""S.S.C.E:"",""program"":""S.S.C.E:"",""overview"":""High School"",""start_date"":""2006-08-05"",""end_date"":""2009-07-23""}],""experiences"":[{""primary_technologies"":[""PHP/Laravel,"",""SQL"",""JavaScript"",""HTML,"",""CSS""],""company_name"":""Cavidel Limited"",""location"":""Victoria Island, Lagos"",""job_title"":""Software Developer"",""start_date"":""2019-03-05"",""end_date"":""2019-07-15"",""description"":""Developed a Microsoft Office Mail Web Application. • Developed an Appraisal Web Application. • Used programming capabilities in PHP/Laravel, SQL and JavaScript and other libraries as needed. • Tested websites and performed troubleshooting prior to deployment. • Created site layout and user interface using HTML, CSS and BootStrap practices.""},{""primary_technologies"":[""PHP/Laravel,"",""SQL"",""JavaScript"",""HTML,"",""CSS"",""BootStrap""],""company_name"":""FreeMe Digital"",""location"":""Lekki, Lagos"",""job_title"":""Full Stack Web Developer,"",""start_date"":""2017-10-12"",""end_date"":""2019-02-23"",""description"":""• Used programming capabilities in PHP/Laravel, SQL and JavaScript and other libraries as needed. • Tested websites and performed troubleshooting prior to deployment.  • Designed, implemented and monitored web pages and sites for continuous improvement in fast- paced environment.  • Completed full redesigns of existing websites to improve navigation, enhance visuals and strengthen search engine rankings. • Established milestones for projects and prepared all team members to meet aggressive deadlines. • Created site layout and user interface using HTML, CSS and BootStrap practices.""},{""primary_technologies"":[""HTML"",""CSS"",""PHP,"",""SQL"",""JavaScript""],""company_name"":""Okavango Digital Firm"",""location"":""Victoria Island, Lagos"",""job_title"":""Web Developer"",""start_date"":""2017-01-10"",""end_date"":""2017-09-03"",""description"":""• Created site layout and user interface using HTML and CSS practices. • Used programming capabilities in PHP, SQL and JavaScript and other libraries as needed. • Established web hosting for site and uploaded site files to hosting account. • Implemented Google Campaigns and SEO for various types of websites.""},{""primary_technologies"":[""HTML"",""CSS""],""company_name"":""Spitec Universal Concept"",""location"":""Akure, Ondo"",""job_title"":""Web Developer Intern,"",""start_date"":""2015-02-12"",""end_date"":""2015-10-04"",""description"":""Created site layout and user interface using HTML and CSS practices. • Tested websites and performed troubleshooting prior to deployment. • Develop appropriate code structures to solve specific tasks. • Coordinate with other designers and programmers to develop web projects.""}],""skills"":[{""name"":""HTML"",""years_of_experience"":7,""preferred"":false,""note"":""Web""},{""name"":""CSS"",""years_of_experience"":7,""note"":""Web""},{""name"":""PHP"",""years_of_experience"":5,""preferred"":true,""note"":""PHP""},{""name"":""SQL"",""years_of_experience"":5,""note"":""Database""},{""name"":""Javascript"",""years_of_experience"":5,""preferred"":true,""note"":""Web""},{""name"":""Laravel/PHP"",""years_of_experience"":3,""note"":""PHP""}],""portfolios"":[{""name"":""Linkedin"",""url"":""https://www.linkedin.com/in/adebola-f/""},{""name"":""Github"",""url"":""| https://github.com/techbola""}],""first_name"":""ADEBOLA"",""last_name"":""FAGBOWORE"",""preferred_name"":""FAGBOWORE"",""pronoun"":""he/him"",""email"":""bfagbowore@gmail.com"",""phone"":""08068469071"",""city"":""Ogun"",""preferred_job_title"":""Full Stack Developer"",""professional_start_date"":""2022-03-02""}"
fortnweb@gmail.com,"{""country_code"":""NG"",""educations"":[{""institution_name"":""Obafemi Awolowo University"",""location"":""Ife, OS"",""program"":""Bachelor of Science:"",""degree"":""Electrical And Electronics Engineering"",""start_date"":""2009-08-05"",""end_date"":""2014-07-10"",""overview"":""Electrical And Electronics Engineering""},{""institution_name"":""Federal Government College, Odogbolu"",""location"":""Odogbolu, OG"",""degree"":""S.S.C.E:"",""program"":""S.S.C.E:"",""overview"":""High School"",""start_date"":""2006-08-05"",""end_date"":""2009-07-23""}],""experiences"":[{""primary_technologies"":[""PHP/Laravel,"",""SQL"",""JavaScript"",""HTML,"",""CSS""],""company_name"":""Cavidel Limited"",""location"":""Victoria Island, Lagos"",""job_title"":""Software Developer"",""start_date"":""2019-03-05"",""end_date"":""2019-07-15"",""description"":""Developed a Microsoft Office Mail Web Application. • Developed an Appraisal Web Application. • Used programming capabilities in PHP/Laravel, SQL and JavaScript and other libraries as needed. • Tested websites and performed troubleshooting prior to deployment. • Created site layout and user interface using HTML, CSS and BootStrap practices.""},{""primary_technologies"":[""PHP/Laravel,"",""SQL"",""JavaScript"",""HTML,"",""CSS"",""BootStrap""],""company_name"":""FreeMe Digital"",""location"":""Lekki, Lagos"",""job_title"":""Full Stack Web Developer,"",""start_date"":""2017-10-12"",""end_date"":""2019-02-23"",""description"":""• Used programming capabilities in PHP/Laravel, SQL and JavaScript and other libraries as needed. • Tested websites and performed troubleshooting prior to deployment.  • Designed, implemented and monitored web pages and sites for continuous improvement in fast- paced environment.  • Completed full redesigns of existing websites to improve navigation, enhance visuals and strengthen search engine rankings. • Established milestones for projects and prepared all team members to meet aggressive deadlines. • Created site layout and user interface using HTML, CSS and BootStrap practices.""},{""primary_technologies"":[""HTML"",""CSS"",""PHP,"",""SQL"",""JavaScript""],""company_name"":""Okavango Digital Firm"",""location"":""Victoria Island, Lagos"",""job_title"":""Web Developer"",""start_date"":""2017-01-10"",""end_date"":""2017-09-03"",""description"":""• Created site layout and user interface using HTML and CSS practices. • Used programming capabilities in PHP, SQL and JavaScript and other libraries as needed. • Established web hosting for site and uploaded site files to hosting account. • Implemented Google Campaigns and SEO for various types of websites.""},{""primary_technologies"":[""HTML"",""CSS""],""company_name"":""Spitec Universal Concept"",""location"":""Akure, Ondo"",""job_title"":""Web Developer Intern,"",""start_date"":""2015-02-12"",""end_date"":""2015-10-04"",""description"":""Created site layout and user interface using HTML and CSS practices. • Tested websites and performed troubleshooting prior to deployment. • Develop appropriate code structures to solve specific tasks. • Coordinate with other designers and programmers to develop web projects.""}],""skills"":[{""name"":""HTML"",""years_of_experience"":7,""preferred"":false,""note"":""Web""},{""name"":""CSS"",""years_of_experience"":7,""note"":""Web""},{""name"":""PHP"",""years_of_experience"":5,""preferred"":true,""note"":""PHP""},{""name"":""SQL"",""years_of_experience"":5,""note"":""Database""},{""name"":""Javascript"",""years_of_experience"":5,""preferred"":true,""note"":""Web""},{""name"":""Laravel/PHP"",""years_of_experience"":3,""note"":""PHP""}],""portfolios"":[{""name"":""Linkedin"",""url"":""https://www.linkedin.com/in/adebola-f/""},{""name"":""Github"",""url"":""| https://github.com/techbola""}],""first_name"":""ADEBOLA"",""last_name"":""FAGBOWORE"",""preferred_name"":""FAGBOWORE"",""pronoun"":""he/him"",""email"":""bfagbowore@gmail.com"",""phone"":""08068469071"",""city"":""Ogun"",""preferred_job_title"":""Full Stack Developer"",""professional_start_date"":""2022-03-02""}"
fortnweb@gmail.com,"{""country_code"":""NG"",""educations"":[{""institution_name"":""ODUDUWA UNIVERSITY"",""location"":""ILE-IFE, OSUN STATE"",""degree"":""Mass Communication"",""program"":""BSc"",""start_date"":""2013-07-21"",""end_date"":""2017-08-15"",""overview"":""Mass Communication""}],""experiences"":[{""primary_technologies"":[""Python"",""Git""],""company_name"":""Zuri"",""location"":""Lagos"",""job_title"":""Backend Intern"",""start_date"":""2021-03-04"",""end_date"":""2022-03-02"",""description"":""Performed Database Mining and enforced Database Security, including. • Communicated in clear and straightforward manner with team members. • • Participated in requirement, design and code reviews. Demonstrated basic degree of creativity and problem solving skills. • • Created code, improve server and server-side applications. • Performed on-call responsibilities for Production Applications. Followed standards for systems design, program development and documentation. • • Created technical specifications and unit test plans. Maintained systems by identifying and correcting software defects.""},{""primary_technologies"":[""React"",""Javascript"",""Django""],""company_name"":""Dufuma"",""location"":""Lagos"",""job_title"":""FullStack Trainee"",""start_date"":""2021-01-10"",""end_date"":""2022-03-02"",""description"":""Managed individual project priorities, deadlines and deliverables. • Performed detailed analysis of problems and all possible solutions. • • Performed unit testing and integration testing on software. Managed performance improvement projects including research, design and implementation. • Gained industry knowledge through daily business interactions and job assignments. • Communicated with and coordinated preparation of documents with team members.""},{""company_name"":""ZENITH BANK PLC,"",""location"":""Lagos"",""job_title"":""Credit Risk Analyst"",""start_date"":""2019-07-12"",""end_date"":""2022-03-02"",""description"":""• Documented, reviewed and maintained processes and  DAKEMILOLA@GMAIL.COM 0-705-077-3334 SURULERE , LAGOS LAGOS, L AGOS STATE, 100001  ODUDUWA UNIVERSITY ILE-IFE ILE-IFE, OSUN STATE B.SC MASS COMMUNICATION AND MEDIA TECHNOLOGY (Nov 2017) E D U C AT I O N  Html Css Git & Version Control Jquery Software design and development. React js. Javascript MYSQL DATABASE Python Django Framework Php Time Management Postman Bootstrap Credit Analysis and Disbursement. Excel Good Team Spirit and Communication Skills Materialize Css Rest Api Good Time Management Good Team Spirit Ability To Work Under Pressure A D D I T I O N A L S K I L L S  A D E K E M I A W O M O L O  S O F T W A R E D E V E L O P E R  SOFTWARE DEVELOPER TRAINEE PEARLS AFRICA, LAGOS, LAGOS / Oct 2020 - Jan 2021 operational procedures. • Maintained neat, orderly document and collection contact files. Reviewed financial information and prepare financial spread sheets. • Developed in-depth knowledge and expertise regarding Credit Card and Retail Services Data. • Received, tracked, maintained records of credit and financial information from commercial loan clients. • • Assisted management in formulation of credit policies. Handled customer correspondence discrepancies on credit applications. • • Established and updated customers' credit activities. Performed complex ad-hoc reporting and analysis requests of various bank products and portfolios. • Contacted credit bureaus, employers and personal references to check credit and personal references. • Prepared analysis, reports and presentations for management review and regulatory reporting. • Assisted Credit Representatives in account reconciliations and customer communications. • Prepared credit analysis and recommendations and participated in loan closings.""},{""primary_technologies"":[""HTML"",""CSS""],""company_name"":""Pearls Africa"",""location"":""Lagos"",""job_title"":""Software Developer Trainee"",""start_date"":""2020-10-23"",""end_date"":""2021-01-05"",""description"":""Partnered with team members to implement project and record results. • Created innovative visual design across all consumer touchpoints from concept to production. • Gained industry knowledge through daily business interactions and job assignments. • Delivered software components by working in collaboration with product and design teams.""}],""skills"":[{""name"":""HTML"",""years_of_experience"":3,""note"":""Web""},{""name"":""CSS"",""years_of_experience"":3,""note"":""Web Design""},{""name"":""Git"",""years_of_experience"":2,""note"":""Github""},{""name"":""Jquery"",""years_of_experience"":3,""note"":""Javascript""},{""name"":""React"",""years_of_experience"":2,""note"":""Javascript""},{""name"":""MySql"",""years_of_experience"":2,""note"":""Database""},{""name"":""Django"",""years_of_experience"":2,""note"":""Python""},{""name"":""Php"",""years_of_experience"":2,""note"":""Web""},{""name"":""Bootstrap"",""years_of_experience"":3,""note"":""Web""}],""portfolios"":[],""first_name"":""Adekemi"",""last_name"":""Awolowo"",""preferred_name"":""Adekemi"",""pronoun"":""She/Her"",""email"":""DAKEMILOLA@GMAIL.COM"",""phone"":""0-705-077-3334"",""city"":""Lagos"",""preferred_job_title"":""Software Developer"",""professional_start_date"":""2022-03-02""}"
fortnweb@gmail.com,"{""country_code"":""NG"",""experiences"":[{""company_name"":""Legobox.io"",""location"":""Lagos"",""job_title"":""Founder"",""start_date"":""2020-04-05"",""end_date"":""2022-03-02"",""description"":""Developing new products for marketing and research pipeline Spincrow - A product for freelancers to collect funds. Cen2ury - A peer to peer crypto-trading platform. Re-deployed and relaunch Legohackers""},{""primary_technologies"":[""AWS"",""SQS"",""SES"",""SNS"",""s3"",""Cloudfront"",""Vue"",""firebase"",""React""],""company_name"":""Hotels.ng"",""location"":""Lagos"",""job_title"":""FullStack Developer and Product Maager"",""start_date"":""2018-02-04"",""end_date"":""2019-03-04"",""description"":""Product Lead ( Administration tools ) Developed internal tools Develop a central dashboard platform in vue, responsible for collating events, data and transaction data, application wide settings and performance information across the stack.  Chibuike Osita 4 I migrated the platform’s stack to AWS services, using lambda and serverless, SQS, SES, SNS,s3, Cloudfront, Api Gateway, Elasticbeanstalk, Route 53, RDS and Cloudwatch. Developed an extended caching system using AWS redis and docker for caching and resource polling. Developing a central dashboard platform in vue and firebase, the platform was responsible for collating events, data and transaction data, application-wide settings and performance information across the stack. Developing on the first iteration of schoolable app with react native.""},{""primary_technologies"":[""React""],""company_name"":""Elikya"",""location"":""Baltimore, USA"",""job_title"":""React Developer"",""start_date"":""2016-03-05"",""end_date"":""2017-02-04"",""description"":""Developed the first version of the Elikya app Released on both iOS and Android play stores""},{""primary_technologies"":[""Dapp"",""React""],""job_title"":""Blockchain Developer"",""company_name"":""CitizenOne"",""location"":""Nil"",""start_date"":""2018-03-04"",""end_date"":""2017-02-05"",""description"":""Developing smart contracts for a new cryptocurrency and dapp application for a DAO Decentralized autonomous organization). Built an interactive frontend for the Dapp base using React.js, Truffle suites and Sodality""},{""primary_technologies"":[""SEO/SEM""],""job_title"":""Fullstack Developer"",""company_name"":""Allprotech."",""location"":""NaN"",""start_date"":""2016-01-12"",""end_date"":""2016-10-23"",""description"":""Developed SEO/SEM-ready UX strategy and UI framework Moved to responsive layout without a loss of traffic Developed multi-tier container system to house 3 different applications in production.""},{""company_name"":""Hotels.ng,"",""location"":""Lagos"",""job_title"":""Intern / full stack developer"",""start_date"":""2015-01-23"",""end_date"":""2015-12-04"",""description"":""Hotels.ng remote internship, best overall developer as at HNG2""},{""primary_technologies"":[""html"",""css""],""company_name"":""Lighted Code"",""location"":""Lagos"",""job_title"":""Designer/Developer"",""start_date"":""2014-02-05"",""end_date"":""2014-10-23"",""description"":""Build SaaS UI, Built e-commerce platforms and customer websites. (mostly landing pages and contact style)""}],""skills"":[{""name"":""Node"",""note"":""Backend"",""years_of_experience"":6},{""name"":""Docker"",""note"":""Docker"",""years_of_experience"":2},{""name"":""Vue"",""note"":""Javascript"",""years_of_experience"":0},{""name"":""Graphql"",""note"":""Gaphql"",""years_of_experience"":2},{""name"":""AWS"",""note"":""AWS"",""years_of_experience"":2},{""name"":""Firebase"",""note"":""Database"",""years_of_experience"":1},{""name"":""React"",""note"":""Frontend"",""years_of_experience"":2},{""name"":""Laravel/PHP"",""note"":""PHP"",""years_of_experience"":6},{""name"":"" Express"",""years_of_experience"":4,""note"":""Express""},{""name"":""React Native"",""note"":""Andriod Development"",""years_of_experience"":4}],""portfolios"":[{""url"":""https://www.linkedin.com/in/chibuike-osita-85b88aab/"",""name"":""Linkedin""}],""first_name"":""Chibuike "",""last_name"":""Osita"",""preferred_name"":""Chibuike"",""pronoun"":""he/him"",""email"":""mozart.osita@gmail.com"",""phone"":""234 8144095690"",""city"":""Lagos"",""preferred_job_title"":""Product Developer"",""professional_start_date"":""2022-03-02""}"
fortnweb@gmail.com,"{""country_code"":""NG"",""educations"":[{""institution_name"":""Obafemi Awolowo University"",""location"":""Osun"",""degree"":""Arts and Design"",""program"":""Bachelor Of Arts in Education"",""end_date"":""2012-09-02"",""overview"":""Education Program"",""start_date"":""2007-09-22""}],""experiences"":[{""primary_technologies"":[""Java"",""PHP"",""Laravel"",""Node JS"",""Rest API""],""job_title"":""Senior Software Engineer"",""company_name"":""Sparkle Microfinance Bank"",""location"":""Lagos,"",""start_date"":""2019-08-23"",""end_date"":""2022-03-02"",""description"":""Structure several internal systems comprising user/account management tools, reporting, and administrative portal for managing customer's accounts and issue resolutions, as well as designed custom REST APIs built-in Java, Laravel PHP, and NodeJS • Architected and designed several micro-services through a well-scaled gateway service. • Database and query management and optimizations across several internal services. • Develop and architect products and projects""},{""primary_technologies"":[""AWS""],""company_name"":""Gidicab Limited"",""job_title"":""Senior Software Engineer and Team Lead"",""location"":""Lagos"",""end_date"":""2019-08-05"",""start_date"":""2018-10-08"",""description"":""TAXI AND CAB HAILING SERVICE Develop and architect new products and review and ensure timely delivery of tasks from other developers • Contributed as the sole developer in a fast-paced team environment • Designed internal applications and portals for agents and management • Manage and monitor cloud services on AWS for scaling and stability. • Coordinate tasks and deliverables of external developers • Represent and Interface with third-party vendors and partners""},{""company_name"":""SB Telecoms and Devices"",""location"":""Lagos"",""job_title"":""Technical Director"",""start_date"":""2017-04-06"",""end_date"":""2018-10-28"",""description"":""HUMAN RESOURCE - TIME AND ATTENDANCE MANAGEMENT. Oversee and work with the software development team and with other departmental managers and stakeholder • Completed maintenance on existing programs • Work with developers to design algorithms and flowcharts • Troubleshoot, debug and upgrade existing software • Worked closely with the product team on the scope of future projects and innovations""},{""job_title"":""Software Development Head of Department and Team Lead"",""company_name"":""Jeman Consulting"",""location"":""Lagos"",""start_date"":""2015-02-22"",""end_date"":""2017-02-02"",""description"":""Leading a small team on a variety of development projects and delivering solutions""},{""company_name"":""National Youth Service Corps"",""location"":""Lagos"",""job_title"":""Software Developer"",""start_date"":""2013-10-26"",""end_date"":""2015-01-23"",""description"":""Develop and maintain websites and web applications""}],""skills"":[{""name"":""Java"",""years_of_experience"":2,""note"":""Java""},{""name"":""Php-Laravel"",""years_of_experience"":7,""preferred"":true,""note"":""Php""},{""name"":""Javascript"",""years_of_experience"":6,""note"":""Web""},{""name"":""SQL"",""years_of_experience"":6,""note"":""Database""},{""name"":""GIT"",""years_of_experience"":7,""note"":""Version Control System""},{""name"":""Rest API"",""years_of_experience"":5,""note"":""API""}],""portfolios"":[],""first_name"":""Olawale"",""last_name"":""Adegboyega"",""preferred_name"":""Olawale"",""pronoun"":""he/him"",""email"":""firstolawale8_xq2@indeedemail.com"",""phone"":""+2348069170118"",""preferred_job_title"":""Rockstar Software Developer"",""professional_start_date"":""2022-03-02"",""city"":""Lagos""}"
fortnweb@gmail.com,"{""country_code"":""NG"",""educations"":[{""institution_name"":""Abubakar Tafawa Balewa University "",""location"":""Bauchi"",""degree"":""Computer Science"",""program"":""B tect"",""start_date"":""2014-08-07"",""end_date"":""2019-10-08"",""overview"":""Computer Science""},{""institution_name"":""New Foundation Sec School"",""location"":""Damaturu"",""degree"":""S.S.C.E:"",""program"":""S.S.C.E:"",""start_date"":""2008-08-09"",""end_date"":""2014-10-07"",""overview"":""High School""},{""institution_name"":""New Foundation Pri. School"",""location"":""Damaturu"",""degree"":""Primary School Cert"",""program"":""Primary School "",""start_date"":""2002-01-08"",""end_date"":""2008-05-04""}],""experiences"":[{""job_title"":""Chief Executive Officer"",""company_name"":""Lightweb Technology Limited"",""location"":""Abuja"",""description"":""After school(University), me and two of my fellow colleagues at school decided to start a company Lightweb(https://lightweb.ng), providing Internet(ISP and Networking) and Software (Web, Mobile and Desktop) Solutions for all. We later find out that, what we really need to focus on actually is building products for SME`s. We then build swip(https://swip.ng), a shopify for Africa, but its actually a no code e-commerce platform. Build and launch your store in 5 minutes with either a custom domain or a sub domain given freely. The target is actually to help them with the commerce, the payment and then the logistics solution. In 3 weeks we were able to run 20 shops for test and more than 500k was processed."",""start_date"":""2020-09-03"",""end_date"":""2022-03-02""},{""company_name"":""Box1 Logistics"",""location"":""Abuja"",""job_title"":""Technology Officer"",""start_date"":""2020-01-22"",""end_date"":""2020-09-12"",""description"":""Designing of complete web and mobile(IOS/Android) app for box1 logistics, to enable them run errands accordingly.""},{""company_name"":""North East Initiative for Development,"",""location"":""Damturu"",""job_title"":""Web Developer (Remote)"",""start_date"":""2016-02-05"",""end_date"":""2020-03-05"",""description"":""North East Initiative for Development is an NGO providing support to LGA`s affected with the crisis while partnering with other international NGO`s for support. I design their website as-well manage the donations they received online.""},{""company_name"":""North East Cyber Cafe,"",""location"":""Damaturu"",""job_title"":""Branch Manager"",""start_date"":""2015-01-24"",""end_date"":""2016-04-05"",""description"":""North East Initiative for Development is an NGO providing support to LGA`s affected with the crisis while partnering with other international NGO`s for support. I design their website as-well manage the donations they received online.""},{""company_name"":""North East Cyber Cafe"",""location"":""Damaturu"",""job_title"":""Branch Manager"",""start_date"":""2015-01-06"",""end_date"":""2016-04-05"",""description"":""Networking and installation of internet service VSAT(Ka, Ku & Fiber) and also managing of all resources and staffs website as-well manage the donations they received online.""}],""skills"":[{""name"":""Nodejs and Javascript"",""years_of_experience"":5,""note"":""Nodejs and Javascript""},{""name"":""Reactjs and React Native"",""years_of_experience"":5,""note"":""Reactjs and React Native""},{""name"":""Mysql/SQL and Mongo Db"",""years_of_experience"":4,""note"":""Mysql/SQL and Mongo Db""},{""name"":""PHP and Python"",""years_of_experience"":3,""note"":""PHP and Python""},{""name"":""Nginx and Apache"",""years_of_experience"":1,""note"":""Nginx and Apache""},{""name"":""AWS"",""years_of_experience"":-1,""note"":""AWS""}],""portfolios"":[{""name"":""Github"",""url"":""github.com/hussainibulama""},{""name"":""Linkedin"",""url"":""linkedin.com/in/hussainibulama""}],""first_name"":""Hussaini"",""last_name"":""Bulama"",""preferred_name"":""Bulama"",""pronoun"":""She/Her"",""email"":""hussainibulama@gmail.com"",""phone"":""+234 (813) 666-8344"",""city"":""Abuja"",""preferred_job_title"":""Full Stack Software Engineer"",""professional_start_date"":""2022-03-02""}"
fortnweb@gmail.com,"{""country_code"":""NG"",""educations"":[{""institution_name"":""University of Lagos"",""location"":""Lagos"",""degree"":""Mechanical Engineering"",""program"":""Bachelor’s"",""start_date"":""2012-09-04"",""end_date"":""2017-10-23"",""overview"":""BSc""}],""experiences"":[{""primary_technologies"":[""Jenkins""],""company_name"":""DRO Health"",""location"":""Lagos, Nigeria"",""job_title"":""Senior Software Engineer"",""start_date"":""2021-04-06"",""end_date"":""2022-03-02"",""description"":""Wrote Software Requirement specifications and designed core architecture leading to better product management, diminished scope-creep, and reduced development time. Conducted code reviews and onboarded new Engineers. Configured and deployed Data Engineering tools like Metabase and Looker. Configured CI/CD Pipelines with Jenkins. Served as mentor to colleagues. Introduced new workflows and methodologies that improved engineer productivity. Assisted in project planning, estimation, allocation, hiring, and onboarding. R&D for tech stack improvement and increased customer satisfaction.""},{""primary_technologies"":[""Amazon S3,"",""Google Bigquery"",""Apache Parquet,"",""Apache Airflow,""],""company_name"":""Centricity AI"",""location"":""New York, USA"",""job_title"":""Software Engineer"",""start_date"":""2021-03-04"",""end_date"":""2021-03-02"",""description"":""Developed, maintained, and optimized core applications. Designed and developed integrations with external services like Looker. Orchestrated data pipelines with Amazon S3, Apache Parquet, Apache Airflow, and Google Bigquery. Configured and integrated visualization tools like Metabase and Looker. Developed efficient, reliable, and maintainable code. Conducted code reviews.""},{""primary_technologies"":[""BigQuery"",""Meltano,"",""Apache Airflow,"",""Travis CI.""],""company_name"":""Sendbox Software Technologies"",""location"":""Lagos, Nigeria"",""job_title"":""Software Engineer"",""start_date"":""2019-12-07"",""end_date"":""2021-03-04"",""description"":""Orchestrated real-time ELT Pipelines and developed Data models using Meltano, Google BigQuery, and Apache Airflow, taking the analytic workload off application databases and improving the performance of involved services. Optimized core infrastructure and developed in-house tools that significantly increased Engineer productivity, reduced bugs, and improved application performance and user experience. Dockerized legacy services and configured CI/CD pipelines using Travis CI. Refactored monolithic core applications into microservices.""},{""primary_technologies"":[""HTTP APIs"",""GraphQL servers""],""job_title"":""Software Engineer"",""location"":""Lagos"",""company_name"":""Freelancer"",""start_date"":""2016-08-07"",""end_date"":""1019-12-04"",""description"":""Managed an OCR system based on Pytesseract that enabled the verification of users through uploaded images of their Identity Cards. Developed gRPC servers for Go services exposed only through HTTP APIs. Assisted in defining graphene architecture for new python services being exposed through GraphQL servers. Configured and integrated Application Performance Monitoring Software and added rate limiting on key services. Developed state machines and wrote adaptors for external APIs. Configured and maintained cron jobs.""}],""skills"":[{""name"":""GraphQL"",""years_of_experience"":6,""note"":""GraphQL Servers""},{""name"":""Apache Parquet,"",""years_of_experience"":0,""note"":""Apache Parquet,""},{""name"":""Amazon S3,"",""years_of_experience"":1,""note"":""Amazon S3,""},{""name"":""Apache Airflow"",""years_of_experience"":2,""note"":""Apache Airflow,""},{""name"":""Google Bigquery."",""years_of_experience"":2,""note"":""Google Bigquery.""},{""name"":""Jenkins."",""years_of_experience"":1,""note"":""Jenkins.""}],""portfolios"":[{""name"":""Github"",""url"":""github.com/aminuolawale""}],""first_name"":""Aminu"",""last_name"":""Mohammed"",""preferred_name"":""Mohammed"",""pronoun"":""he/him"",""email"":""aminuolawalekan@gmail.com"",""phone"":""+2348111279627"",""city"":""Lagos"",""preferred_job_title"":""Software Engineer"",""professional_start_date"":""2022-03-02""}"
fortnweb@gmail.com,"{""country_code"":""NG"",""educations"":[{""institution_name"":""Ahmadu Bello University"",""location"":""Zaria"",""degree"":""Geology"",""program"":""B.Sc"",""start_date"":""2002-08-04"",""end_date"":""2006-09-07"",""overview"":""B.Sc. Geology""},{""institution_name"":""Coursera"",""location"":""Coursera"",""degree"":""IBM Machine Learning with Python "",""program"":""IBM Machine Learning with Python Program,"",""start_date"":""2019-06-03"",""end_date"":""2019-09-06"",""overview"":""MACHINE LEARNING""}],""experiences"":[{""primary_technologies"":[""PHP"",""SQL"",""JavaScript"",""HTML "",""CSS""],""company_name"":""Global Water and Engineering Projects Ltd "",""job_title"":""Software Develope"",""location"":""Kano City, Kano State.   "",""start_date"":""2015-12-05"",""end_date"":""2022-03-02"",""description"":"" Developed a relational database management to collect and store various data acquired during field work using PHP, SQL, JavaScript, HTML and CSS ∙Used user feedbacks to redesign, edit or update and maintained the web app and database to meet the need of the users or visitors ∙ Registered domains, hosted web apps or sites, and administered online and offline server to ensure their scalability and availability.""},{""primary_technologies"":[],""company_name"":""Global Water and Engineering Projects Ltd"",""location"":"" Kano City, Kano State."",""job_title"":""Field Geologist(Supervisor)"",""start_date"":""2009-09-04"",""end_date"":""2014-10-02"",""description"":""Designed projects’ blueprints from project' initiation to its closure to ensure that goal is achieved ∙ Supervised and managed borehole drillings and surveys to make sure good result is delivered ∙ Documented procedure and results of projects to assist fellow geoscientists and the stakeholders ∙ Presented reports of the projects and made recommendation to the stakeholders or management ""}],""skills"":[{""name"":""SQL"",""years_of_experience"":7,""note"":""DATABASE""},{""name"":""PHP"",""years_of_experience"":7,""note"":""Designed projects’ blueprints from project' initiation to its closure to ensure that goal is achieved ∙ Supervised and managed borehole drillings and surveys to make sure good result is delivered ∙ Documented procedure and results of projects to assist fellow geoscientists and the stakeholders ∙ Presented reports of the projects and made recommendation to the stakeholders or management ""},{""name"":""JavaScript"",""years_of_experience"":7,""note"":""JavaScript""},{""name"":""HTML "",""years_of_experience"":7,""note"":""HTML ""},{""name"":""CSS"",""years_of_experience"":7,""note"":""HTML ""},{""name"":""JQuery"",""years_of_experience"":6,""note"":""JAVASCRIPT""},{""name"":""MYSQL"",""years_of_experience"":4,""note"":""DATABASE""},{""name"":""BOOTSTRAP "",""years_of_experience"":4,""note"":""Web""},{""name"":""Python-Flask"",""years_of_experience"":3,""note"":""Web""},{""name"":""Nodejs "",""years_of_experience"":1,""note"":""Javascript""}],""portfolios"":[{""name"":""Github"",""url"":""  https://github.com/rexali""},{""name"":""Linkedin"",""url"":""  https://www.linkedin.com/in/aliyubello""}],""first_name"":""ALIYU "",""last_name"":""BELLO"",""preferred_name"":""Bello"",""pronoun"":""nan"",""email"":""aliyubababello@gmail.com"",""phone"":""2348065899144"",""city"":""Kogi"",""preferred_job_title"":""Software Developer"",""professional_start_date"":""2022-03-02""}"
fortnweb@gmail.com,"{""country_code"":""NG"",""educations"":[{""institution_name"":""Babcock University"",""location"":""Ogun State"",""degree"":""Computer Science."",""program"":""BSc"",""start_date"":""2013-08-23"",""end_date"":""2017-09-04"",""overview"":""Bsc Computer Science""}],""experiences"":[{""job_title"":""CTO / Full Stack"",""company_name"":""FCCPC,"",""location"":""Abuja"",""start_date"":""2019-12-08"",""end_date"":""2022-03-02"",""description"":""I manage the engineering team, build APIs, organize tasks, manage deadlines and deployment to cloud.""},{""company_name"":""Welkom-U,"",""location"":""Canada"",""job_title"":""CTO / Backend Developer"",""start_date"":""2019-12-04"",""end_date"":""2022-03-02"",""description"":""The tasks I was assigned are to manage the engineering team, build APIs, organize tasks, manage deadlines and deploy all cloud applications.""},{""company_name"":""Techbarn LTD,"",""job_title"":""Co-Founder / CTO / Backend Developer"",""location"":""Lagos"",""description"":""I managed the engineering team to deliver the company’s top products like Workwise, hiring and I also worked on the backend solutions."",""start_date"":""2018-03-03"",""end_date"":""2022-03-02""},{""company_name"":""OYO STATE GOVERNMENT,"",""location"":""Oyo"",""job_title"":""Full Stack Developer"",""start_date"":""2020-03-01"",""end_date"":""2020-04-02"",""description"":""I donated COVID-19 Self-Assessment application to the government which has a report system, analytics and user management features.""},{""company_name"":""NNPC CHQ,"",""job_title"":""Web Developer"",""location"":""Abuja"",""start_date"":""2015-04-02"",""end_date"":""2019-09-04"",""description"":""I built a Budget Allocation Tracker for the finance department while working with a team of highly talented software engineers and top executives in the organization.""},{""company_name"":""ICECONNECTER,"",""location"":""Lagos"",""job_title"":""Full Stack Developer"",""start_date"":""2015-01-03"",""end_date"":""2017-02-04"",""description"":""Thinking of a way to gather experience, I volunteered to build a complaint management system. - I worked on their core product which was about connecting entrepreneurs to investors.""},{""primary_technologies"":[],""company_name"":""TRIUMPH FRONTIER SERVICES,"",""location"":""Lagos"",""job_title"":""Web Developer"",""start_date"":""2016-12-04"",""end_date"":""2019-12-04"",""description"":""- Organized and managed a team of developers and testers - Built the vehicle licensing system APIs. - Integrated the plate number verification system using micro services. - Worked on providing extensive application documentation""},{""company_name"":""TRANSIT IT"",""location"":""Lagos"",""job_title"":""Web Developer"",""start_date"":""2016-01-03"",""end_date"":""2016-09-04"",""description"":""I built a mail management system, the main task was to develop a system to digitalize the old system of receiving mails from agencies, ministries and business. Security was a major concern and I was able to implement a high end security system to secure interaction on the platform.""}],""skills"":[{""name"":""HTML"",""years_of_experience"":7,""note"":""HTML""},{""name"":""CSS"",""years_of_experience"":7,""note"":""WEB""},{""name"":""Bootstrap"",""years_of_experience"":4,""note"":""Bootstrap""},{""name"":""JavaScript/JQuery"",""years_of_experience"":7,""note"":""JavaScript""},{""name"":""Node.js"",""years_of_experience"":2,""note"":""backend""},{""name"":""PHP [Laravel"",""years_of_experience"":3,""note"":""PHP [Laravel""},{""name"":""SQL"",""years_of_experience"":5,""note"":""SQL""}],""portfolios"":[{""url"":""https://github.com/faraweilyas"",""name"":""Github""},{""name"":""Linkedin"",""url"":""https://www.linkedin.com/in/ilyas-farawe-998008125/""}],""first_name"":""iLyas"",""last_name"":""Farawe"",""preferred_name"":""Farawe"",""pronoun"":""nan"",""email"":""faraweilyas@gmail.com"",""phone"":""+234 808 (696) 1185"",""city"":""Lagos"",""preferred_job_title"":""Full Stack Developer"",""professional_start_date"":""0022-03-22""}"
fortnweb@gmail.com,"{""country_code"":""NG"",""educations"":[{""institution_name"":""Enugu State University of Science and Technology"",""location"":""Enugu"",""degree"":""Computer"",""program"":""BEng"",""start_date"":""2011-07-09"",""end_date"":""2016-08-23"",""overview"":""Bachelor’s in engineering (Computer)""}],""experiences"":[{""primary_technologies"":[""Next js"",""NestJS,"",""PostgreSQL,"",""Dokku,"",""Yup.""],""company_name"":""STUDIO 14"",""location"":""BIRMINGHAM, UNITED KINGDOM"",""job_title"":""Senior Full-Stack Engineer"",""start_date"":""2020-11-04"",""end_date"":""2022-03-03"",""description"":""Built full authentication and user management system for the NEST360 application (a joint project for UNICEF and other NGOs) using NextJS, NestJS, PostgreSQL, Dokku, Yup. • Building best practice guidelines, training to support change, carrying out requirements analysis, designs, and systems architectures. • Proactively worked cross-functionally and cross-departmentally to catalog, prioritize, and activate complex and strategic projects. • Organize peer reviews to ensure code quality and code standardization.""},{""primary_technologies"":[""MSSQL,"",""react,"",""redux""],""company_name"":""INTERSWITCH GROUP"",""location"":""LAGOS, NIGERIA"",""job_title"":""Software Engineer (Payment processing)"",""start_date"":""2019-08-04"",""end_date"":""2022-03-03"",""description"":""Organize code reviews to encourage quality and efficient code. Provided technical support to fellow software engineers. Collaborate with the business team for requirement gathering and analysis. Ensured “go live” of all the updates I and my team worked on and run post-deployment checks. Develops and maintains technical documentation (e.g. proofs of concept, requirements specification, subsystems, API docs). • Successfully upgraded Quickteller merchant dispute management endpoint using Spring Boot, MSSQL, with a robust test to ensure no breaking changes. • Translated UI mockups to actual design for Quickteller Merchant app using react, redux. • Redesigned search for transfer-microservice speeding-up load time by 30% • Successfully integrated multiple transaction settlement to transfer-service using react, redux.""},{""primary_technologies"":[""VueJS,"",""Vuex,"",""Laravel,"",""Mysql,"",""Heroku,"",""AWS Infrastructures,""],""company_name"":""ALTARA CREDIT LIMITED"",""location"":""IBADAN, NIGERIA"",""job_title"":""Software Engineer"",""start_date"":""2018-05-04"",""end_date"":""2019-08-09"",""description"":""• Successfully managed a team of 2 where I spare headed first-level requirements gathering, architectural design decisions, and co-implementation of Altara-pay. • Developed and maintained Altara 1.0 portal using VueJS, Vuex, Laravel, Mysql, Heroku, AWS Infrastructures, following an agile software development approach and TDD principles. • Provided technical assistance to fellow software engineers. • Recommended process updates and requirement/enhancement priorities to business following a diagnosis of IT issues and segmentation of problems into business vs. technical issues.""},{""primary_technologies"":[""MySQL"",""PHP,"",""JQuery,"",""Bootstrap,""],""company_name"":""DIGITAL DREAMS LIMITED"",""location"":""ENUGU, NIGERIA"",""job_title"":""Software Developer"",""start_date"":""2016-12-08"",""end_date"":""2018-04-23"",""description"":""• Developed Linkenroll (a school management app) and sections of Mylelo Jobs (a Job Site) using Bootstrap, JQuery, PHP, and MySQL • Designed, developed, successfully launched, and maintained websites and applications for various clients. • Provided technical support to clients to ease usage of applications we developed.""}],""skills"":[{""name"":""Bootstrap,"",""years_of_experience"":7,""note"":""Bootstrap,""},{""name"":""JQuery,"",""years_of_experience"":7,""note"":""Javascript""},{""name"":""PHP,"",""years_of_experience"":7,""note"":""PHP,""},{""name"":""MySQL"",""years_of_experience"":7,""note"":""Database""},{""name"":""VueJS,"",""years_of_experience"":4,""note"":""Javascript""},{""name"":""Laravel,"",""years_of_experience"":4,""note"":""PHP""},{""name"":""Heroku,"",""years_of_experience"":4,""note"":""Deployment""},{""name"":""AWS"",""years_of_experience"":2,""note"":""Cloud""},{""name"":""PostgreSQL,"",""years_of_experience"":2,""note"":""Database""},{""name"":""NestJS,"",""years_of_experience"":2,""note"":""JavaScript""}],""portfolios"":[{""name"":""Github"",""url"":""www.github.com/Clinsmann""},{""name"":""Linkedi"",""url"":""www.linkedin.com/in/ibeanuhillary""}],""first_name"":""HILLARY"",""last_name"":""IBEANU"",""preferred_name"":""IBEANU"",""pronoun"":""He/Him"",""email"":""Ibeanuhillary@gmail.com"",""phone"":""+2348163145041"",""city"":""Ibadan"",""preferred_job_title"":""Software Engineer"",""professional_start_date"":""2022-03-03""}"
fortnweb@gmail.com,"{""country_code"":""NG"",""educations"":[{""institution_name"":""Rivers University of Science and Technology "",""location"":""Rivers"",""degree"":"" Electrical /Electronic Engineering"",""program"":""B-TECH"",""start_date"":""2009-09-02"",""end_date"":""2014-08-03"",""overview"":""(B-TECH Electrical /Electronic Engineering)""},{""institution_name"":""National Open University"",""location"":""Lagos"",""degree"":"" Information Technology"",""program"":""PG"",""overview"":""PG - Information Technology"",""start_date"":""2020-08-29"",""end_date"":""2022-03-03""},{""institution_name"":""Metropolitan School of Business and Management UK"",""degree"":""Master’s in Business Enterprise Software"",""location"":""UK"",""program"":""Masters"",""overview"":""Master’s in Business Enterprise Software"",""start_date"":""2019-05-03"",""end_date"":""2021-04-03""}],""experiences"":[{""job_title"":""IT Office Assistance (Industrial Training)"",""company_name"":"" Rivers State Ministry of Power"",""location"":""Abuja Nigeria"",""start_date"":""2012-05-04"",""end_date"":""0212-11-04"",""description"":""SIWES""},{""company_name"":""NNPC Zonal Office"",""job_title"":""IT Office Assistance (Industrial Training)"",""location"":""Abuja Nigeria"",""start_date"":""2012-11-03"",""end_date"":""2013-05-03"",""description"":""Internship""},{""job_title"":""Data Analyst/Lead Developer/Project Manager"",""company_name"":"" Eco9ja Limited"",""location"":""Port Harcourt"",""start_date"":""2014-09-23"",""end_date"":""2015-02-03"",""description"":""I was responsible for system designing, code review and test review. I managed production support issues and assigned to developers and monitored that they are resolved efficiently and closed on time. Apart from this I also took the task of writing complex programs or modules. In this context I have written many utility programs. I also took the responsibility of imparting training to new team members as assigned by project manager of my project. I involved in all levels of testing from unit level of testing to integration testing and took care that the final product is delivered with good quality and efficiency to project manager and thereby to customers. ""},{""company_name"":""Adamawa State Polytechnic"",""location"":""Yola, Adamawa State"",""job_title"":""Computer Lecturer II"",""start_date"":""2016-12-03"",""end_date"":""2017-10-04"",""description"":""Computer Hardware and Software maintenance  Computer Project Supervisor for final year computer students Portal Administrator and Developer""},{""company_name"":""Apphia Solutions Ltd"",""job_title"":""Lead Developer, "",""location"":""Abuja Nigeria"",""start_date"":""2017-11-04"",""end_date"":""2018-12-04"",""description"":""As a Lead Developer/System Analyst I involved in analyzing the requirements of customer by visiting their place and prepared the requirement specification in detail. My communication skill was excellent which helped in presenting and communicating my views in precise and clear way to client and hence could get satisfied customers for the organization. I also analyzed the technical requirements and details required for developing the system and proposed solutions for implementing the same""},{""job_title"":"" Head of Information Technology"",""company_name"":"" UK-Dion Investment Limited"",""location"":""Abuja Nigeria"",""start_date"":""2019-04-02"",""end_date"":""2022-03-03"",""description"":""Manage and lead all developers Develop and manage the company’s software Developing and directing software system validation and testing methods Directing our software programming initiatives Overseeing the development of documentation. Developing and executing project plans. Applying mathematics and statistics to problem-solving initiatives. Applying best practices and standard operating procedures. Creating innovative solutions to meet our company’s technical needs. Develop and manage all products Address customer issues and concerns in a timely fashion to ensure customer satisfaction. Making helpful product recommendations and suggestions to increase revenue. Collaborating and strategizing with the business and engineering teams  Conducting thorough market research, which may include taking surveys, doing desktop research, sending emails and making calls, and even attending product launches of rival companies. Manage information technology and computer systems Plan, organize, control and evaluate IT and electronic data operations Manage IT staff by recruiting, training and coaching employees, communicating job expectations and appraising their performance Develop account plans for winning and expanding business within your portfolio of accounts Design, develop, implement and coordinate systems, policies and procedures Ensure security of data, network access and backup systems Act in alignment with user needs and system functionality to contribute to organizational policy Identify problematic areas and implement strategic solutions in time Audit systems and assess their outcomes Preserve assets, information security and control structures Handle annual budget and ensure cost effectiveness Provide leadership in technology portfolio for enablement and innovation Manage a portfolio of technology projects to meet cost, scope, and schedule constraints Develop key performance indicators and SLAs in lieu of requirement of stakeholders Develop policies for internal IT operations to drive attainment of SLAs Identify key skills and talent gaps in the organization and work to recruit, train, and retain talent Identify and manage external vendors in the delivery of contracted work""}],""skills"":[{""name"":""HTML/CSS/Javascript"",""years_of_experience"":7,""note"":""Web""},{""name"":""PHP/Laravel"",""years_of_experience"":7,""note"":""PHP""},{""name"":""C++"",""years_of_experience"":5,""preferred"":false,""note"":""C++""},{""name"":"".NET"",""years_of_experience"":5,""note"":"".NET""},{""name"":""Google Cloud/ AWS"",""years_of_experience"":2,""note"":""Cloud Services""}],""first_name"":""Uwam "",""last_name"":""Gospel"",""preferred_name"":""Gospel"",""pronoun"":""he/him"",""email"":""Gospel4me@hotmail.com"",""phone"":""08034010891"",""preferred_job_title"":"", Full Stack Software Develope"",""professional_start_date"":""2022-03-03"",""city"":""Rivers""}"
fortnweb@gmail.com,"{""country_code"":""NG"",""educations"":[{""institution_name"":""Yaba College of Technology"",""location"":""Lagos"",""degree"":""National Diploma of Computer"",""program"":""National Diploma of Computer"",""start_date"":""2016-09-08"",""end_date"":""2019-02-03"",""overview"":""National Diploma of Computer""},{""institution_name"":""Yaba College of Technology"",""degree"":""Higher National Diploma of Computer in Teaching and Researching"",""location"":""Lagos"",""program"":""Higher National Diploma of Computer in Teaching and Researching"",""start_date"":""2020-08-03"",""end_date"":""2022-03-03"",""overview"":""Higher National Diploma of Computer in Teaching and Researching""}],""experiences"":[{""company_name"":""Bridgewaters Foundation Inc"",""job_title"":""Full Stack Developer"",""location"":""USA"",""start_date"":""2021-02-03"",""end_date"":""2022-03-03"",""description"":""Responsible for producing high-quality, front-end web code with an emphasis on efficiency, ease of maintenance and compatibility. • Deliver assigned tasks and projects with little or no supervision required to complete on time and within budget. • Understands / gather business requirement, and translate business requirements into technical specs, then engineer effective solutions to solve business problems. • Developing and managing software packages for websites • Developing and managing installation programs for websites • Programming web application codes • Programming content and page links • Troubleshooting and debugging • Analysis and testing software packages • Modifying software to fix errors, adapt it to new hardware, improve its performance, or upgrade interfaces. • Carryout system testing and validation procedures. • Carry out documentation development for software developed. • Working with customers or departments on technical issues including software system design and maintenance.""},{""company_name"":""ValueSoft RPA/AI Solutions"",""location"":""Lagos, NG"",""job_title"":""Robotic Process Developer"",""start_date"":""2020-06-03"",""end_date"":""2021-01-02"",""description"":""Provide guidance with process design Design, develop, test automation workflows Deployment of RPA components: bots, robots, development tools. Support the implementation of RPA solutions Create process documentation Assure the quality of the automation (QA processes)""},{""primary_technologies"":[""Python""],""job_title"":""Python Backend Developer"",""company_name"":""Hudehtech Solutions"",""location"":""Lagos "",""start_date"":""2018-03-02"",""end_date"":""2019-04-02"",""description"":""Delivering projects with 1-2 days turn around time or even within hours  • Designed and implemented Boot Menu for 2 Line Display in 3 weeks A Coding and Research • Introduced a new approach to submit-render for layout and crowd department • I took a position which combined two roles - Python developer and Scrum master for а team of 9 people. • Extensive Knowledge of database, servers, operating systems. • Proofreading and copy editing content for websites. • Monitoring website and platform performance. Writing up status reports for senior managers. Build complex applications in eCommerce, hospitality, and retail""},{""job_title"":""Junior Web Developer"",""company_name"":""Lycotech Solutions"",""location"":""Lagos"",""start_date"":""2021-04-02"",""end_date"":""2021-10-05"",""description"":""Web Developer""}],""skills"":[{""name"":""HTML"",""years_of_experience"":5,""note"":""Web""},{""name"":""Javascript"",""years_of_experience"":4,""note"":""Web""},{""name"":""Python"",""years_of_experience"":6,""note"":""Python""},{""name"":""Django"",""years_of_experience"":5,""note"":""Backend""},{""name"":""React"",""years_of_experience"":4,""note"":""Javascript""},{""name"":""React-native"",""years_of_experience"":2,""note"":""mobile dev""},{""name"":""CCNA"",""years_of_experience"":3,""note"":""CCNA""},{""name"":""Git"",""years_of_experience"":4,""note"":""Git""},{""name"":""Css3"",""years_of_experience"":5,""note"":""Css3""},{""name"":""Sass"",""years_of_experience"":2,""note"":""Sass""}],""portfolios"":[{""url"":""https://www.github.com/hudeh"",""name"":""Github""}],""first_name"":""Udezuligbo"",""last_name"":""Henry"",""preferred_name"":""Henry"",""pronoun"":""he/him"",""email"":""henryudezuligbo2_p5h@indeedemail.com"",""phone"":""09038186710"",""city"":""Lagos"",""preferred_job_title"":""Full-Stack Web Developer"",""professional_start_date"":""2022-03-03""}"
fortnweb@gmail.com,"{""country_code"":""NG"",""educations"":[{""institution_name"":""University of Benin."",""location"":"" Benin."",""degree"":""Sociology and Anthropology,"",""program"":""Sociology and Anthropology,"",""start_date"":""2012-08-07"",""end_date"":""2017-03-05"",""overview"":""Sociology and Anthropology,""}],""experiences"":[{""primary_technologies"":[],""company_name"":""FastCrypto Nigeria."",""location"":""Nigeria"",""job_title"":""Senior Software Developer"",""start_date"":""2020-07-04"",""end_date"":""2021-03-04"",""description"":""Develop web application backend components and communicated with client to identify their needs and goals. • Worked on the improvement of data protection, security and created new user information solutions. • Maintained large databases and collaborated with colleagues on the reduction of software maintenance expenses. • Involved in requirement gathering, analysis, design , estimation and testing of the assigned task in openstack. •Develop easy documentation for the framework and tools developed for the adaption for other teams. • Work directly with project owners across the business and plan, manage and execute key projects. • Follow and improve established processes for software development life cycle with an agile approach to delivery software.""},{""primary_technologies"":[""Python"",""SQL"",""AWS"",""Docker"",""Javascript"",""Jenkins""],""company_name"":""RealPage, Inc."",""location"":""ng"",""job_title"":""Software/DevOps Engineer,"",""start_date"":""2020-01-05"",""end_date"":""2020-03-05"",""description"":""• Developed & maintained fully auto-scale infrastructure using Python, delivering applications for clients that are able to rapidly scale up and down based on the load and internal information. Maximizing available resources. • Developed & Maintain Clients Solutions (Farmers services, Supply chain Services, Government Supports etc.) using Docker Swarm, kubernetes, MySQL database, PLSQL, html5, JavaScript, PHP, Python, CSS, Django, SQL etc. • Created Mobile Applications in React-Native: -JavaScript, CSS, HTML5and JQuery, increasing the performance by 45%. • Responsibility for Setup, operations and stability of 67 client’s servers (Debian, Ubuntu, Oracle-Linux), managed by Puppet/Hiera/Ansible • Monitoring system based on Docker and Big Data (HBase, Apache Hadoop) • Development / operations (DevOps) of monitoring systems for all client’s infrastructure • Monitoring of production environment • Used technologies: Docker, Python, Linux, bash, AWS, Puppet, Ansible, Jenkins, Jira • Continuous Development, Deployment, Integration and Delivery. Service Optimization and maintenance, scaling up services and infrastructure • Built, implemented and maintained many user-friendly applications & back-end services using Python, SQL, JavaScript, PLSQL, React-Native, PHP and JQuery, demonstrating service-oriented architecture and focus on client’s needs. • • Data mining, visualization, Data transformation and interpretation, big data using Apache Hadoop, Python • Developed application that interface with MySQL, PostgreSQL databases and generate email and SMS notification. • Image and Video processing using python3 using Jupiter notebook, Ipython, Django, flask etc. • Implemented binning, data wrangling: cleaning, transforming, merging and reshaping data frames •  Docker node Clusters and reverse proxy • Integration to SMS, USSD and payment processing platform to mobile network operators(MNO) Software and Data Engineer, Puma Biotechnology. Remote Staff: July-Dec 2019 • Develop Clients Websites, Software Using Python, Django, WordPress, NodeJS JavaScript, React, PHP • Turning Sketch mock-ups into functioning sites • Working on new feature requests and implementing on current sites monitoring of new/Existing Dockerized infrastructure. • Use Apache Hadoop/Python for Data visualization, transformation and interpretation. • Working with a team of designers and developers to complete tasks as a DevOps and Backend Python-Django-PostgreSQL Engineer • Database Administration and Performance Turning""},{""primary_technologies"":[""Python"",""Mongodb"",""NodeJS"",""React Native"",""PHP"",""Javascript"",""Docker,"",""Kubernetes"",""Puppet""],""company_name"":""TutorCruncher"",""location"":""Remote"",""job_title"":""Docker node Clusters and reverse proxy Web and Mobile Developer"",""start_date"":""2017-04-03"",""end_date"":""2018-02-04"",""description"":""Built, implemented and maintained Agrikore Block-chain Integration Interface and Mobile Application extension for Mobile Wallet Platform using Python, Django, Firebase, Mongodb, NodeJS JavaScript, PLSQL, React-Native, PHP • Block-chain Platform Smart contracts and integrating into legacy financial System  • Development/deployment and monitoring of new Dockerized infrastructure • Docker support for Go/NodeJS/Python development team • Used technologies: Docker, SWARM, Kubernetes, Puppet, iSCSI • Database Administration for high Performance""}],""skills"":[{""name"":""SQL"",""years_of_experience"":4,""note"":""DATABASE""},{""name"":""PHP"",""years_of_experience"":4,""note"":""PHP""},{""name"":""Docker"",""years_of_experience"":4,""note"":""Docker""},{""name"":""Python/Django"",""years_of_experience"":4,""note"":""Backend""},{""name"":""Firebase"",""years_of_experience"":4,""note"":""Database""},{""name"":""HTML/CSS/Javascript"",""years_of_experience"":4,""note"":""Web""},{""name"":""Jira"",""years_of_experience"":2,""note"":""Jira""},{""name"":""BigQuery"",""years_of_experience"":2,""note"":""Cloud""}],""portfolios"":[{""name"":""Linkedin"",""url"":""linkedin.com/in/ovoke-noble-agi-tuedor-b5568b19b""}],""first_name"":""Agi-Tuedor"",""last_name"":""Ovoke"",""preferred_name"":""Ovoke"",""pronoun"":""he/him"",""email"":""noblemanhs@gmail.com"",""phone"":"":+234(0)8136033490"",""city"":""Lagos"",""preferred_job_title"":""fullstack and Mobile Developer"",""professional_start_date"":""2022-03-03""}"
fortnweb@gmail.com,"{""country_code"":""NG"",""educations"":[{""degree"":""Computer Engineering"",""program"":""Bachelor of Technology(BTech)"",""location"":""Ogbomoso,"",""institution_name"":""Ladoke Akintola University of Technology,"",""start_date"":""2010-08-07"",""end_date"":""2014-09-07"",""overview"":""Bachelor of Technology(BTech)""}],""experiences"":[{""company_name"":""Elizade University"",""job_title"":""Full Stack Software Developer"",""location"":""Ilara-Mokin"",""start_date"":""2021-05-06"",""end_date"":""2022-03-07"",""description"":"": Development of student record management system.""},{""company_name"":""Anchor University"",""job_title"":""Webmaster(Development of student record )"",""location"":""Lagos"",""start_date"":""2019-04-03"",""end_date"":""2020-04-05"",""description"":""management system and student instructor""},{""company_name"":""Tech-Space Solutions"",""location"":""Princeton, NJ"",""job_title"":""Full stack Software Developer"",""start_date"":""2018-03-04"",""end_date"":""2019-03-02"",""description"":""Software Developer""},{""company_name"":""Molly Specialist Hospital"",""location"":""Ibadan"",""job_title"":""Software Developer-(Electronic Medical Record"",""start_date"":""2014-03-04"",""end_date"":""2018-05-02"",""description"":""Software""}],""skills"":[{""name"":""HTML/CSS"",""years_of_experience"":8,""note"":""WEB DEV""},{""name"":"":ASP.NET CORE,"",""years_of_experience"":6,""note"":"":ASP.NET CORE,""},{""name"":""PHP-Laravel"",""years_of_experience"":7,""note"":""Web development""},{""name"":""React"",""years_of_experience"":5,""note"":""Javascript""},{""name"":""Ajax,"",""years_of_experience"":4,""note"":""Frontend""},{""name"":""SQL"",""years_of_experience"":5,""note"":""Database""}],""portfolios"":[{""name"":""Stackoverflow"",""url"":""https://stackoverflow.com/users/2199032/dayo""},{""name"":""Github"",""url"":""https://github.com/apostleyemi""},{""name"":""Linkedin"",""url"":""https://www.linkedin.com/in/adedayo-adegbenro-profile/""}],""first_name"":""Adegbenro"",""last_name"":""Adedayo"",""preferred_name"":""Adegbenro"",""pronoun"":""he/him"",""email"":""aoadegbenro@gmail.com"",""phone"":""+2348067013148"",""preferred_job_title"":""Full Stack Software Developer"",""professional_start_date"":""2022-03-07"",""city"":""Ondo""}"
fortnweb@gmail.com,"{""country_code"":""NG"",""educations"":[{""institution_name"":""Babcock University"",""location"":""Ogun State"",""degree"":""Computer Science"",""program"":""Bachelor of Science:"",""start_date"":""2014-08-05"",""end_date"":""2018-07-04"",""overview"":""Computer Science""}],""experiences"":[{""company_name"":""CoralStone Capital,"",""location"":""Lagos"",""job_title"":""Software Engineer"",""start_date"":""2019-01-12"",""end_date"":""2022-03-07"",""description"":""Worked as a core backend developer during the development phase of fundbae V1 and V2.  Worked as Lead Engineer during the developent of the Investment Management Portal; to help HNI's keep track of their investments and interest payout  Design & Maintain Investment and Credit Databases  Develop & Enforce IT Policies  Worked as co-developer in developing Loan Management Software to automate loan underwriting, loan approval, rep paymenayment t reminder, loan statement generator and statement analyser  Infrastructure & Technical Support for coralstone group staffs""},{""company_name"":""New Horizon System Solutions Ltd,"",""location"":""Lagos"",""job_title"":""Industrial Attache"",""start_date"":""2017-04-03"",""end_date"":""2017-08-03"",""description"":"" System maintenance & Administration  Internet networking""},{""company_name"":""Zerosoftone Technology Ent,"",""location"":""India"",""job_title"":""Software Engineer"",""end_date"":""2022-03-07"",""start_date"":""2014-04-07"",""description"":""Worked on the development of a carpack management system using rest api's and an iot devices to determine status of available car pack spaces.  Developed a recruiting system for to ease the recruiting process for a university department.  Designed and implemented an onboarding system for users of a business plan hub.  Developed a platform for managing inventory for a bakery.  Developed a web application for management of assets for SMB's""}],""skills"":[{""name"":""PHP"",""years_of_experience"":8,""note"":""Backend""},{""name"":""Python"",""years_of_experience"":7,""note"":""Backend""},{""name"":""Solidity"",""years_of_experience"":2,""note"":""Solidity""},{""name"":""Golang"",""years_of_experience"":2,""note"":""Golang""},{""name"":""Ether.JS"",""years_of_experience"":1,""note"":""Ether.JS""}],""portfolios"":[{""url"":""www.linkedin.com/in/adeyinka-adedamola-387a1b6b/"",""name"":""Linkedin""}],""first_name"":""ADEDAMOLA"",""last_name"":""ADEYINKA"",""preferred_name"":""ADEYINKA"",""pronoun"":""He/Him"",""email"":""adeyinka.adedamola@hotmail.com"",""phone"":""+234(0)812-949-5524"",""city"":""Lagos"",""preferred_job_title"":""Software Developer"",""professional_start_date"":""2022-03-07""}"
fortnweb@gmail.com,"{""country_code"":""NG"",""educations"":[{""institution_name"":""Federal University Dutse"",""location"":""Jigawa State, Nigeria"",""degree"":"" Computer Science"",""overview"":""(Bsc.) Computer Science"",""program"":""(Bsc.) Computer Science"",""start_date"":""2017-11-23"",""end_date"":""2022-03-07""}],""experiences"":[{""primary_technologies"":[""Node js""],""job_title"":""Backend Developer"",""company_name"":""- Techub Dynamix"",""location"":""Jigawa, Nigeria"",""start_date"":""2021-03-12"",""end_date"":""2021-10-20"",""description"":"" Developed a backend for an inventory management system using Node.js  Worked with other technical teams to support them in learning how to develop and maintain their own APIs  Collaborate closely with other engineers and become a valued member of an autonomous, cross- functional team  Design and develop robust services in coordination with frontend developers and produce well-tested, high quality code  Work directly with the business to implement features and understand use cases""},{""primary_technologies"":[""Node js""],""company_name"":""Adashi.ng"",""location"":""Kano,"",""job_title"":""Backend Developer"",""start_date"":""2021-10-04"",""end_date"":""2022-03-07"",""description"":"" Developed a backend for a Fintech app using Node.js  Develop clean and maintainable services based on product management and Front-end requirements while keeping in mind RESTful API design guidelines  Research, suggest and implement new solutions in performance of backend services  Contribute to the technical design and development of microservices with low-latency, high-availability, performance and scalability in mind""}],""skills"":[{""name"":""Node js"",""years_of_experience"":3,""note"":""backend""}],""portfolios"":[{""name"":""Linkedin"",""url"":""linkedin.com/in/farhan-nasiruddeen-42b669195""}],""first_name"":""Nasiruddeen"",""last_name"":""Farhan"",""preferred_name"":""Farhan"",""pronoun"":""He/Him"",""email"":""farnas2016@gmail.com"",""phone"":""(+234)8148436223"",""city"":""Kwara State"",""preferred_job_title"":""Backend Developer"",""professional_start_date"":""2022-03-07""}"
fortnweb@gmail.com,"{""country_code"":""NG"",""educations"":[{""institution_name"":""Delta State Polytechnic."",""location"":""Delta"",""degree"":""Computer Science"",""program"":""ND"",""start_date"":""0001-01-01"",""end_date"":""0001-01-01"",""overview"":""ND""}],""experiences"":[{""primary_technologies"":[],""job_title"":""APPLICATION DEVELOPER"",""location"":""Nigeria"",""company_name"":""Verify Nigeria"",""start_date"":""2013-03-05"",""end_date"":""2014-04-03"",""description"":""Contribute in the development of their search engine and web spider using machine learning, natural language processing and vast web data collection algorithms using python.""},{""primary_technologies"":[""Python""],""job_title"":""SOFTWARE DEVELOPER"",""company_name"":""Willparry Worldwide Ltd"",""location"":""ng"",""start_date"":""2014-04-03"",""end_date"":""2016-05-03"",""description"":""I Carried out feasibility studies on client’s organization, receive client’s requirements and ensure the software or automated system developed by me surpass or equal the client’s expectations.""},{""job_title"":""INSTRUCTOR AND WEBSITE DEVELOPER"",""location"":""Nigeria"",""company_name"":""Pajo Rotias Limited"",""start_date"":""2015-04-05"",""end_date"":""2016-04-05"",""description"":""Ensuring my students become IT certified and proficient in their preferred programming languages and I also Carried out feasibility studies on client’s organization, receive client’s requirements and ensure the software or automated system developed by me surpass or equal the client’s expectations.""},{""primary_technologies"":[""Python/PyQT.""],""job_title"":""WEB APPLICATION AND SOFTWARE DEVELOPER"",""company_name"":""Intelogiic Ltd"",""location"":""Lagos"",""description"":""I Carried out feasibility studies on client’s organization, receive client’s requirements and ensure the software or automated system developed by me surpass or equal the client’s expectations."",""start_date"":""2016-04-05"",""end_date"":""2019-05-06""},{""job_title"":""WEB APPLICATION DEVELOPER"",""company_name"":""Decipher Technology Ltd"",""location"":""Nigeria"",""description"":""Contribute to my team development and ensuring our assigned project meet or surpass client’s requirement. I will be able to contribute in multiple programming languages"",""start_date"":""2019-05-05"",""end_date"":""2020-04-03""}],""skills"":[{""name"":""Python"",""years_of_experience"":7,""note"":""web""}],""portfolios"":[],""first_name"":""HILARY"",""last_name"":""OKORO"",""preferred_name"":""OKORO"",""pronoun"":""He/Him"",""email"":""aristotlehilary23@gmail.com"",""phone"":""+2348146502782"",""city"":""Lagos"",""preferred_job_title"":""Backend Developer"",""professional_start_date"":""2022-03-07""}"
fortnweb@gmail.com,"{""country_code"":""NG"",""educations"":[{""program"":""BACHELOR OF SCIENCE"",""institution_name"":""Obafemi Awolowo University,"",""location"":""Ile Ife – Nigeria"",""degree"":""Computer Science"",""start_date"":""0001-01-01"",""end_date"":""0001-01-01"",""overview"":""BSc""}],""experiences"":[{""primary_technologies"":[""PHp-Laravel""],""company_name"":""F&K SAVINGS,"",""location"":""Nigeria"",""job_title"":""Senior Backend Developer"",""start_date"":""2020-04-02"",""end_date"":""2022-03-07"",""description"":""+ Led a team the Laravel developers to rebuild the backend service for the fin-tech start up from ground up following software best practices. + Ensured that TDD concepts are also being followed in the codebase (i.e chasing for 95% test coverage on business logic). With this, customer complaint was reduced by 70%. + Participated in pioneering the adoption of DDD (Domain Driven Development) in codebase. + Leveraged on PHP 8 and Laravel Octane to speed up the backend service. This helps to greatly improve customer experience. + Mentored interns to become good software engineers.""},{""company_name"":""LEARNPOWER Nigeria"",""location"":""Nigeria"",""job_title"":""Software Developer"",""start_date"":""2021-03-04"",""end_date"":""2020-09-08"",""description"":""+ Built and optimize the learning and practice (quiz) application for maximum speed and scalability for students ranging from secondary schools to tertiary institutions and the general public. A reward system is also implemented for exceptional students. + Implementation of security, data protection and data storage solutions""}],""skills"":[{""name"":""PHP/Laravel"",""years_of_experience"":4,""note"":""backend""}],""portfolios"":[{""url"":""https://github.com/devsahm"",""name"":""Github""}],""first_name"":""Damilare"",""last_name"":""Fagbenro"",""preferred_name"":""Fagbenro"",""pronoun"":""he/him"",""email"":""fagbenrosamuel@gmail.com"",""phone"":""+2348031527174"",""city"":""ng"",""preferred_job_title"":""Software Developer"",""professional_start_date"":""2022-03-07""}"
fortnweb@gmail.com,"{""country_code"":""NG"",""educations"":[{""program"":""Bachelor of Technology"",""institution_name"":""Ladoke Akintola University of Technology"",""location"":""Oyo"",""degree"":""Bachelor of Technology"",""start_date"":""2018-07-03"",""end_date"":""2014-02-03"",""overview"":""Bachelor of Technology""}],""experiences"":[{""company_name"":""Huawei"",""location"":""NG"",""job_title"":""automation engineer."",""start_date"":""2021-05-04"",""end_date"":""2022-03-07"",""description"":""● Working as a software tools and automation engineer. ● Identify opportunities for automation within software processes. ● Run tests for databases, systems, applications, and software.  ● Implementation of tasks both on testbed and production in different tenants (MTN. AIRTEL, 9Mobile, Namibia, Southern Africa Region, Telkom, Vodafone etc) ● Identify bugs and quality issues in development, service or business processes. ● Develop business services, application and business workflow ● Collaborate with other business units to understand how automation can improve workflow.""},{""company_name"":""STEM Belle Foundation"",""location"":""ng"",""job_title"":""Software Engineer"",""start_date"":""2021-01-09"",""end_date"":""2021-05-04"",""description"":""● Serving as an educator representative of the STEM Belle at different schools of deployment. ● Collaborating with the program coordinator to execute the project strategies at different school of deployment. ● Delivering the curriculum of a STEM after school’s program through the STEM Belle Tech Hub. ● Creating projects and making relevant presentations at related meetings and conferences.""}],""skills"":[{""name"":""HTML/CSS"",""years_of_experience"":4,""note"":""Frontend""},{""name"":""Python"",""years_of_experience"":3,""note"":""Web""},{""name"":""Node js"",""years_of_experience"":4,""note"":""Backend""},{""name"":""React js"",""years_of_experience"":0,""note"":""Frontend""}],""portfolios"":[{""url"":""www.linkedin.com/in/imoleayo-moses-75849112b"",""name"":""Linkedin""}],""first_name"":""Imoleayo"",""last_name"":""POPOOLA"",""preferred_name"":""POPOOLA"",""pronoun"":""She/Her"",""email"":""imoleayothestembelle@gmail.com"",""city"":""Lagos"",""phone"":""+2349043914399"",""preferred_job_title"":""Web Developer"",""professional_start_date"":""2022-03-07""}"
fortnweb@gmail.com,"{""country_code"":""NG"",""educations"":[{""degree"":""Computer Science"",""institution_name"":""Al-hikmah University"",""location"":""Kwara State."",""program"":""B.Sc. Computer Science"",""overview"":""B.Sc. Computer Science"",""start_date"":""2010-08-04"",""end_date"":""2014-08-09""}],""experiences"":[{""company_name"":"" Nourishing Africa"",""location"":""Africa"",""job_title"":""Full Stack Developer "",""start_date"":""2021-03-05"",""end_date"":""2022-03-07"",""description"":""● Building new features on the company’s portal. ● Developing API to be utilized or consumed by the front ● Revamping the company’s web application UI ● Participated in peer review and scrum meeting to meet project deadline.""},{""company_name"":""Tek Experts"",""job_title"":""Software Support Engineer"",""location"":""Nigeria"",""start_date"":""2020-06-12"",""end_date"":""2021-03-09"",""description"":""● Provided technical support to Microsoft customers on Microsoft Power Apps and Power Automate. ● Participated in the weekly hurdle with the team to set goals and ways on how to achieve them.""},{""primary_technologies"":[""Laravel"",""MySQL""],""company_name"":""Kenola Studios"",""location"":""Lagos"",""job_title"":""Web Developer"",""description"":""● Provided technical advisory to the development of the website. ● Collaborated with the UI/UX Designer to develop the front-end of the website. ● Developed the Business logic using Laravel and MySQL. ● Integrated a Third-Party Payment solution with the Backend"",""start_date"":""2019-12-15"",""end_date"":""2020-03-23""},{""primary_technologies"":[""Wordpress""],""company_name"":""Classic Makeup USA"",""location"":""Lagps"",""job_title"":""Web Develope"",""end_date"":""2018-12-09"",""start_date"":""2018-09-12"",""description"":""● Provided technical advisory to the company. ● Developed an ecommerce web application using WordPress and WooCommerce. ● Integrated the web application with a Payment Solution System.""},{""primary_technologies"":[""MySQL"",""hp (Laravel)""],""job_title"":""Database specialist"",""company_name"":""Biswal Limited"",""location"":""Lagps"",""start_date"":""2017-07-05"",""end_date"":""2020-08-05"",""description"":""● Developed an Android mobile application for logging diesel delivery details. ● Developed and deployed web apps to track and manage diesel delivered to telecommunication sites and asset management on the site, built using Php (Laravel). ● Developed an Android mobile application to ease the lookup of information about a site. ● Developed a Desktop application solution using C# to easily assign an engineer to a site, keep track of transfers of engineers across site and clusters, assign clusters to site and keep track of site ownership transfers between clusters. ● Data gathering and processing from different departments of the company. ● Managed the Company MYSQL database hosted with AMAZON EC2 instance ● Deployment of an intranet solution for various department using SharePoint on office 365. ● Solved tickets raised by my fellow colleag""},{""company_name"":""Eventory Management"",""location"":""Lagos"",""job_title"":""Web Developer"",""start_date"":""2016-07-06"",""end_date"":""2017-08-07"",""description"":""Web Developer at ""}],""skills"":[{""name"":""MySQL"",""years_of_experience"":4,""note"":""Database"",""preferred"":true},{""name"":""PHP/Laravel"",""years_of_experience"":3,""note"":""Backend""},{""name"":""Wordpress"",""years_of_experience"":3,""note"":""Website""}],""portfolios"":[{""url"":""https://www.linkedin.com/in/taofik-kareem/"",""name"":""Linkedin""}],""first_name"":""TAOFIK"",""last_name"":""TAOFIK"",""preferred_name"":""TAOFIK"",""email"":""Kareemtaofik22@gmail.com"",""phone"":""+234"",""city"":""ng"",""pronoun"":""he/him"",""preferred_job_title"":""Php Developer"",""professional_start_date"":""2022-03-07""}"
fortnweb@gmail.com,"{""country_code"":""NG"",""educations"":[{""institution_name"":""NATIONAL INSTITUTION OF TECHNOLOGY"",""location"":"" RIVER STATE"",""degree"":""Computer Science"",""program"":""Programming"",""start_date"":""2016-09-13"",""end_date"":""2018-09-08"",""overview"":""Developed software engineering skills in Java, C++ , C# , PHP, Robotics & Python""}],""experiences"":[{""primary_technologies"":[""Php"",""HTML/CSS/JS"",""MSSQL""],""job_title"":""WEB DEVELOPER"",""company_name"":""COMPUNET™ COMPUTER SERVICES LIMITED]"",""location"":""[Remote]"",""start_date"":""2016-08-23"",""end_date"":""2017-03-05"",""description"":""I was Contracted to design and develop the following systems which I successful saw to completion and deployment. • A full comprehensive tertiary software (Admin Module, Student Module, CBT Module, Accounting Module, Transcript Portal e.t.c) as revenue channel purposes for the company which was used for clients like Ebony State University Nigeria and TCNN during my contract period. Technologies Used where (PHP, MSQL, JAVASCRIPT, HTML, CSS, JQUERY MOBILE). • A cloud based SAAS educational system for high schools that helps them go paper less in almost all day to day administrative activities and also provide guidance quick and easy access to their wards academics records and general performances""},{""primary_technologies"":[""Java""],""job_title"":""FULL-STACK DEVELOPER,"",""company_name"":""DUDUTECH LIMITED"",""location"":""Remote"",""start_date"":""2014-05-07"",""end_date"":""2017-07-05"",""description"":""• Used JAVA in Building a Commercially Distributed Desktop Based CBT software for students sitting for the JAMB in Nigeria to help those who are not used to the concept of CBT since most high schools in Nigeria don’t do CBT. • Built other commercial viable software’s like Dental Soft – a full management software for Dental clinics built on (C# , WPF , Mysql ), MyDocspace – a file storage and file manager web app to store and manage your files remotely , built on (HTML,CSS,JAVASCRIPT, PHP & MYSQL), and quarter a dozen of other amazing idea’s""},{""company_name"":""TRAVI TECHNOLOGY"",""location"":""Rivers State"",""job_title"":""SENIOR DEVELOPER PROJECT LEAD"",""start_date"":""2021-11-04"",""end_date"":""2022-03-07"",""description"":""ENIOR DEVELOPER PROJECT LEAD""}],""skills"":[{""name"":""c#"",""years_of_experience"":7,""note"":""c#""},{""name"":""MS SQL"",""years_of_experience"":5,""note"":""Database""},{""name"":""HTML/CSS/Javascript"",""years_of_experience"":7,""note"":""Frontend""},{""name"":""Jquery mobile"",""years_of_experience"":6,""note"":""Mobile Development ""},{""name"":""Python/Pandas"",""years_of_experience"":3,""note"":""Machine learning""},{""name"":""Pythonn / OpenCV"",""years_of_experience"":3,""note"":""Machine Learning""}],""first_name"":""Leo"",""last_name"":""Confidence"",""email"":""Leosmith2929@gmail.com"",""phone"":""+234 903 759 8947"",""preferred_name"":""Confidence"",""pronoun"":""She/Her"",""city"":""Rivers"",""preferred_job_title"":""Web Developer"",""professional_start_date"":""2022-03-07""}"
fortnweb@gmail.com,"{""country_code"":""NG"",""educations"":[{""institution_name"":""Kebbi State University of Science and Technology"",""location"":""Aliero"",""degree"":""Computer Science"",""program"":""B.Sc. in Computer Science"",""start_date"":""2007-09-07"",""end_date"":""2011-08-13"",""overview"":""B.Sc. in Computer Science""}],""experiences"":[{""company_name"":""Silverlight Technologies"",""location"":""FCT, Abuja"",""job_title"":""System/Web Application Developer,"",""start_date"":""2013-02-08"",""end_date"":""2015-07-04"",""description"":"" Developed and maintained company/client applications and company style guide.  Prepared and presented technical proposals for clients.  Presented solutions to complex design problems in presentations, click-through prototypes and design specifications.  Drove the alignment of business requirements, user-centered design methodology and technology factors to create successful UI/UX designs.  Conducted usability testing and integrated feedback into revisions.""},{""primary_technologies"":[""html/css/javascript"",""Laravel"",""Codelgniter"",""Express js"",""Adonisjs""],""company_name"":""DigitalAmic FZ-LLC"",""job_title"":""Software Engineer (Remote),"",""location"":""Dubai"",""start_date"":""2020-04-23"",""end_date"":""2021-03-05"",""description"":"" Wrote server-side and client-side code for several projects using PHP/Nodejs, HTML, CSS and JavaScript, specifically with Laravel, CodeIgniter, Expressjs and Adonisjs frameworks.  Developed back-end components to connect applications with web services.  Performed troubleshooting of technical issues within production environment.  Integrated several different APIs such as Youtube, Facebook, Instagram and Autoresponders (like GetResponse and SendGrid) to framework.  Monitored and tested application performance to identify potential bottlenecks, develop solutions, and collaborate with developers on solution implementation.  Managed and monitored all installed systems for highest level of availability.""},{""job_title"":""Back End (Agile) Developer"",""location"":""USA"",""company_name"":""AFTj Digital"",""description"":"" Attended daily standup, backlog, sprint planning/review and retrospective meetings  Designed and coded scalable and robust backend architecture and API endpoints in an Agile environment utilizing a test-driven development approach.  Created and maintained project tasks and schedules.  Provided programming estimates, identified potential problems and recommended alternative solutions.  Worked in close cooperation with project managers and other functional team members to form a team effort in development.  Collaborated with other members of the product development team.  Coordinated configuration of back-end components in support of application development.  Utilized pair programming approach to ensure high quality code."",""start_date"":""2021-09-14"",""end_date"":""2022-03-09""}],""skills"":[{""name"":""HTML/CSS/Javascript"",""years_of_experience"":7,""note"":""Frontend""},{""name"":""PHP/Laravel"",""years_of_experience"":2,""note"":""Backend""},{""name"":""Python/Flask/Django"",""years_of_experience"":5,""note"":""Backend""},{""name"":""Express and Adonis js"",""years_of_experience"":4,""note"":""Frontend""},{""name"":""SQL"",""years_of_experience"":4,""note"":""Database""},{""name"":""AWS"",""years_of_experience"":2,""note"":""Cloud""},{""name"":""Git"",""years_of_experience"":5,""note"":""Collaboration Tools:""},{""name"":""RabbitMQ"",""years_of_experience"":4,""note"":""Queueing Systems:""},{""note"":""Collaboration Tools:"",""name"":""Bitbucket"",""years_of_experience"":3}],""portfolios"":[],""first_name"":""NNOROM"",""last_name"":""IFEANYI"",""email"":""nnoromifeanyi@gmail.com"",""preferred_name"":""IFEANYI"",""pronoun"":""He/Him"",""phone"":""+2347033460929"",""city"":""Abuja"",""preferred_job_title"":""Senior Full Stack Developer"",""professional_start_date"":""2022-03-09""}"
fortnweb@gmail.com,"{""country_code"":""NG"",""educations"":[{""institution_name"":""Adekunle Ajashin University"",""location"":""Nigeria"",""degree"":""Computer Science"",""program"":""Bachelor of Science"",""start_date"":""2015-01-23"",""end_date"":""2019-10-04"",""overview"":""Bachelor of Science""}],""experiences"":[{""primary_technologies"":[""html/css/javascript"",""Php"",""Corel draw"",""JQUERY""],""company_name"":""WIZCHAT"",""location"":""Nigeria"",""job_title"":""Web Master"",""description"":"" Creation of Quiz Portal using PHP from scratch ● Creation of Landing page using PHP from scratch ● Creation of Users Dashboard using PHP from scratch ● Creation of News/Blog Page using PHP from scratch"",""start_date"":""2020-03-05"",""end_date"":""2020-04-23""},{""primary_technologies"":[""Python""],""job_title"":"" Data Analyst"",""company_name"":""AAUA"",""location"":""Nigeria"",""description"":""● Built a machine learning model to detect credit card fraud using python ● Successfully fetch test dataset for training and test model"",""start_date"":""2019-09-06"",""end_date"":""2020-01-23""},{""primary_technologies"":[""PHP"",""XML"",""Git"",""MySQL"",""CorelDraw""],""company_name"":""Afritickets"",""job_title"":""Web Developer"",""location"":"" LAGOS STATE, NIGERIA"",""start_date"":""2018-09-05"",""end_date"":""2019-10-05"",""description"":"" Created REST-API using PHP (for testing) ● Created a Mobile App for Entry management using Android Studio""},{""primary_technologies"":[""Java"",""XML"",""Git""],""company_name"":""Seamfix"",""location"":""LAGOS STATE, NIGERIA"",""job_title"":""Automation Tester"",""start_date"":""2019-09-05"",""end_date"":""2019-01-05"",""description"":""● Created a Selenium package for Web Applications ● Created an Appium modular testing and integration testing using JAVA""},{""primary_technologies"":[""html/css/js"",""PHP"",""orel Draw""],""company_name"":""andi Nigeria"",""start_date"":""2018-01-04"",""end_date"":""2018-06-05"",""location"":""Lagos"",""job_title"":""Web Developer"",""description"":""Creation of E-commerce Website and admin using PHP from scratch ● Creation of Website that automatically creates other E-commerce website""},{""primary_technologies"":[""html/css/js"",""PHP"",""java""],""company_name"":""/ PromptER Nigeria Limited"",""location"":""Ondo"",""job_title"":""Web programmer"",""start_date"":""2019-05-04"",""end_date"":""2019-09-05"",""description"":""● Creation of Company website using PHP from Scratch. ● Creation of Location based prompter Mobile application.""}],""skills"":[{""name"":""HTML/CSS/Javascript"",""years_of_experience"":3,""note"":""Frontend""},{""name"":""PHP"",""years_of_experience"":3,""note"":""Backend""},{""name"":""Git"",""years_of_experience"":1,""note"":""Git""}],""first_name"":""OSEPADEOLU"",""last_name"":""SUNDAY"",""preferred_name"":""SUNDAY"",""pronoun"":""He/Him"",""email"":""sunepastar@gmail.com"",""phone"":""081 0 588 2396"",""preferred_job_title"":""Web Developer/Programmer/Data Analyst - Python"",""professional_start_date"":""2022-03-09"",""city"":""Lagos""}"
fortnweb@gmail.com,"{""country_code"":""NG"",""educations"":[{""institution_name"":"" University of Nigeria"",""degree"":""Mathematics"",""location"":""Enugu"",""overview"":""B.Sc. (Ed.) Mathematics"",""program"":""B.Sc. (Ed.) Mathematics"",""start_date"":""2006-08-09"",""end_date"":""2010-10-05""}],""experiences"":[{""company_name"":"" Fortknox Group Limited"",""location"":""Nigeria"",""job_title"":""Software Developer"",""start_date"":""2021-05-03"",""end_date"":""2022-03-09"",""description"":"" Development of elegant and scalable of web applications.""},{""company_name"":""Envivo Communication Limited"",""location"":""Nigeria"",""job_title"":""Software Engineer"",""description"":""Managing the Backend Team to design backend architecture that makes  development smooth and scalable."",""start_date"":""2020-05-08"",""end_date"":""2020-08-23""},{""job_title"":""IT Officer/Data Analyst"",""company_name"":"" Elvic Professional Services Limited"",""location"":""Nigeria"",""start_date"":""2016-04-02"",""end_date"":""2018-03-03"",""description"":""Managing the company website and collecting data from the clients and  appropriate analysis.""}],""skills"":[{""name"":""PHP"",""years_of_experience"":4,""note"":""Backend""},{""name"":""HTML/CSS/Javascript"",""years_of_experience"":3,""note"":""Frontend""},{""name"":""Laravel"",""years_of_experience"":3,""note"":""Backend""},{""name"":""AWS"",""years_of_experience"":1,""note"":""Cloud""},{""name"":""Vue js"",""years_of_experience"":1,""note"":""Frontend""},{""name"":""Wordpress"",""years_of_experience"":1,""note"":""Website""},{""name"":""MySQL"",""years_of_experience"":4,""note"":""DATABASE""},{""name"":"" Git/Guhub "",""years_of_experience"":1,""note"":""Github""},{""name"":""Heroku"",""years_of_experience"":2,""note"":""heroku""}],""portfolios"":[{""url"":""https://www.github.com/busuyem"",""name"":""Github""},{""url"":"" https://www.linkedin.com/in/busuyem"",""name"":""Linkedin""}],""first_name"":""OWOYEMI"",""last_name"":""BUSUYI"",""preferred_name"":""BUSUYI"",""phone"":""+2348066176064"",""pronoun"":""She/Her"",""email"":""owoyemibusuyi@gmail.com"",""city"":""Lagos"",""preferred_job_title"":""Software Developer"",""professional_start_date"":""2022-03-09""}"
fortnweb@gmail.com,"{""country_code"":""NG"",""educations"":[{""institution_name"":""LAGOS STATE UNIVERSITY"",""location"":""Lagos"",""degree"":""CHEMICAL ENGINEERING"",""program"":""BSc"",""start_date"":""2018-10-05"",""end_date"":""2022-03-09"",""overview"":""Chemical Engineering""}],""experiences"":[],""skills"":[{""name"":""Python"",""years_of_experience"":4,""note"":""Python""},{""name"":""SQL"",""years_of_experience"":3,""note"":""Database""},{""name"":""Dart"",""years_of_experience"":1,""note"":""Dart""},{""name"":""HTML, CSS"",""years_of_experience"":4,""note"":""Frontend""},{""name"":""NODE JS,"",""years_of_experience"":0,""note"":""Backend""},{""name"":""React"",""years_of_experience"":3,""note"":""Frontend""},{""name"":""Laravel"",""years_of_experience"":2,""note"":""Backend""},{""name"":""Flutter"",""years_of_experience"":2,""note"":""Mobile""}],""first_name"":""Qazeem"",""last_name"":""Qudus"",""preferred_name"":""Qudus"",""pronoun"":""He/Him"",""email"":""qudusqazeem@gmail.com"",""phone"":""+2348103963814"",""city"":""Lagos"",""preferred_job_title"":""Software Developer"",""professional_start_date"":""2022-03-07""}"
fortnweb@gmail.com,"{""country_code"":""NG"",""educations"":[{""institution_name"":""Lagos State University"",""location"":""Lagos"",""degree"":""Electronic and Computer Engineering"",""program"":""Bachelor’s Degree"",""start_date"":""2013-08-06"",""end_date"":""2018-08-05"",""overview"":""Bachelor’s Degree, Electronic and Computer Engineerin""}],""experiences"":[{""primary_technologies"":[""Yii"",""Angular js"",""Docker"",""GCP"",""Kubernetes"",""MySql"",""Redis"",""Node js"",""Javascript"",""Nest js"",""PHP"",""Typescript"",""Graph QL""],""company_name"":""Konga Online Shopping Ltd"",""location"":""Lagos"",""job_title"":""Software Engineer"",""start_date"":""2020-10-23"",""end_date"":""2022-03-10"",""description"":""- I work with different development teams to build, manage and improve software application for the largest e-commerce space in Nigeria. - Tools and tech stacks: Yii, Angularjs, Docker, GCP, Kubernetes, MySQL, Redis, Node.js, Javascript, PHP, Nestjs, Reactjs, Typescript, GraphQL""},{""job_title"":""Back End Developer"",""company_name"":""Hotels.ng"",""location"":""Remote"",""start_date"":""2020-06-15"",""end_date"":""2020-09-15"",""description"":""- Worked remotely with the Frontend and DevOps team to improve user and product experience. - Lead my team to complete products, named GetViral and FundMyLaptop.""},{""company_name"":""Deltaque Nigeria Limited"",""location"":""Nigeria"",""job_title"":""Software Engineer"",""start_date"":""2018-11-20"",""end_date"":""2018-12-05"",""description"":""- Worked closely with the software team lead to gather and deliver software requirements to meet company's goal - Redesigned the Deltaque website""}],""skills"":[{""name"":""PHP/Laravel"",""years_of_experience"":3,""note"":""Backend""},{""name"":""SQL"",""years_of_experience"":3,""note"":""Database""},{""name"":""Kubernetes"",""years_of_experience"":3,""note"":""Deployment""},{""name"":""MongoDB"",""years_of_experience"":2,""note"":""Database""},{""name"":""Vuejs"",""years_of_experience"":2,""note"":""Frontend""},{""name"":""Reactjs"",""years_of_experience"":3,""note"":""Frontend""},{""name"":""NodeJs"",""years_of_experience"":2,""note"":""Backend""},{""name"":""Docker"",""years_of_experience"":2,""note"":""Docker""},{""name"":""Heroku"",""years_of_experience"":3,""note"":""Hosting""},{""name"":""PostgreSQL"",""years_of_experience"":2,""note"":""Database""}],""portfolios"":[{""url"":""inkedin.com/in/adesoji-awobajo"",""name"":""Linkedin""}],""first_name"":""Adesoji"",""last_name"":""Awobajo"",""preferred_name"":""Awobajo"",""phone"":""2348185820902"",""pronoun"":""He/Him"",""email"":""Adesojiawobajo@gamil.com"",""city"":""Lagos"",""preferred_job_title"":""Full Stack Developer"",""professional_start_date"":""2022-03-10""}"
fortnweb@gmail.com,"{""country_code"":""NG"",""educations"":[{""degree"":""Computer Science"",""institution_name"":""Kaduna State University"",""location"":""Kaduna "",""program"":""Bachelor of Science:"",""overview"":""Bachelor of Science: Computer Science"",""start_date"":""2015-10-05"",""end_date"":""2019-10-13""},{""program"":""National Diploma:"",""degree"":""Computer Science"",""location"":""Kaduna"",""institution_name"":""Kaduna Polytechnic"",""start_date"":""2012-07-04"",""end_date"":""2014-10-05"",""overview"":""National Diploma: Computer Science""}],""experiences"":[{""company_name"":""JobMatchHub"",""location"":""Lagos,"",""job_title"":""Full Stack Developer,"",""start_date"":""2020-07-14"",""end_date"":""2022-03-10"",""description"":"" Working as a full-stack developer to develop and manage both front-end and back-end of a job recruitment platform.""},{""primary_technologies"":[""React Native"",""MongoDB"",""Electron js"",""Realm""],""company_name"":""Lexington Technologies"",""location"":""Kaduna"",""job_title"":""Lead Software Developer"",""start_date"":""2019-12-12"",""end_date"":""2020-06-12"",""description"":""Lead a team of 5 full-stack developers in the development of an offline-first healthcare software deployed across multiple platforms including desktop (using Electron.js & MongoDB Realm), web (using MERN Stack) and mobile (using React Native) meeting highest standards for user experience, best practices and speed.""},{""primary_technologies"":[""Laravel"",""Vue ""],""job_title"":""Lead Software Developer"",""company_name"":""Dixre"",""location"":""Kaduna"",""start_date"":""2016-06-14"",""end_date"":""2019-09-23"",""description"":"" Worked with Laravel & Vue.js to develop custom web applications for clients.  Built user interface, data visualizations and designed overall user experience, resulting in 20% increase in product sales.""},{""primary_technologies"":[""PHP"",""MySql""],""company_name"":""Luday"",""location"":""Stockholm, Sweden"",""job_title"":""Joomla Developer,"",""start_date"":""2015-01-14"",""end_date"":""2016-03-05"",""description"":""Worked on customizing a Joomla project using PHP & MySQL to maintain web application security and efficiency.""},{""company_name"":""Inab Microsystems"",""location"":""Kaduna,"",""job_title"":""Web Developer"",""start_date"":""2014-01-17"",""end_date"":""2014-12-18"",""description"":""Worked as a full-stack developer designing Wordpress websites and developing custom web applications for clients.""}],""skills"":[{""name"":""PHP/Laravel"",""years_of_experience"":7,""note"":""backend""},{""name"":""MySQL"",""years_of_experience"":7,""note"":""Database""},{""name"":""Vue js"",""years_of_experience"":4,""note"":""Frontend""},{""name"":""Python"",""years_of_experience"":4,""note"":""Python""},{""name"":""MongoDB"",""years_of_experience"":1,""note"":""Database""},{""name"":""Electron.js"",""years_of_experience"":1,""note"":""JAVASCRIPT""},{""name"":""Github"",""years_of_experience"":5,""note"":""Github""},{""name"":""WordPress"",""years_of_experience"":0,""note"":""Website Design""}],""portfolios"":[{""name"":""Github"",""url"":""https://github.com/samaila-bashir""},{""name"":""Linkedin"",""url"":""https://www.linkedin.com/in/samaila-bashir""}],""first_name"":""SAMAILA"",""last_name"":""BASHIR"",""preferred_name"":""BASHIR"",""pronoun"":""He/Him"",""email"":""chattobashir@gmail.com"",""phone"":""+2347036183471"",""city"":""Kaduna,"",""preferred_job_title"":""Software Developer"",""professional_start_date"":""2022-03-11""}"
fortnweb@gmail.com,"{""country_code"":""NG"",""educations"":[{""institution_name"":""University Of Nigeria"",""location"":""Nsukka"",""degree"":"" Computer Science and Statistics."",""program"":""Bachelor Of Science"",""overview"":""Bachelor Of Science in Computer Science and Statistics."",""start_date"":""2015-10-07"",""end_date"":""2019-10-17""}],""experiences"":[{""job_title"":""Software Developer"",""company_name"":""Data Analytic Automation Co."",""location"":""Lagos"",""start_date"":""2021-03-12"",""end_date"":""2021-09-05"",""description"":""• Identified, tracked, and fixed critical bugs across data connectors for multiple data sources using Jira and Rally as reporting tools. • Automated, hardened, and deployed multiple integration, unit, and regression tests, ensuring system conformity with all related standards, guidelines, and customer requirements. • Identified improvements for excel data parsing, increasing the overall computational efficiency by 10%. • Proposed and implemented fixes for software security risks.""},{""primary_technologies"":[""html/css/javascript"",""AJAX"",""JSON""],""company_name"":""yragle LL"",""location"":""Enugu"",""job_title"":""Fullstack Engineer"",""start_date"":""2020-07-12"",""end_date"":""2021-02-12"",""description"":""• Established and maintained productive working relationships with teams remotely to resolve operational difficulties and promote a collaborative approach to customer service provision. This led to a reduction in total development time by 50%. • Used Node.js to develop a WebSocket live video streaming server that handled over 100 concurrent connections for a live lecture. • Tested and reviewed website design for responsiveness, clarity, and effectiveness. • Planned website development, converting mockups into usable web presence with HTML, JavaScript, AJAX, and JSON. • Collaborated with the marketing department to determine the organizational need and design pages to meet goals, improving customer satisfaction by 20%. • Established presentation consistency across Chrome, Safari, Firefox, and other common browser interfaces.""},{""primary_technologies"":[""PHP""],""company_name"":""yragle "",""location"":""Enugu"",""job_title"":""Backend Engineer"",""start_date"":""2019-10-10"",""end_date"":""2020-06-12"",""description"":""• Developed a high-speed C++ fingerprint matching server to authenticate voters using fingerprints in a biometric e-voting election. This was used to authenticate over 24,000 fingerprints, each matching in less than 0.3 seconds. • Built a microservice that generates acknowledgment receipt sent as a PDF attachment to voters' emails once the voting process is complete. This increased the voters' trust in the transparency of the platform by 45%. • Used built-in Symfony components and PHP functions to sanitize passport image upload to the back end, providing 100% protection against malicious uploads. • Devised an auto-documentation microservice for all API endpoints, detailing all aspects, functions, capabilities, and features. This reduced the manual effort by 95%. • Developed a PHP extension for matching biometric fingerprints on a web server.""}],""skills"":[{""name"":""PHP/Laravel"",""years_of_experience"":4,""note"":""Backend""},{""name"":""HTML/CSS/Javascript"",""years_of_experience"":3,""note"":""Frontend""},{""name"":""Vue js"",""years_of_experience"":2,""note"":""Frontend""},{""name"":""Node js"",""years_of_experience"":-2,""note"":""Backend""}],""portfolios"":[{""url"":""github.com/cintrust |Gitlab.com/Cintrust"",""name"":""Github""}],""first_name"":""Trust"",""last_name"":""Nwabiakaraije"",""preferred_name"":""Trust"",""pronoun"":""He/Him"",""preferred_job_title"":""Backend Developer"",""email"":""NaN@email.com"",""phone"":""NaN"",""city"":""Enugu"",""professional_start_date"":""2022-03-10""}"
fortnweb@gmail.com,"{""country_code"":""NG"",""educations"":[{""institution_name"":""Abubakar  Tafawa Balewa University"",""location"":""Nigeria"",""degree"":""Computer and Communications Engineering, "",""program"":""BSc"",""start_date"":""2015-04-12"",""end_date"":""2019-05-22"",""overview"":""• Computing in the Modern World • Algorithmic Design • Digital Logic Design • Computing Architecture • UNIX/LINUX Fundamentals • Introduction to Software Engineering • Robotic Applications and Design • Operating Systems • Embedded Systems • Computer Systems Engineering • Data Structure and Algorithms • Computer Networks • Electrical Science • Circuits • Signals and Systems • Electronics • Professional Issues in Comp""},{""institution_name"":""Federal  Polytechnic Bauchi"",""location"":""Bauchi"",""degree"":""Electrical Electronics Technology"",""program"":""National Diploma"",""start_date"":""2011-03-09"",""end_date"":""2012-12-23"",""overview"":"" The modeling of the ear as an electrical system in order to study hearing for speech perception; • Optics (lasers, fiber optics); • Digital and analog electronics design; • Image processing; • Data, computer, and audio and video communication networks; • Fusion related magnetic research; • The relation of electrical engineering to biology and medical applications; • Systems to control things electronically. • Power system engineering; • High voltage research; • Chip manufacturing and design techniques (VLSI);""}],""experiences"":[{""primary_technologies"":[""PHP""],""company_name"":""SAULTECH"",""location"":""Nigeria"",""job_title"":""PHP Web Developer"",""start_date"":""2018-01-23"",""end_date"":""2021-01-09"",""description"":"" Write “clean”, well-designed code • Produce detailed specifications • Troubleshoot, test and maintain the core product software and databases to ensure strong optimization  and functionality • Contribute in all phases of the development lifecycle • Follow industry best practices • Develop and deploy new features to facilitate related procedures and tools if necessary""}],""skills"":[{""name"":""PHP/Laravel"",""years_of_experience"":4,""note"":""Backend""},{""name"":""HTML/CSS/Javascript"",""years_of_experience"":2,""note"":""Web""},{""name"":""React"",""years_of_experience"":-1,""note"":""Frontend""},{""name"":""NoSQL"",""years_of_experience"":-1,""note"":""Database""},{""name"":""Rest APIs"",""years_of_experience"":0,""note"":""API""},{""name"":""MongoDB"",""years_of_experience"":1,""note"":""Database""}],""portfolios"":[{""name"":""Linkedin"",""url"":""https://www.linkedin.com/in/shadrach-adamu-195960143""},{""name"":""Github"",""url"":""https://github.com/demoxie""}],""first_name"":""Shadrach"",""last_name"":""Adamu"",""preferred_name"":""Adamu"",""pronoun"":""He/Him"",""city"":""Gombe"",""phone"":""07067659632"",""email"":""shadrachadamuul@gmail.com"",""preferred_job_title"":""Software Engineer"",""professional_start_date"":""2022-03-10""}"
fortnweb@gmail.com,"{""country_code"":""NG"",""educations"":[{""institution_name"":""Ebonyi State University, Abakaliki"",""location"":""Ebonyi"",""degree"":""Computer Science"",""program"":""B.sc"",""start_date"":""2013-10-04"",""end_date"":""2017-09-22"",""overview"":""Obtained a First Class degree Majored in algorithm, data structures and programming courses • President, National Association of Computer science Students(NACOSS), EBSU(2017) • Secretary, Association of Computing machinery (ACM), EBSU (2017)""}],""experiences"":[{""primary_technologies"":[""Node js""],""job_title"":""Software Developer"",""company_name"":""ATB Tech solutions"",""location"":""NG"",""start_date"":""2021-07-04"",""end_date"":""2022-03-11"",""description"":""• Building APIs for microservice applications using Node Js • Integration and maintenance of Third Party API such as Google Mailing, Office 360 , One Signal, Mailgun, Facebook, Twitter, Whatsapp etc. • Managing Workflows using Jira, bitbucket . • Writing test using mocha, chia, nyc and sinon""},{""primary_technologies"":[""React Native"",""Java""],""job_title"":""Research and Developer Intern"",""company_name"":""Persuasive Computing Lab, Dalhousie,"",""location"":""Canada"",""start_date"":""2021-07-12"",""end_date"":""2021-11-14"",""description"":""• Development of AR/VR Applications using React Native, Android Studio using Java • Assisting in Researches.""},{""primary_technologies"":[""PHP"",""React js"",""Html/css/javascript""],""job_title"":""Software Developer"",""company_name"":""Directorate of Management Information System, Federal university of Lafia"",""location"":""Nasarawa"",""start_date"":""2020-05-02"",""end_date"":""2021-07-08"",""description"":""• Completed the development of the Nigeria society of physical science (NSPS) conference registration site with auto acceptance letter generation and auto conference tag generation. • Assisted in design of the school website using CSS, JavaScript which led to an increase in the efficiency of the site. • Completed the development of post-graduate admission application and processing portal using PHP and React JS. • Developing the post-graduate result management system which includes research supervision system using PHP and React JS. • Integration of Third Party APIs such as Paystack, Remita , etc. • Building of frontend Application using React JS, Redux • Building of backend APIs using PHP""},{""primary_technologies"":[""Node js"",""Mongo DB"",""React js"",""Next js""],""job_title"":""Backend Engineer"",""location"":""Abakaliki"",""company_name"":""BestSoft technologies,"",""start_date"":""2017-05-05"",""end_date"":""2018-08-04"",""description"":""• Supported implementation of modules in several software development projects using Node Js and React Js (Next Js). • Integrated MongoDB to Node JS projects using mongoose. • Integration of Third Party APIs such as Zoom Video call""}],""skills"":[{""name"":""Node js"",""years_of_experience"":4,""note"":""Backend""},{""name"":""MongoDB"",""years_of_experience"":4,""note"":""Database""},{""name"":""Next js"",""years_of_experience"":4,""note"":""Javascript""},{""name"":""PHP"",""years_of_experience"":2,""note"":""Backend""},{""name"":""MySQL"",""years_of_experience"":1,""note"":""Database""},{""name"":""Github"",""years_of_experience"":2,""note"":""Github""},{""name"":""IBM Cloud"",""years_of_experience"":2,""note"":""Cloud""}],""portfolios"":[{""name"":""Linkedin"",""url"":""https://linkedin.com/in/stanley-nduaguibe-22a41b140""},{""name"":""Github"",""url"":""https://github.com/chzdo""}],""first_name"":""NDUAGUIBE"",""last_name"":""STANLEY"",""preferred_name"":""STANLEY"",""pronoun"":""He/Him"",""email"":""chido.nduaguibe@gmail.com"",""phone"":""07050704721"",""city"":""Lagos"",""preferred_job_title"":""Software Developer"",""professional_start_date"":""2022-03-11""}"
fortune.nwankwo@10hourlabs.com,"{""country_code"":""NG"",""educations"":[{""institution_name"":""University Of Nigeria"",""location"":""Enugu"",""degree"":""Electronic Engineering"",""program"":""BEng"",""start_date"":""2011-10-08"",""end_date"":""2016-09-23"",""overview"":""Bachelor of Engineering: Electronic Engineering""}],""experiences"":[{""primary_technologies"":[""React js"",""Html/Css"",""Wordpress""],""company_name"":""Binary Hills,"",""location"":""Enugu"",""job_title"":""Senior Web Developer"",""start_date"":""2020-01-12"",""end_date"":""2022-03-15"",""description"":""• Built and maintaining updates on the Xend Finance Learn blog on WordPress. • Built and maintaining the Ogwugo admin dashboard for managing and fulfilling online and offline orders on React JS. • Built and maintaining the Geena online web store template using HTML and JS.""},{""primary_technologies"":[],""company_name"":""Ugarsoft Limited,"",""location"":""Enugu"",""job_title"":""Web Developer"",""start_date"":""2016-10-23"",""end_date"":""2017-02-14"",""description"":""• Cooperate with designers to create clean interfaces and simple, intuitive interactions and experiences. • Develop project concepts and maintain optimal workflow. • Improved load time of websites and web applications. • Matched content to customer specifications through skilled design, writing, and editing. • Trained team members and mentored on important procedures. • Worked effectively with a diverse team to accomplish daily objectives and meet long-term goals.""}],""skills"":[{""name"":""React js"",""years_of_experience"":-4,""note"":""Frontend""},{""name"":""Python"",""years_of_experience"":2,""note"":""Python""},{""name"":""Html/Css"",""years_of_experience"":4,""note"":""Frontend""}],""first_name"":""ABAFOR"",""last_name"":""AMALACHUKWU"",""preferred_name"":""AMALACHUKWU"",""pronoun"":""He/Him"",""email"":""amyabafor013@gmail.com"",""phone"":""08162027522"",""city"":""Enugu"",""preferred_job_title"":""Senior Web Developer"",""professional_start_date"":""2022-03-15""}"
fortune.nwankwo@10hourlabs.com,"{""country_code"":""NG"",""educations"":[{""institution_name"":""Lagos State University"",""location"":""Lagos"",""degree"":""Electronic and Computer Engineering"",""program"":""BSc"",""overview"":""BSc (Electronic and Computer Engineering)"",""start_date"":""2915-11-09"",""end_date"":""2020-12-04""}],""experiences"":[{""company_name"":""Divergent Innovation Hub"",""location"":""Nigeria"",""job_title"":""Front-End Developer (Intern)"",""start_date"":""2019-11-16"",""end_date"":""2020-03-05"",""description"":""Internship""},{""primary_technologies"":[""React"",""Typescript""],""company_name"":""Cheapreats"",""location"":""Toronto"",""job_title"":""Frontend developer"",""start_date"":""2020-07-23"",""end_date"":""2020-08-28"",""description"":""Worked on cheapreat UI library with react, typescript, styled-components et.c Worked on the company's dashboard""},{""company_name"":""TechGen Africa"",""job_title"":""Frontend developer"",""location"":""Lagos, Nigeria"",""start_date"":""2020-06-05"",""end_date"":""2020-10-05"",""description"":""STEM Education Training""},{""company_name"":""Ligosmart"",""location"":""Lagos"",""job_title"":""Frontend Developer"",""start_date"":""2020-07-08"",""description"":""Worked on the company's dashboard and website""},{""company_name"":""Tropixel BS Limited"",""location"":""Lagos"",""job_title"":""Frontend Developer"",""description"":""Worked on the dashboard of the product flycash frontend development and API integration (https://app.flycash.ng)"",""start_date"":""2021-03-05"",""end_date"":""2022-03-02""}],""skills"":[{""name"":""Html/Css/Javascript"",""years_of_experience"":-2,""note"":""Frontend""},{""name"":""React js"",""years_of_experience"":0,""note"":""Frontend""},{""name"":""GraphQL"",""years_of_experience"":-2,""note"":""v""},{""name"":""Git"",""years_of_experience"":2,""note"":""Github""}],""portfolios"":[{""name"":""Github"",""url"":""github.com/aminajao""}],""first_name"":""Al-Amin"",""last_name"":""Ajao"",""preferred_job_title"":""Frontend Engineer"",""phone"":""+2348125306468"",""email"":""aminajao96@gmail.com"",""pronoun"":""He/Him"",""preferred_name"":""Ajao"",""city"":""Lagos"",""professional_start_date"":""2022-03-15""}"
fortune.nwankwo@10hourlabs.com,"{""country_code"":""NG"",""educations"":[{""institution_name"":""Lagos State Polytechnic"",""location"":""Lagos"",""degree"":""Computer Science"",""program"":""Higher National Diploma"",""start_date"":""2018-08-12"",""end_date"":""2020-09-15"",""overview"":""Higher National Diploma in Computer Science""}],""experiences"":[{""primary_technologies"":[""React js"",""Vue js"",""PostgreSQL"",""MySQL"",""Graphql"",""Flutter"",""Firebase"",""PHP/Laravel"",""Rest API"",""Node js"",""Azure"",""Heroku""],""job_title"":""Full Stack Developer"",""company_name"":""Reachtech Solutions"",""location"":""Gambia"",""start_date"":""2020-04-12"",""end_date"":""2022-03-16"",""description"":""● Managed the development and maintenance of 2 e-commerce platforms. ● Built several modern applications using React, Vue.js, Laravel, Gatsby, PostgreSQL, and MySQL. ● Handled the structuring of multiple internal systems, production workflow, as well as design custom Graphql and REST API built with Laravel and Node.js ● Carried out continuous integration and deployment of developed applications to AWS infrastructures, Microsoft azure, Netlify Heroku, etc. ● Contributed to the full cycle of project delivery from analysis and design to development, testing, and operations. ● Developed mobile application with Flutter and Firebase functions""},{""primary_technologies"":[""PHP/Laravel"",""Vue js"",""Gatsby"",""HTML/CSS/Javascript""],""job_title"":""Full Stack Developer"",""location"":""Lagos"",""company_name"":""PhosMobile"",""start_date"":""2019-03-02"",""end_date"":""2020-06-12"",""description"":""● Built modern applications with React, Vue.js, Laravel, Gatsby, PostgreSQL, and MySQL. ● Designed and built mobile applications using Flutter. ● Updated the continuous integration/deployment of scripts necessary to improve continuous integration best practices ● Identified minimal viable product and decomposed feature set into small scoped users’ stories while liaising with the product owner which led to more effectiveness of the product. ● Managed full project delivery phase of mobile applications and software systems.● Designed website structure and layout for multiple projects. ● Built web application with PHP, JavaScript, html5, CSS, MySQL ● Deployment of developed application to shared hosting. ● Carried out graphic designing projects and produced designs for websites. ● Aligned websites SEO principles while deploying social media marketing skills.""}],""skills"":[{""name"":""SQL"",""years_of_experience"":3,""note"":""Database""},{""name"":""PHP/Laravel"",""years_of_experience"":1,""note"":""Backend""},{""name"":""Node js"",""years_of_experience"":2,""note"":""Backend""},{""name"":""Vue js"",""years_of_experience"":3,""note"":""Frontend""},{""name"":""React js"",""years_of_experience"":1,""note"":""Frontend""},{""name"":""Git"",""years_of_experience"":1,""note"":""Github""},{""name"":""Flutter"",""years_of_experience"":3,""note"":""Mobile Development""}],""first_name"":""ENWEMASOR"",""last_name"":""BARNABAS"",""preferred_name"":""EJIOFOR"",""city"":""Lagos"",""phone"":""+2349096006817"",""email"":""enwemasorbarnabs@gmail.com"",""pronoun"":""He/Him"",""preferred_job_title"":""Full Stack Developer & Software Engineer"",""professional_start_date"":""2022-03-16""}"
fortune.nwankwo@10hourlabs.com,"{""country_code"":""NG"",""educations"":[{""institution_name"":""Micheal Okpara University"",""location"":""Nigeria"",""degree"":""Biochemistry"",""program"":""BSc"",""start_date"":""2013-09-12"",""end_date"":""2017-04-22"",""overview"":""Bsc""},{""degree"":""Software Engineering"",""location"":""Lagos"",""institution_name"":""Stutern Institute,"",""start_date"":""2018-06-12"",""end_date"":""2020-01-23"",""overview"":""Computer"",""program"":""Software Engineering""}],""experiences"":[{""primary_technologies"":[],""company_name"":""Kachinger"",""job_title"":""Lead Solutions Architect"",""location"":""Ng"",""start_date"":""2021-01-04"",""end_date"":""2021-01-30"",""description"":""• Was in charge of relevant documentation such as: Project related documentation, Organizational training documentation, PPQA documentation, SEPG documentation , SRS documentation, and other related documentation using MS Share Point. • Managed product development process using Agile Scrum, and Collaboration tools like JIRA, Confluence, BookStack, Notion. Also Planned work flows using Git which serves as our central repository. • Built Scrum templates to suit the organizations' needs, Performed daily stand up sessions as required for products. • Oversee an IT team of 30 developers, Implemented Test Driven Development (TDD) experience to the team using End to End testing methods. • Oversee and participated in the mobile and web app development. • Discuss project progress with customers, collect feedback on different stages, and directly address concerns. • Review project specifications and design technology solutions that meet or exceed client expectations.""},{""primary_technologies"":[""React js "",""React native"",""Redux"",""MongoDB"",""Node Js"",""RESTAPI""],""job_title"":""Lead Mobile Front -End Software Engineer/ Systems Engineer"",""company_name"":""Platform Capital,"",""location"":""Lagos"",""start_date"":""2020-05-12"",""end_date"":""2020-12-23"",""description"":""• Define, manage and improve the software and product development processes by working closely with team members and team lead .  Details 21 Salawu Street, Surulere Lagos Nigeria +2348165177599 ozuruobinna@gmail.com N AT I O N A L I T Y Nigerian P L A C E O F B I R T H Abia Links Github Codepen.io Repl.it Website Tech Stacks Agile Project Management HTML5/CSS3/SASS JavaScript Typescript React Native Node.Js React.Js/Redux Flutter Git SQL (PostgreSQL, MySQL) NoSQL (MOngoDb) Software testing and Debugging Collaboration & Teamwork RESTAPI GraphQL  • Set up CI/CD pipeline for all portals and systems reducing deployment error rates by almost 95%.which in turn increased developer confidence in deployments. • I was involved in the development and structuring of High Tech Mobile Applications (Cross Platform) Android and iOS : Ranging from Investment Apps, Logistics Apps, Finance Apps, Entertainment Apps, Social Media, E-Commerce Apps • Converted designs from Adobe XD & Figma to code with exactness and responsiveness. • Gather and define customer requirements to develop clear specifications for creating well-organized project plans.""},{""job_title"":""Full Stack Software Engineer"",""company_name"":""Oz Technologies"",""location"":""Lagos"",""description"":""Working at Oz Technologies I was part of developing financial applications Front-end & Back-end, used by millions across Africa, this has exposed me to using new technologies to develop robust software. Created APIs for frontend development. Integrated with payment gateways (STRIPE and MONNIFY) to process user’s data and to handle ATM card transactions. Was involved in the development of some parts of the Rest API. Was involved in the design and implementation of the database schemas. Optimization of responses from the API server Documentation of API which made consuming of endpoints easier. Developed an in-memory database system which made the company process data bit faster than regular databases. This includes Kolopay.com, Zenith Mobile Banking Gambia, Bolefestival.africa etc.. Built modern applications"",""start_date"":""2018-01-04"",""end_date"":""2020-03-12""},{""primary_technologies"":[""Rest API""],""job_title"":""Software Engineer"",""location"":""Rives"",""company_name"":""Rivers State ICT Department"",""start_date"":""2017-08-09"",""end_date"":""2018-02-12"",""description"":""• Maintained existing applications. • Collaborated on projects and innovations.  Docker JIRA AngularJS / Ionic 5 Microsoft Power BI  Hobbies Coding, Travelling, Reading, Playing Guitar. Languages English French  • Created and maintained a back-end API that served as a web hook to a 3rd party site (TypeForm / Google Form) which managed event data from respondents and rewarded them. • Built RESTful APIs and web interfaces. • Created and managed the back-end for a portal (a volunteer management system) for Rivers State Government, Nigeria. • Continuously identified, measured, and improved processes""}],""skills"":[{""name"":""HTML5/CSS3/SASS"",""years_of_experience"":4,""note"":""Frontend""},{""name"":""JavaScript"",""years_of_experience"":1,""note"":""Frontend""},{""name"":""Typescript"",""years_of_experience"":3,""note"":""Typescript""},{""name"":""React Native"",""years_of_experience"":3,""note"":""Frontend""},{""name"":""Node.Js"",""years_of_experience"":2,""note"":""Backend""},{""name"":""React.Js/Redux"",""years_of_experience"":2,""note"":""Frontend""},{""name"":""SQL (PostgreSQL, MySQL)"",""years_of_experience"":2,""note"":""Database""},{""name"":""Flutter"",""years_of_experience"":2,""note"":""Mobile Development""}],""first_name"":""Chukwubuikem"",""last_name"":""Ozurumba"",""preferred_name"":""Ozurumba"",""pronoun"":""He/Him"",""email"":""ozuruobinna@gmail.com"",""phone"":""+2348165177599"",""city"":""Lagos"",""preferred_job_title"":""Software Engineer"",""professional_start_date"":""2022-03-16""}"
fortune.nwankwo@10hourlabs.com,"{""country_code"":""NG"",""educations"":[{""institution_name"":""University Of Ibadan"",""location"":""Ibadan"",""degree"":""Computer Science,"",""program"":""Bsc"",""start_date"":""2014-09-03"",""end_date"":""2018-10-05"",""overview"":""B.Sc. in Computer Science""}],""experiences"":[{""primary_technologies"":[],""company_name"":""Wyyerd Group"",""job_title"":""Software Engineer"",""location"":""Lagos,"",""start_date"":""2020-06-17"",""end_date"":""2022-03-16"",""description"":""⇢ Fetch and display layer data from Vetro on Wyyerd network map. This helped operations know what locations are serviceable and get a broad overview of the Network Points present in a given location. ⇢ Created a user friendly new customer onboarding flow on the management portal which eased customer onboarding to a very large extent. ⇢ Assembled a new customer portal where customers can manage payments for their various services. ⇢ Implemented complex UI designs for managing service orders which was instrumental in achieving a critical milestone in the second quarter of 2021.""},{""primary_technologies"":[""React js "",""Django"",""Vue js"",""Next js"",""AWS""],""company_name"":""Stears"",""location"":""- Lagos, Nigeria"",""job_title"":""Software Engineer"",""start_date"":""2020-03-14"",""end_date"":""2020-04-28"",""description"":""⇢ Designed and developed Stears Election Platform. ⇢ Built, implemented and maintained many user-friendly applications & back-end services using React, Django, NextJs and VueJs, demonstrating service-oriented architecture and focus on client’s needs. ⇢ Move Stears Business database to a managed instance on AWS. ⇢ Removed downtime from deployment on Stears Business by migrating legacy application to Kubernetes.""},{""primary_technologies"":[""PHP"",""Python"",""Java"",""Javascript""],""company_name"":""Andela"",""job_title"":""Software Engineer"",""location"":""Lagos,"",""description"":""⇢ Built, implemented and maintained many user-friendly applications & back-end services using PHP, Python, Java and Javascript, demonstrating service-oriented architecture and focus on client’s needs."",""start_date"":""2020-01-23"",""end_date"":""2020-10-05""},{""primary_technologies"":[""Node js "",""React js"",""Redux"",""Vertex"",""Java"",""Javascript""],""job_title"":""Software Engineer"",""company_name"":""Interswitch Group"",""location"":""Lagos"",""description"":""⇢ Designed and developed the Transfer service portal using Node.js, React and Redux. ⇢ Built, implemented and maintained microservices to aid bank institutions integration with Transfer service platform using Spring Webflux, Vertex and Spring Boot. ⇢ Built, implemented and maintained many user-friendly applications & back-end services using Java and Javascript, demonstrating service-oriented architecture and focus on client’s needs."",""start_date"":""2018-12-04"",""end_date"":""2019-12-09""},{""primary_technologies"":[""Node js "",""Tensorflow"",""PHP"",""Vue js""],""company_name"":""Credit Clan"",""location"":""Lagos"",""job_title"":""Software Engineer"",""start_date"":""2018-01-29"",""end_date"":""2018-11-09"",""description"":""⇢ Developed & maintained the HRMS software as a service using PHP, that is very dynamic and can be modified to serve any use case. ⇢ Created a passport validation plugin using Node.js and Tensorflow. ⇢ Designed and developed a Payroll software as a service using Laravel and VueJs. ⇢ Built, implemented and maintained many user-friendly applications & back-end services using PHP and Javascript, demonstrating service-oriented architecture and focus on client’s needs.""},{""primary_technologies"":[""PHP/Laravel"",""Vue js""],""company_name"":""Innov8-IT"",""location"":""Lagos"",""job_title"":""Software Engineer"",""description"":""⇢ Built, implemented and maintained many user-friendly applications & back-end services using Laravel and VueJs, demonstrating service-oriented architecture and focus on client’s needs."",""start_date"":""2017-02-14"",""end_date"":""2017-12-08""},{""company_name"":""Tiket Mobile"",""location"":""Lagos"",""job_title"":""Software Engineer,"",""start_date"":""2016-06-12"",""end_date"":""2016-08-13"",""description"":""Built, implemented and maintained many user-friendly applications & back-end services using Laravel and Jquery, demonstrating service-oriented architecture and focus on client’s needs.""}],""skills"":[{""name"":""PHP/Laravel"",""years_of_experience"":6,""note"":""Backend""},{""name"":""SQL"",""years_of_experience"":6,""note"":""Database""},{""name"":""Vue js"",""years_of_experience"":0,""note"":""Frontend""},{""name"":""Docker"",""years_of_experience"":2,""note"":""Docker""}],""portfolios"":[{""url"":""https://github.com/Jaymykels"",""name"":""Github""}],""first_name"":""Chukwuemeka"",""last_name"":""Michael"",""preferred_name"":""Ezeokoye"",""email"":""jaymykels69@gmail.com"",""pronoun"":""He/Him"",""phone"":""+2347080387486"",""city"":""Lagos"",""preferred_job_title"":""Software Engineer"",""professional_start_date"":""2022-03-16""}"
fortune.nwankwo@10hourlabs.com,"{""country_code"":""NG"",""educations"":[{""institution_name"":""University of Brussels"",""location"":""Brussels"",""degree"":""BSc"",""program"":""Bachelor of Software Engineering,"",""start_date"":""2011-08-11"",""end_date"":""2015-09-23"",""overview"":""Bachelor of Software Engineering,""}],""experiences"":[{""primary_technologies"":[""Vue js""],""company_name"":""EIM Solutions, INC"",""job_title"":""Full Stack Developer"",""location"":""NaN"",""start_date"":""2021-03-12"",""end_date"":""2022-03-16"",""description"":"" Developing B2BWood web application for EIM Solutions Company.  Build modular and reusable components and libraries  Optimize application for performance  Implement automated testing integrated into development and maintenance workflows using Cypress  Stay up-to-date with all recent developments in the JavaScript and Vue.js space  Keep an eye on security updates and issues found with Vue.js/Laravel and all project dependencies  Propose any upgrades and updates necessary for keeping up with modern security and development best practices""},{""primary_technologies"":[""Ruby on Rails""],""company_name"":""Houseparty, INC"",""job_title"":""Ruby on Rails Developer,"",""location"":""NaN"",""start_date"":""2020-10-13"",""end_date"":""2021-02-17"",""description"":"" Maintain Houseparty.com web site for Houseparty EPIC INC.  Write functional, unit, and integration tests for application quality assurance.  Use version control tool Git and code storage tool Github for added application functionality.  Complete database migrations with Ruby on Rails and ActiveRecord.  Build bespoke application credit card forms and assure payment reliability with Stripe API.  Integrate email functionality in applications by using Sendgrid.""},{""primary_technologies"":[""MySQL"",""Typescript"",""Vue js"",""Laravel""],""job_title"":""Core Developer,"",""company_name"":""VocitOfficial, INC."",""location"":""NaN"",""description"":"" Developed Vocit web application for VocitOfficial Company.  Ensure web site security and ability to interact with multiple APIs and databases  Designed and created a knowledge management platform on a knowledge graph, utilizing a range of technologies, including Vue.js, Typescript, Laravel, and MySql   Work closely with project and product manager, and QA to determine problems, testing methods, and best practices  Optimized company’s complaint handling process by creating and delivering highly efficient app-based solutions"",""start_date"":""2022-03-16""},{""primary_technologies"":[""Bootstrap,"",""Foundation,ipsum""],""company_name"":""WWMobi Tech, INC"",""location"":""NaN"",""job_title"":""Full Stack Developer,"",""start_date"":""2016-04-13"",""end_date"":""2019-01-08"",""description"":"" Developed full-stack applications across various platforms using latest industry-adopted technologies and frameworks  Played a key role in the development, improvement, and operation of web-based software  Gained hands-on expertise in Bootstrap, Foundation, Express and similar back-end Node.js as well as front-end presentation frameworks web application frameworks  Conducted unit and load testing for high profile customer facing applications, which reduced system failure rate by 70%""}],""skills"":[{""name"":""(Vue , React , Next, Nuxt js ) js "",""years_of_experience"":2,""note"":""Frontend Javascript frameworks""},{""name"":""Django, Node js , Ruby on Rails , Laravel/PHP"",""years_of_experience"":4,""note"":""Backend""},{""name"":""SQL"",""years_of_experience"":5,""note"":""Database""},{""name"":""Git, Docker, Jenkins"",""years_of_experience"":3,""note"":""Devops""},{""name"":""AWS, GCP"",""years_of_experience"":-1,""note"":""Cloud""}],""first_name"":""David"",""last_name"":""Kim"",""preferred_name"":""Kim"",""pronoun"":""She/Her"",""email"":""davidkim052894@gmail.com"",""phone"":""+234"",""city"":""Lagos"",""preferred_job_title"":""Full Stack Developer"",""professional_start_date"":""2022-03-16""}"
fortune.nwankwo@10hourlabs.com,"{""country_code"":""NG"",""educations"":[{""degree"":""Computer Science"",""overview"":""Bachelor of Science in Computer Science"",""program"":""Bachelor of Science"",""institution_name"":""Ajayi Crowther University"",""location"":""Ogun State"",""start_date"":""2012-10-09"",""end_date"":""2016-10-16""}],""experiences"":[{""primary_technologies"":[""Next js"",""Nodemailer"",""MongoDb"",""Mobx""],""company_name"":""Solution Influx Limited"",""location"":""Lagos,"",""job_title"":""Software Developer / Tech Lead"",""start_date"":""2020-10-08"",""end_date"":""2022-03-16"",""description"":""Interacted extensively with developers, quality assurance engineers, and project teams regarding scheduling, requirements, design, implementation, testing, and support. ● Provided technical and procedural training to support the team. Projects: Wigtools (https://wigtools.ng) Details: I was involved in the design and development of Wigtools, an eCommerce platform that allows customers to shop in the comfort of their homes. Customers can make payments using their cards or do a bank transfer, compare products and browse per category. As the team lead, I managed sprint meetings with business analysts, reviewed and validated feature requirements, and participated in the state management development for the entire application with other developers. We added features like online and offline (bank transfer) payment methods. Outcome: we improved the overall security of the app by integrating a refresh token and also reducing the expiry date from 80days to 15minutes. The website has the capacity to process 1000+ requests per second. Increased sales for our customers by 20%, widened the customer's scope, and decreased operation costs by 40%. Skills: REACT, PostgreSQL, Mobx, Node, Nodemailer, ICP: Details: ICP is an immigration agency website in Canada that is focused on helping people fast-track or secure their traveling processes easily. We built the admin end to take content management features and look. I led a team of 6 engineers in building this platform using NextJs.  I integrated Mobx to manage the state of the app and also completed some core API calls. Outcome: Fixed a bug that reduced customer's complaints by 85%. Integrated CRM features that give customers the privilege to modify almost 90% of the entire app allowing the app to be totally dynamic and increase customer satisfaction by 90%.""},{""primary_technologies"":[""React js"",""Express "",""Node js"",""MongoDB"",""Redux""],""job_title"":""Lead Software Developer"",""company_name"":""AllSky TechnoMedia and Energy Limited"",""location"":""Ng"",""start_date"":""2019-09-18"",""end_date"":""2020-08-22"",""description"":""Planned and implemented multiple complex project solutions. ● Assist in research, design and development teams in product and delivery projects ● Directed and guided project teams. ● Review other developers' code, provide feedback and develop team knowledge ● Transformed business requirements to the technical design after thorough analysis.""},{""primary_technologies"":[""React js"",""Mobo"",""PHP""],""company_name"":""Wawooh Integrated Services "",""location"":""Lagos"",""job_title"":""Integration Systems Engineer"",""start_date"":""2018-09-22"",""end_date"":""2019-06-12"",""description"":""● Provide back-end support to the customer service team and ensure all technical issues are fixed in a timely manner. ● IT support service ● Site administration and product immersion activities including onboarding process, order management processes, order tracking processes, etc.""},{""primary_technologies"":[""React"",""Redux"",""PHP"",""Art Design"",""Git""],""company_name"":""Benma Innovations"",""location"":""Accra, GH"",""job_title"":""Software Architect"",""start_date"":""2017-01-14"",""description"":""● Oversaw and worked closely with other members of a development team such as programmers and coordinate with the architecture & strategy teams in implementing appropriate software. ● Brainstorming and identifying new platform features and fixes that needed execution while engaging and supporting the team of developers in implementing such features or fixes. ● Communicated business and technology road-maps for software, reviewed designs and provided appropriate solutions to all architecture issues. ● Customer service support ● Conduct technological research on best methodologies, techniques, framework and gathering information and interpreting data ● IT support service""},{""primary_technologies"":[],""company_name"":""Give Me Hope Foundation"",""location"":""Ghana"",""job_title"":""IT Volunteer"",""start_date"":""2018-03-04"",""end_date"":""2018-11-08"",""description"":""IT volunteer""},{""primary_technologies"":[""PHP"",""MySQL"",""HTML"",""JQUERY"",""Ajax""],""company_name"":""Cedarcliff Services"",""location"":""Lagos"",""job_title"":""Software Architect"",""description"":""● Lead evaluation and identifying software solutions for the organizations working with a client to discuss their custom software needs ● Collaborated with other professionals to determine functional and non-functional requirements for new software or applications while developing/documenting technical requirements ● Conducted quality checks of products to ensure software meets all requirements of quality, security, modifiability, etc. ● Monitored technical aspects of production processes for effective software. ● Designed technical presentations in coordination with internal and external partners"",""start_date"":""2015-10-17"",""end_date"":""2016-12-14""}],""skills"":[{""name"":""SQL"",""years_of_experience"":7,""note"":""Database""},{""name"":""HTML"",""years_of_experience"":7,""note"":""Frontend""},{""name"":""Git"",""years_of_experience"":5,""note"":""Github""},{""name"":""Trello"",""years_of_experience"":3,""note"":""Entreprise Architect""},{""name"":""Postman"",""years_of_experience"":3,""note"":""Entreprise Architect""},{""name"":""REST"",""years_of_experience"":-2,""note"":""API""}],""portfolios"":[],""first_name"":""Akinbode"",""last_name"":""Akinniyi"",""preferred_name"":""Akinniyi"",""pronoun"":""He/Him"",""email"":""akinniyibolade7_jna@indeedemail.com"",""phone"":""+234 703-735-1836"",""city"":""Lagos"",""preferred_job_title"":""Software Engineer"",""professional_start_date"":""2022-03-16""}"
fortune.nwankwo@10hourlabs.com,"{""country_code"":""NG"",""experiences"":[{""primary_technologies"":[""Nuxt.JS"",""Vue js""],""job_title"":""Frontend Developer"",""company_name"":""Stranerd"",""location"":""Delaware(US)"",""description"":""● Worked with other Senior developers to build and implement designs ● Implemented Domain-Driven Design (DDD) together with Nuxt.JS and Vue composition API ● Was able to keep up with the ever-changing demands from management as the product evolved and business logic changed"",""start_date"":""2021-06-12"",""end_date"":""2022-03-16""},{""company_name"":""Fortunae"",""job_title"":""Frontend Developer (Contract)"",""location"":""Remote UK"",""description"":""● Assessed and corrected UI/UX design accordingly for technical feasibility ● Implemented best web practices that lead to an increase in site load time and faster site speed ● Implemented pixel perfect design that resulted in happier customers"",""start_date"":""2020-12-08"",""end_date"":""2021-04-12""},{""company_name"":""Scelloo"",""location"":""Remote Lagos"",""job_title"":""Frontend Developer"",""start_date"":""2017-06-12"",""end_date"":""2022-03-16"",""description"":""● Collaborated with product team members to implement new feature developments. ● Mentored and reviewed pull requests from Junior developers ● Performed bug fixes and restructured codebase that lead to lower build time and optimal performance""},{""primary_technologies"":[""Figma"",""Adobe"",""Vue""],""company_name"":""Kromtech"",""location"":""Lagos"",""job_title"":""Full Stack Developer,"",""start_date"":""2019-09-12"",""end_date"":""2021-01-12"",""description"":""● Founded Kromtech and recruited 9 new core members ● Worked directly with stakeholders to build a technical solution to real problems ● Designed UI/UX Solutions using Figma and Adobe XD ● Built stable, scalable, and maintainable codebase using Vue""}],""skills"":[{""name"":""Figma"",""years_of_experience"":5,""note"":""Ui / Ux""},{""name"":""Adobe"",""years_of_experience"":5,""note"":""Ui/Ux""},{""name"":""Vue"",""years_of_experience"":5,""note"":""Frontend""},{""name"":""Nuxt.JS"",""years_of_experience"":1,""note"":""Javascript""}],""portfolios"":[{""name"":""Github"",""url"":""https://kromate.github.io/portfolio""},{""name"":""Github"",""url"":""https://github.com/kromate""}],""first_name"":""Anthony"",""last_name"":""Omoh"",""preferred_name"":""Omoh"",""pronoun"":""He/Him"",""email"":""akpananthony33@gmail.com"",""phone"":""+234"",""city"":""NaN"",""preferred_job_title"":""Full-stack Developer"",""professional_start_date"":""2022-03-16""}"
fortune.nwankwo@10hourlabs.com,"{""country_code"":""NG"",""educations"":[],""experiences"":[{""primary_technologies"":[],""job_title"":""React Developer"",""company_name"":""Datamellon"",""location"":""Lagos"",""start_date"":""2020-04-07"",""end_date"":""0001-01-01"",""description"":""Use my extensive experience with front end development to define the structure and components for the project, making sure they are reusable Keep the code quality high reviewing code from other developers and suggesting improvements Interact with the designer to suggest changes and to make sure the view he has about the design is translated into actual functionality""},{""job_title"":""Devops Engineer"",""location"":""Lagos"",""company_name"":""Datamellon"",""start_date"":""2019-10-09"",""end_date"":""0001-01-01"",""description"":""Replication of current infrastructure to the Disaster Recovery Center. Configuration and management of load balancing infrastructure Full design and implementation of Kubernetes Clusters Full design and implementation of functional CI/CD pipeline for all projects using Jenkins, Bitbucket, and Kubernetes Linux/Unix administration for over 600 Unix servers in a hybrid infrastructure Full design and implementation of ELK + Kafka logging infrastructure Daily Process documentation for record purposes.""},{""job_title"":""Full Stack Developer"",""company_name"":""Zenera Consulting"",""location"":""Lagos"",""start_date"":""2017-06-12"",""end_date"":""2019-06-12"",""description"":""Front End development Design easy user interfaces and great user experiences for the digital platforms of small companies Wordpress development, including themes creation or customization, custom plugins development and training  E-commerce maintenance with Fastcommerce, a Brazilian e- commerce platform  E-commerce development with Magento, customizing preexisting themes Integrate external services such as payment services, delivery, etc into Magento solutions Performed e-mail marketing/ e-newsletter development daily""},{""job_title"":""Full Stack Developer/ IT Manager"",""company_name"":""Ouch Couture Ltd"",""location"":""Lagos"",""start_date"":""2016-03-15"",""end_date"":""2017-07-17"",""description"":""Management of the E-commerce website (Order management, Products Catalog Update, Web banner Update, uploaded extensions to Improve Customer Shopping Experience and site performance) Enhanced brand awareness through creation of a site consistent with advertising campaigns on different platforms including social media Handled IT Related Issues on store-floors,Increased sales by 50 Delivered Newsletter Campaigns Weekly Managed Social media platforms SEO Optimization and Website Advertising Fixed Security bugs and maintained a healthy site""},{""job_title"":""Software Engineer Intern"",""location"":""Lagos"",""company_name"":""Zeesoft Nigeria Lagos Island"",""description"":""Participated in the creation of websites, worked on the backend and linked database to the site. Participated in maintenance of website Web content creation and management using a content management system Created manuals for websites on how to update their site and also held powerpoint presentations to that effect Attended meetings to obtain a workflow on how a site should be developed"",""start_date"":""2019-09-04"",""end_date"":""2019-09-08""}],""skills"":[{""name"":""HTML/CSS/Javascript"",""years_of_experience"":5,""note"":""Frontend""},{""name"":""Typescript"",""years_of_experience"":2,""note"":""Frontend""},{""name"":""Next js"",""years_of_experience"":5,""note"":""Fontend""},{""name"":""React js"",""years_of_experience"":4,""note"":""Frontend""},{""name"":""Vue js"",""years_of_experience"":3,""note"":""Frontend""},{""name"":""Python"",""years_of_experience"":6,""note"":""Backend""},{""name"":""SQL"",""years_of_experience"":6,""note"":""Database""},{""name"":""PHP"",""years_of_experience"":11,""note"":""Backend""},{""name"":""Rubyonrails"",""years_of_experience"":9,""note"":""Backend""},{""name"":""Wordpress"",""years_of_experience"":4,""note"":""CMS""},{""name"":""Git"",""years_of_experience"":5,""note"":""Github""},{""name"":""Docker"",""years_of_experience"":6,""note"":""DevOps""},{""name"":""Jenkins"",""years_of_experience"":5,""note"":""DevOps""}],""first_name"":""OKEKE"",""last_name"":""CHINONYEREM"",""preferred_name"":""CHINONYEREM"",""pronoun"":""She/Her"",""email"":""nonyeremokeke@gmail.com"",""phone"":""+23470353971336"",""city"":""Lagos"",""preferred_job_title"":""Devops Addicted & Full Stack Developer"",""professional_start_date"":""2022-03-16""}"
fortune.nwankwo@10hourlabs.com,"{""country_code"":""us"",""educations"":[{""institution_name"":""SimpliLearn"",""location"":""San Francisco, CA"",""degree"":""Software Engineering & Information Services"",""program"":""MSc"",""start_date"":""2021-01-22"",""end_date"":""0001-01-01"",""overview"":""Masters Degree in Software Engineering & Information Services""},{""institution_name"":""University of Suffolk"",""location"":""Ipswich"",""degree"":""Business Administration"",""program"":""MBa"",""start_date"":""2020-10-09"",""end_date"":""0001-01-01"",""overview"":""Master's in Business Administration""},{""institution_name"":""Lagos State University"",""location"":""Lagos"",""degree"":""Computer Science"",""overview"":""Bachelor's in Computer Science"",""program"":""BSc"",""start_date"":""2002-03-18"",""end_date"":""2006-04-13""}],""experiences"":[{""primary_technologies"":[],""job_title"":""Chief IT Manager & Software Lead"",""company_name"":""VonCap Group Limited"",""location"":""Lagos"",""start_date"":""2019-04-12"",""end_date"":""0001-01-01"",""description"":""• Oversee day-to-day operations of the company • Design strategy and set goals for growth • Maintain budgets and optimize expenses • Set policies and processes • Ensure employees work productively and develop professionally • Organizing required trainings for employee growth and productivity • Oversee recruitment and training of new employees • Evaluate and improve operations and financial performance • Direct the employee assessment process • Prepare regular reports for upper management • Ensure staff follows health and safety regulations • Provide solutions to issues (e.g. profit decline, employee conflicts, loss of business to competitors)""},{""primary_technologies"":[""PHP/Laravel"",""AWS"",""Digital Ocean""],""company_name"":""InstaCraftCannabis.com"",""location"":""New York"",""job_title"":""IT Manager & Full Stack Engineer (Contract Remote)"",""start_date"":""2021-01-15"",""end_date"":""2021-07-18"",""description"":""• Implementation of Agile SCRUM practices on all software development Projects using ASANA and Click Up. • Source Code Management (SCM) using GIT/Bitbucket • Ensure employees work productively and develop professionally through compliance on the Learning culture of the organization. • Oversee recruitment and training of new employees • Direct the employee assessment process • Monitoring and ensuring Pull Request, Code reviews Automation testing using Bitbucket and Bitbucket pipelines. • Development of Software Applications in Codeigniter and Laravel (Php). • Prevent Merge and Rebase conflict on all repository commits • Cloud Server(AWS EC2, Digital Ocean) instance provisioning and administration.""},{""company_name"":""Voncap Limited"",""location"":""Lagos"",""job_title"":""Principal Software Developer & Manager"",""start_date"":""2017-02-12"",""end_date"":""2019-03-18"",""description"":""-Being able to build Land Management Information System used in 4 Major states in Nigeria for Lands Operations and Administrations. -Implementation of digitized system from the old manual processes formerly run by the state. -Real-time integration of payment processes with company -Report generation and predictions for executive decisions -Server Management Processes and operations -Playing advisory role to high government officials in the area of Revenue generation. -Management and the Coordination of staff members""},{""primary_technologies"":[""PHP"",""Java"",""Javascript"",""Html/Css""],""job_title"":""Senior Fullstack Software Developer"",""location"":""Lagos"",""company_name"":""Internet Multimedia Department"",""start_date"":""2014-02-12"",""end_date"":""2016-06-22"",""description"":""• Developing and maintaining the front end functionality of websites. • Directed and organized software development projects • Participating in discussions with clients to clarify what they want. • Designing prototypes for apps and websites. • Maintained constant interaction with clients on a regular basis. • Developed Enterprise application using web technologies: PHP, Java, Javascript, Html5, CSS3,... • Provide guidance to other team members on web development issues. • Developing websites that have a consistent feel and look throughout all web properties. • Providing technical support to end users. • Identifying and correcting software deficiencies. • Devising SEO strategies based around specific keywords. • Developing REST APIs to be consumed by Mobile Applications • Developed & Maintained Full-fledged Content Management System.""},{""job_title"":""ICT Officer"",""company_name"":""INNERCITY MISSIONS OF CHRIST EMBASSY"",""location"":""Lagos"",""start_date"":""2008-01-12"",""end_date"":""2010-03-14"",""description"":""• Social Media Awareness Campaign • Participated in the Yearly Send Portion Initiative for the poor • Basic Graphics Design and Animation • Basic Video Editing on all video messages • Social Media blogging for the ministry • Transcribing of Audio messages""},{""job_title"":""HEAD OF MATHEMATICS"",""company_name"":""Lagooz College"",""location"":""Lagos"",""start_date"":""2006-02-18"",""end_date"":""2008-05-22"",""description"":""• Headed a team of 5 mathematics teachers • Taught Physics and Further mathematics • Trained over 1000 students in math for WAEC • Supervised the Development of 3 Science Laboratory • Volunteer as a West African Examination Invigilator""},{""job_title"":""Head of Science Department"",""company_name"":""EasyFlow College"",""location"":""Lagos"",""start_date"":""2004-01-22"",""end_date"":""2006-01-12"",""description"":""• Headed a team of 8 teachers: Chemistry, Biology, Agricultural Science, Intro Tech and Integrated Science Teachers. • Taught Physics and Further mathematics and General Mathematics • Trained over 1300 mathematics students for WAEC • Prepared over 478 physics students for WAEC • Designed and Supervised the construction of 3 Science Laboratory • Responsible for the Federal, State, WAEC and NECO approval of the school • Responsible for WAEC and NECO preparation structure within the school • Trained and Prepared Students for Physics laboratory practicals and exercises • Consulted for 6 different secondary schools on Physics practicals""}],""skills"":[{""name"":""Java"",""years_of_experience"":5,""note"":""Development""},{""name"":""HTML/CSS/Javascript"",""years_of_experience"":8,""note"":""Web Development""},{""name"":""Laravel"",""years_of_experience"":2,""note"":""Backend""},{""name"":""Angular js"",""years_of_experience"":13,""note"":""Frontend""},{""name"":""jsp"",""years_of_experience"":8,""note"":""jsp""},{""name"":""SQL/MySQL"",""years_of_experience"":10,""note"":""Database""},{""name"":""PHP"",""years_of_experience"":11,""note"":""Development""},{""name"":""Python"",""years_of_experience"":3,""note"":""Development""},{""name"":""Node js"",""years_of_experience"":2,""note"":""Backend""},{""name"":""Git"",""years_of_experience"":5,""note"":""Github""},{""name"":""AWS"",""years_of_experience"":5,""note"":""Cloud""},{""name"":""XML"",""years_of_experience"":9,""note"":""Development""},{""name"":""SCSS"",""years_of_experience"":7,""note"":""SCSS""},{""name"":""React js"",""years_of_experience"":2,""note"":""Frontend""},{""name"":""Ajax"",""years_of_experience"":10,""note"":""Ajax""},{""name"":""Apache"",""years_of_experience"":11,""note"":""Development""}],""portfolios"":[],""first_name"":""David"",""last_name"":""Tobrise"",""preferred_name"":""Tobrise"",""pronoun"":""He/Him"",""email"":""davidolaidetobrise6_8sh@indeedemail.com"",""city"":""us"",""preferred_job_title"":""Full Stack Software Engineer & Manager"",""phone"":""2348035140253"",""professional_start_date"":""2022-03-16""}"
fortune.nwankwo@10hourlabs.com,"{""country_code"":""NG"",""educations"":[{""institution_name"":""University of Ibadan"",""location"":""Ibadan"",""degree"":""Physics Education"",""program"":""BEd"",""overview"":""Undergraduate in Education, Physics Education"",""start_date"":""2013-10-09"",""end_date"":""2017-09-17""}],""experiences"":[{""primary_technologies"":[""React js""],""company_name"":""7th Tower Technologies Limited"",""location"":""Ibadan"",""job_title"":""Tech Lead"",""start_date"":""2020-01-01"",""end_date"":""2021-01-01"",""description"":""◦ Liaised with back end developers, front end developers, quality assurance testers, and CTO as needed. ◦ Managed time-sensitive back end and front end updates, including content changes and new database migrations. ◦ Planned, wrote, and debugged web applications API and mobile applications with complete accuracy. ◦ Spearheaded transition from ASP.net projects to Reactjs, increasing application speed by 30% and database admin effectiveness by 50%""},{""job_title"":""Software Developer"",""company_name"":""Menaget SPC"",""location"":""Manama Bahrain"",""description"":""◦ Worked with different developers and interacted with several clients from different countries on various web and mobile app projects. ◦ Worked within an agile team and helped prioritize and scope feature requests to ensure that the biggest impact features were worked on first ◦ Built extensive test coverage for all new features which reduced the number of customer complaints by 7% ◦ Using Amazon Selling Partner API, built out a Feedback management system for a client web application that increased the number of positive reviews given by buyers by 20% month over month"",""start_date"":""2019-01-01"",""end_date"":""2020-01-01""},{""primary_technologies"":[""Node js"",""MySQL""],""job_title"":""Software Developer"",""company_name"":""BRIGHT INNOVATIONS COMPANY FOR ADVERTISEMENT LLC"",""location"":""Riyadh, SA"",""start_date"":""2019-01-01"",""end_date"":""2020-01-01"",""description"":""◦ Worked alongside another developer to implement RESTful APIs in Node.js that enabled co-branded apps to increase speed by 20%. ◦ Developed a highly visible mobile-app with Ionic and Framework7 to manage customer information and discount offers by the co-branded organisations. ◦ Utilized the Node.js and Express Framework and MySQL to create APIs for both internal and external use reducing the time to ship new co-branded apps and more front-end features by 4%. ◦ Refactored all co-branded and main mobile apps from Ionic Cordova to React-native to improve overall performance of all the apps. ◦ Worked on building new React components for the discount QR-Code engine within the mobile apps which drastically improved the time it takes to scan a discount QR-Code.""},{""primary_technologies"":[""MySQL"",""React js""],""company_name"":""Examian Synergies Ltd"",""location"":""Ibadan"",""job_title"":""React Engineer"",""start_date"":""2017-01-01"",""end_date"":""2020-01-01"",""description"":""◦ Developed full-stack web applications which processed, analyzed, and rendered data visually. ◦ Developed a highly visible web-app for the people operations team to manage all information related  to the organization from structure to compensation to performance feedback using React for front- end and a Node back-end with a MySQL database.  ◦ Worked closely with C-level executives to identify areas of automation for the people ops team leading to automation tools that saved 80 hours of manual work each month. ◦ Trained and mentored a team of 2 junior developers on basic principles of frontend development.""},{""primary_technologies"":[""Unity WebGL""],""company_name"":""Jobi Express Universal Limited"",""job_title"":""Game Developer"",""location"":""Abuja"",""start_date"":""2018-01-01"",""end_date"":""2019-01-01"",""description"":""◦ Built out the user authentication workflow for a Unity2d game in the betting industry using .Net and MySql for backend. ◦ Worked alongside two other developers to build three mobile games in Unity2d+Photon that allowed users to play betting games remotely with other users over the internet. ◦ Created an API system for all the mobile games to manage communications between players, leaderboards, coins purchase and withdrawals and customer support management within the games. ◦ Improved the game speed by 15% for a snooker game that increased user engagements by 30% every month which also resulted in revenue increase. ◦ Developed web version for two games using Unity WebGL engine to extend accessibility to web browser users that generated 10% new users every month.""},{""company_name"":""Meed Networks Limited"",""location"":""Abuja"",""job_title"":""Software Engineer"",""start_date"":""2019-01-01"",""end_date"":""2019-12-12"",""description"":""◦ Maximized applications' efficiency, data quality, scope, operability, and flexibility. ◦ Used various ideas from distributed computing, large-scale design, real-time data processing, data storage, ML, and AI to solve challenging dataset problems. ◦ Managed, optimized, and updated ASP.NET databases as necessary. ◦ Developed app integration with REST APIs for Google Maps, social media logins, payment processors, and other services. ◦ Developed hybrid mobile applications, scanner system using Phonegap and web platform for estate management system.""}],""skills"":[{""name"":""Html/Css/Javascript"",""years_of_experience"":5,""note"":""Frontend""},{""name"":""SQL"",""years_of_experience"":4,""note"":""Database""},{""name"":""React/React Native"",""years_of_experience"":3,""note"":""Frontend""},{""name"":""Node js"",""years_of_experience"":3,""note"":""B""}],""first_name"":""Faaiz"",""last_name"":""Hadaina"",""preferred_name"":""Hadaina"",""pronoun"":""She/Her"",""email"":""faaizhadaina964_num@indeedemail.com"",""phone"":""(+234) 08139656665"",""city"":""Ng"",""preferred_job_title"":""Software Developer"",""professional_start_date"":""0001-01-01""}"
fortune.nwankwo@10hourlabs.com,"{""country_code"":""NG"",""educations"":[{""institution_name"":""Obafemi Awolowo University"",""location"":""Osun"",""degree"":""Electronic Engineering"",""program"":""BSc"",""start_date"":""0001-01-01"",""end_date"":""0001-01-01"",""overview"":""Bachelor of Science in Electronic/Electrical""},{""institution_name"":""University Of Lagos"",""location"":""Lagos"",""degree"":""Electrical/Electronics Engineering"",""program"":""MSc"",""start_date"":""0001-01-01"",""end_date"":""0001-01-01"",""overview"":""Master of Science in Electrical/Electronics Engineering""}],""experiences"":[{""company_name"":""MicroFormats Technologies"",""location"":""Ng"",""job_title"":""Full Stack Developer"",""start_date"":""2018-09-12"",""end_date"":""2021-03-17"",""description"":""● Optimized a web app, \""Foodio\"", to achieve a Lighthouse audit score of 100/100 ● Designed, architected and wrote the front-end of \""Dongo\"", an ecommerce app, using React with over 200+ reusable components ● Mentored and trained new developers on best practices, tools, and workflows ● Developed and reviewed unit tests to ensure code quality is optimum ● Collaborated in a team comprising front and back end developers, QAs, Scrum master, Product manager to deliver digital product on time and within budget""},{""company_name"":""StudioLabs"",""location"":""Ng"",""job_title"":""Freelance Front End Developer"",""start_date"":""2018-01-07"",""end_date"":""2018-07-06"",""description"":""Collaborated with other developers through Gitlab to work on projects like MouthWatch Teledent, Crunch Fitness, FotoSpot App, etc.""},{""primary_technologies"":[""JQuery"",""CSS""],""company_name"":""eHUB"",""location"":""Lagos"",""job_title"":""Web Developer"",""start_date"":""2015-01-06"",""end_date"":""2017-12-18"",""description"":""● Designed and developed front-end code for 20+ websites, using jQuery ● Automated image optimization using Grunt and minified JS and CSS, which reduced page load times by up to 30% ● Translated design wireframes and mockups into responsive interactive features, using HTML/CSS and JavaScript ● Designed and developed 30+ views for a website, Supremeeng.org.ng""},{""primary_technologies"":[""Html/Css"",""Java"",""Javascript""],""job_title"":""Programming instructor"",""company_name"":""Concept Tutors"",""location"":""Ng"",""start_date"":""2012-06-19"",""end_date"":""2014-10-16"",""description"":""● Set up development environment to practice programming ● Prepared coding exercises ● Demonstrated to students how to install various operating systems including Ubuntu, Windows 7, and Windows XP ● Taught students how to use packaged software like Microsoft Excel, Microsoft Word, Microsoft PowerPoint, and Microsoft Access running on different Microsoft operating systems such as XP Professional and Windows 7""}],""skills"":[{""name"":""Html/Css/Javascript"",""years_of_experience"":10,""note"":""Frontend""},{""name"":""React js"",""years_of_experience"":4,""note"":""Frontend""},{""name"":""Node js"",""years_of_experience"":6,""note"":""Backend""},{""name"":""SQL"",""years_of_experience"":5,""note"":""Database""},{""name"":""Express js"",""years_of_experience"":9,""note"":""Backend""},{""name"":""Git"",""years_of_experience"":3,""note"":""Github""},{""name"":""Bootstrap"",""years_of_experience"":6,""note"":""Frontend""},{""name"":""Ajax"",""years_of_experience"":4,""note"":""Ajax""}],""portfolios"":[{""name"":""Github"",""url"":""https://www.github.com/iddaramola""},{""url"":""https://www.linkedin.com/in/idowu-daramola-866a5756"",""name"":""Linkedin""}],""first_name"":""Idowu"",""last_name"":""Daramola"",""preferred_name"":""Daramola"",""pronoun"":""She/Her"",""email"":""idowuolayinkadaramola9_xub@indeedemail.com"",""phone"":""+2348062178102"",""city"":""Lagos"",""preferred_job_title"":""Full Stack Developer"",""professional_start_date"":""0001-01-01""}"
fortune.nwankwo@10hourlabs.com,"{""country_code"":""NG"",""educations"":[],""experiences"":[{""company_name"":""Homeknock Limited"",""location"":""London"",""job_title"":""Full Stack Developer"",""start_date"":""2020-03-12"",""end_date"":""0001-01-01"",""description"":""• Implemented Google Maps in the reactJS app • Display polygons(geoJSON) on the map • Redesign Map screen • Restructure react app for scalability • Deployed an elastic-search instance • Implemented elastic-search with python • Created REST endpoint for interacting with map logic • Used the OSRM project to calculate and filter properties base on the distance matrix • Integrated Google Map APIs in the backend""},{""primary_technologies"":[""MongoDB""],""company_name"":""Unizonn"",""location"":""NaN"",""job_title"":""Backend Developer"",""start_date"":""0001-01-01"",""end_date"":""0001-01-01"",""description"":""• Coding, testing and fixing programming errors. • Database planning and design • Write aggregation pipeline for MongoDB • Testing and validating work produced as part of the development process. • Integrate GraphQL with their express server""},{""primary_technologies"":[""GCP""],""job_title"":""FullStack Developer"",""company_name"":""Coinkudi Limited"",""location"":""NaN"",""start_date"":""2022-01-01"",""end_date"":""0001-01-01"",""description"":""• Creating responsive components for web apps with ReactJs - Wrote backend service with Node JS • Converted from monolith to microservices • Create CI/CD pipeline using Google Cloud services (Cloud Build and Cloud Run) • Wrote Test case for the backend service with mocha - Integrated Bitgo API - Develop new features. - Used site analytics and metrics to define and monitor success. - Migrated from Bitgo to CryptoAPIs""}],""skills"":[{""name"":""Python"",""years_of_experience"":4,""note"":""Development""},{""name"":""SQL"",""years_of_experience"":4,""note"":""Database""},{""name"":""React js"",""years_of_experience"":3,""note"":""Frontend""},{""name"":""Next js"",""years_of_experience"":5,""note"":""Javascript""},{""name"":""GCP"",""years_of_experience"":1,""note"":""Clpoud""}],""portfolios"":[{""name"":""Github"",""url"":""https://github.com/ukor""}],""first_name"":""Jidechi"",""last_name"":""Ukor"",""preferred_name"":""Ukor"",""pronoun"":""He/Him"",""email"":""ukorjidechi974_zjd@indeedemail.com"",""phone"":""08020733007"",""city"":""NaN"",""preferred_job_title"":""Software Developer"",""professional_start_date"":""0001-01-01""}"
fortune.nwankwo@10hourlabs.com,"{""country_code"":""NG"",""educations"":[{""institution_name"":""University Of Ibadan"",""location"":""Ogbomoso"",""program"":""BSc"",""degree"":""Mathematics"",""start_date"":""2017-10-22"",""end_date"":""2021-08-14"",""overview"":""BSc. Mathematics""}],""experiences"":[{""primary_technologies"":[""React Native""],""job_title"":""Moblie developer"",""company_name"":""Ngvoices"",""location"":""Lagos,"",""description"":""i was the react native developer and also the node developer handle both task was tasking but clear"",""start_date"":""2021-01-16"",""end_date"":""0221-07-18""},{""company_name"":""Cyclebreeze"",""location"":""Ogbomoso"",""job_title"":""Web Developer"",""start_date"":""0001-01-01"",""end_date"":""0001-01-01"",""description"":""was the one that handled the front end and back end of the application.""}],""skills"":[{""name"":""Html/Css/Javascript"",""years_of_experience"":2,""note"":""Frontend""},{""name"":""MySQL"",""years_of_experience"":1,""note"":""Database""},{""name"":""AWS"",""years_of_experience"":1,""note"":""Cloud""}],""portfolios"":[{""name"":""Github"",""url"":""https://github.com/johnilizy17""}],""first_name"":""John"",""last_name"":""Abraham"",""preferred_name"":""Tosin"",""phone"":""+234 913 028 9290"",""pronoun"":""He/Him"",""email"":""johnabrahamtosin254_qih@indeedemail.com"",""city"":""Ogbomoso"",""preferred_job_title"":""Developer"",""professional_start_date"":""2021-03-09""}"
fortune.nwankwo@10hourlabs.com,"{""country_code"":""NG"",""educations"":[{""degree"":""Computer Science"",""institution_name"":""Crawford University"",""location"":""Igbesa"",""program"":""BSc"",""start_date"":""2008-10-08"",""end_date"":""2012-11-18"",""overview"":""B.Sc. in Computer Science""},{""institution_name"":""Unicaf University"",""location"":""Lagos"",""degree"":""Web Design"",""program"":""MSc"",""start_date"":""2020-08-12"",""end_date"":""2022-03-19"",""overview"":""MSc in Web Design""}],""experiences"":[{""primary_technologies"":[""React js"",""Node js"",""MongoDb"",""Express js "",""Serverless"",""Git"",""Blaze"",""METEOR JS""],""job_title"":""SENIOUR ENGINEER (REMOTE)"",""company_name"":""Trade Depot"",""location"":""NaN"",""start_date"":""2020-07-12"",""end_date"":""2021-05-16"",""description"":""My duties revolved around developing feature upgrades, writing fixes to current issues, writing APIs to be consumed by the mobile Apps used by clients and in-house staff, developing payment integrations and many more.""},{""primary_technologies"":[""React js "",""Node js"",""Wordpress"",""Socket io"",""Express""],""job_title"":""FULLSTACK DEVELOPER"",""company_name"":""Ogun Tech Hub"",""location"":""Ogun"",""start_date"":""2016-01-01"",""end_date"":""2019-01-01"",""description"":""I managed, maintained and, built web application as well as train staffs in web development courses. I also managed the backend services for Automation Lounge while freelancing and carried out a couple of duties which include: - Building new features to existing Apps - Fixing issues / Bugs. - Building serverless backend services. - Designing, deploying, and maintaining WordPress sites. - Writing and deploying REST APIs.""}],""skills"":[{""name"":""Html/Css/Javascript"",""years_of_experience"":7,""note"":""Frontend""},{""name"":""React js"",""years_of_experience"":5,""note"":""Frontend""},{""name"":""Vue js"",""years_of_experience"":4,""note"":""Frontend""},{""name"":""Node js"",""years_of_experience"":4,""note"":""Backend""},{""name"":""Mongo DB"",""years_of_experience"":6,""note"":""Database""},{""name"":""MySQL"",""years_of_experience"":3,""note"":""Database""}],""portfolios"":[{""url"":""github.com/jesjo001"",""name"":""Github""},{""url"":""linkedin.com/in/joshua-ajeyalemi/"",""name"":""Linkedin""}],""first_name"":""AJEYALEMI"",""last_name"":""JOSHUA"",""preferred_name"":""JOSHUA"",""pronoun"":""He/Him"",""email"":""Cov_dove@yahoo.com"",""phone"":""+2349027427675"",""city"":""NaN"",""preferred_job_title"":""Full Stack Developer"",""professional_start_date"":""0001-01-01""}"
fortune.nwankwo@10hourlabs.com,"{""country_code"":""NG"",""educations"":[{""institution_name"":""University of Benin"",""location"":""Benin"",""program"":""Statistics with computer science"",""degree"":""BSc."",""start_date"":""2012-04-15"",""end_date"":""2016-05-17"",""overview"":""Undergraduate in Statistics with computer science""}],""experiences"":[{""primary_technologies"":[""Github"",""GraphQL"",""Node js"",""PostgreSql"",""Firebase"",""Angula"",""Typescript""],""job_title"":""Senior Software developer"",""company_name"":""Simplifyy"",""location"":""Kansas City, MO"",""start_date"":""2021-05-15"",""end_date"":""0001-01-01"",""description"":""Fullstack web development of internal and external applications Technologies used: GitLab, ReactJs, GraphQL, Node, PostgreSql, Firebase, Algolia, Typescript""},{""primary_technologies"":[""React js"",""Apollo"",""Graphql"",""Twillia"",""Sendgrid"",""MongoDB""],""job_title"":""Senior fullstack developer"",""company_name"":""Volans Integrated solutions"",""location"":""Enugu"",""start_date"":""2021-02-18"",""end_date"":""0001-01-01"",""description"":""• Development of Volans Pro - A product rewards and subscription engine • Authored several PRD documents to align business, product and engineering around scalability capabilities, logging , DS/DE and metrics""},{""primary_technologies"":[""Node js"",""Mongo DB""],""job_title"":""Full Stack Developer"",""company_name"":""Thriftnhub"",""location"":""Lagos"",""start_date"":""2018-07-19"",""end_date"":""2021-02-17"",""description"":""• Utilised programming capabilities in Node, Mongo db and JavaScript and other libraries as needed for their e-commerce site • Oversaw troubleshooting of technical issues to solve problems within a reasonable time frame. • Kept learning and applying new technologies, software and trends, and applied them to projects as needed  • Designed, implemented and monitored web pages and sites for continuous improvement in a fast- paced environment.  • Reviewed code to validate structures, assess security and verify browser and device compatibility. • Designed and executed security measures such encryption of user data.""},{""company_name"":""Alphainteriorsandexteriors"",""location"":""Lagos"",""job_title"":""WEB DEVELOPER"",""start_date"":""2018-03-18"",""end_date"":""2018-06-17"",""description"":""• Lead on website design and development • Lead on social media presence and ad campaigns • Kept abreast of emerging technologies, software and trends, and applied them to projects. • Designed, implemented and monitored web pages and sites for continuous improvement in a fast-paced environment. • Completed full redesigns of existing websites to improve navigation, enhance visuals and strengthen search engine rankings.""},{""company_name"":""Worldlink Network Cable Television"",""location"":""Delta State"",""job_title"":""Data Base Administrator"",""start_date"":""2016-05-18"",""end_date"":""2018-02-12"",""description"":""• Administered, supported and monitored databases by proactively resolving database issues and maintaining servers. • Planned and implemented security measures to safeguard vital business data. • Set up and controlled user profiles and access levels for each database segment to protect important data.""}],""skills"":[{""name"":""Html/Css/Javascript"",""years_of_experience"":5,""note"":""Frontend""},{""name"":""Express js"",""years_of_experience"":4,""note"":""Backend""},{""name"":""Mongo DB"",""years_of_experience"":3,""note"":""Database""},{""name"":""React js"",""years_of_experience"":3,""note"":""Frontend""},{""name"":""Redux"",""years_of_experience"":4,""note"":""Redux""},{""name"":""Node js"",""years_of_experience"":3,""note"":""Backend""},{""name"":""Figma"",""years_of_experience"":3,""note"":""UI""},{""name"":""Framer"",""years_of_experience"":2,""note"":""Framer""},{""name"":""Docker"",""years_of_experience"":2,""note"":""Devops""},{""name"":""AWS"",""years_of_experience"":2,""note"":""Cloud""}],""last_name"":""Kelvin"",""first_name"":""Unuame"",""preferred_name"":""Kelvin"",""pronoun"":""He/Him"",""email"":""kelechiiloba4_f9m@indeedemail.com"",""phone"":""+2348155987445"",""city"":""Lagos"",""preferred_job_title"":""Full Stack Developer"",""professional_start_date"":""0001-01-01""}"
fortune.nwankwo@10hourlabs.com,"{""country_code"":""NG"",""educations"":[{""program"":""Electrical Engineering"",""degree"":""BEng"",""institution_name"":""Rivers State University of Science and Technology"",""location"":""Rivers "",""overview"":""Bachelors in Electrical Engineering"",""start_date"":""2019-04-07"",""end_date"":""2019-10-09""}],""experiences"":[{""primary_technologies"":[""html/css/js""],""company_name"":""Jimamevents"",""location"":""London"",""job_title"":""Full Stack Developer"",""start_date"":""2020-12-09"",""end_date"":""0001-01-01"",""description"":""• Developed 100% new application using Laravel framework, HTML, CSS, JavaScript and Bootstrap • Developed 9 pages using CSS following Google material guideline • Integrated Stripe payment processor API • Wrote SQL queries to store, retrieve data from the database using Laravel Eloquent • Wrote Eloquent Model and created one-to-many and many-to-many model relationship""},{""primary_technologies"":[],""company_name"":""Pensuh Innovation"",""location"":""Anambra"",""job_title"":""Full Stack Engineer"",""start_date"":""2019-12-09"",""end_date"":""0001-01-01"",""description"":""• Design and developed Students/Teachers/Parents/library portal • Developed Role Access Based Authorization Control (RBAC) and Permission • Developed Accounting Portal • Developed Configurable tenant Online payment solution (support Paystacks processor at the time) • Developed attendance notification, and child safety email/SMS • developed hostel booking and Collection Management • Designed and developed ID Card Template Management/ Mass printing • Developed Academic Calendar Management • designed and developed Result Sheet (Report Card) - master sheet, auto generate termly result, auto generate annually sheet • Developed Exam – Manage semester/term examination • Developed Grade – Auto compute grade based on submitted marks of each course teacher • Designed and developed Class and section management • Designed and developed course and teacher management • Developed Global or School Specific Syllabus • Designed and developed Attendance marking scheme (manual or QR-code scan): a. child safety (arrived and pick up), b. class morning and afternoon attendance (by form teacher), c. Staff sign in and sign out  • Developed Users Mass/Batch On boarding upload through excel sheet. • Designed and developed digital Time table or Class schedule • Developed School Event ticketing management • Notice Board • Developed academic calendar management • Designed and developed school site management panel""},{""primary_technologies"":[""Node js"",""Maria DB""],""job_title"":""Backend Developer"",""company_name"":""Blake"",""location"":""Port Harcourt"",""start_date"":""2020-04-18"",""end_date"":""2020-11-09"",""description"":""• led system design and modeling • Integrated Paystack payment processor 100% • Integrated Twilio verify with server side authentication logic over any valid Nigeria phone number • Integrated Twilio voice and messenging with server side logic • Integrated PubNub with server side logic and users application (Android and Web) for: bi-directional messenging, real time Google Geo-location, and Users tracking in real time • Provisioned DigitalOcean droplet running Ubuntu 18.04-LTS, installed and configured Ngnix Server proxy to Nodejs, installed and configured Maria DB, setup DB users and previllages, installed and configured PM2 for nodejs server Orchestration 100% • Integrated Amazon S3 bucket for uploaded files""},{""job_title"":""Web Developer"",""company_name"":""Deslog Energy Services Limited"",""location"":""Harcourt, IA"",""description"":""1. Designed and developed admin and users dashboard 2. Routine maintenance 3. Integrated paystack payment processor"",""start_date"":""2017-11-18"",""end_date"":""2019-12-23""}],""skills"":[{""name"":""Html/Css/Javascript"",""years_of_experience"":4,""note"":""Frontend""},{""name"":""Laravel"",""years_of_experience"":3,""note"":""Backend""},{""name"":""Node js"",""years_of_experience"":3,""note"":""Backend""}],""portfolios"":[{""url"":""https://github.com/Tetranyble"",""name"":""Github""},{""url"":""https://linkedin.com/in/ugbanawaji"",""name"":""Linkedin""}],""first_name"":""Leonard"",""last_name"":""Ekenekiso"",""preferred_name"":""Ekenekiso"",""pronoun"":""He/Him"",""email"":""ugbanawajiekenekiso5_p3r@indeedemail.com"",""phone"":""+2348066607729"",""city"":""Remote"",""preferred_job_title"":""Full Stack Javascript and PHP Laravel Developer"",""professional_start_date"":""0001-01-01""}"
fortune.nwankwo@10hourlabs.com,"{""country_code"":""NG"",""educations"":[{""institution_name"":""AFE BABALOLA UNIVERSITY"",""location"":""Ekiti"",""degree"":""Computer Engineering"",""overview"":""BACHELOR OF ENGINEERING"",""program"":""BEng"",""start_date"":""2014-10-22"",""end_date"":""2018-09-17""}],""experiences"":[{""job_title"":""TECHNICAL OFFICER"",""company_name"":""Arami Essentials"",""location"":""Lagos State"",""start_date"":""2020-03-08"",""end_date"":""2021-07-13"",""description"":""- Design, develop and maintain equipment to ensure effective and safe use. - Provide high-level technical support and advice for employees, customers, etc. - Provide timely and accurate costing, purchasing and inventory of materials and associated equipment - Manage backup, security and user help systems. - Evaluate the organization's technology use and needs and recommend improvements, such as hardware and software upgrades. - Assign and review the work of systems analysts, programmers, and other computer-related workers.""},{""job_title"":""Software Engineer"",""company_name"":""Voncap Nigerian Limited"",""location"":""Lagos"",""start_date"":""2020-03-08"",""end_date"":""2021-05-18"",""description"":""- Developing high-performance applications by writing testable, reusable, and efficient code. - Developing and maintaining all server-side network components. - Collaborating with front-end developers on the integration of elements. - Running diagnostic tests, repairing defects, and providing technical support. - Recommending and implementing improvements to processes and technologies. - Designing UI and back-end services for various business processes.""},{""company_name"":""Holmen Consulting Limited"",""location"":""Lagos"",""job_title"":""IT ANALYST(NYSC)"",""start_date"":""2018-11-07"",""end_date"":""2019-10-17"",""description"":""- Design efficient IT systems (oracle & Microsoft) to meet business and technology needs. - Integrate multiple systems and reconcile needs of different teams. - Meet with stakeholders to understand their Technology requirements. - Gather feedback from end users about system performance. - Assist in planning and overseeing projects (e.g. upgrades, hardware/software installations). - Provide advice and technical training for clients.""},{""primary_technologies"":[""C++"",""Python"",""Java"",""Python""],""job_title"":""EMBEDDED SYSTEMS & SOFTWARE ENGINEER(INTERN)"",""company_name"":""Technology Development For poverty Alleviation Initiative"",""location"":""Lagos"",""start_date"":""2016-03-16"",""end_date"":""2008-09-16"",""description"":""- Learning Embedded Systems Engineering, web development, C, C++, Java, Python, Networking, Data Communications (Routers & Switches), Cabling. - Design, develop, code, test and debug systems. - Integrate and validate new product designs. - Computer Installations and Maintenance (Hardware and Software). - Design and modelling of circuits for project deployment using Proteus - Design and implement software of embedded devices and systems from - requirements to production and commercial deployment. - Designing/installation of electrical components on motherboards for IOT (Internet Of Things).""}],""skills"":[{""name"":""C#"",""years_of_experience"":4,""note"":""Development""},{""name"":""Java"",""years_of_experience"":4,""note"":""Mobile Development""},{""name"":""PHP/Laravel"",""years_of_experience"":3,""note"":""Backend"",""preferred"":true},{""name"":""Javascript"",""years_of_experience"":5,""note"":""Web Development""},{""name"":""Word press"",""years_of_experience"":2,""note"":""Frontend""},{""name"":""Node js"",""years_of_experience"":2,""note"":""Backend""},{""name"":""SQL/NoSQL"",""years_of_experience"":2,""note"":""Database""}],""portfolios"":[{""url"":""http://github.com/BerylPink"",""name"":""Github""},{""name"":""Linkedin"",""url"":""http://linkedin.com/in/ndutimi-a diel-amakoromo-150343164""}],""first_name"":""Ndutim"",""last_name"":""Adiel"",""preferred_name"":""Adiel"",""pronoun"":""He/Him"",""email"":""ntimiadiel@gmail.com"",""phone"":""0-708-976-9579"",""city"":""Lagos"",""preferred_job_title"":""SOFTWARE ENGINEER"",""professional_start_date"":""0001-01-01""}"
fortune.nwankwo@10hourlabs.com,"{""country_code"":""NG"",""educations"":[{""institution_name"":""Federal University of Technology"",""location"":""Ng"",""degree"":""Electrical, Electronics and Communications Engineering"",""program"":""B.Eng"",""overview"":""Bachelor of Engineering in Electrical, Electronics and Communications Engineering"",""start_date"":""2006-05-17"",""end_date"":""2011-05-09""}],""experiences"":[{""primary_technologies"":[""Angular"",""PHP/Laravel"",""Python/Django"",""React js"",""Flutter/Dart"",""JQuery"",""HTML/CSS/JAVASCRIPT""],""job_title"":""Senior Software Engineer (Team Lead)"",""company_name"":""Fantastic technologies"",""location"":""Lagos"",""start_date"":""2018-01-16"",""end_date"":""0001-01-01"",""description"":""• Development /planning of application architecture. Angular • Organizing and assigning duties to junior developers. • Writing re-usable codes with PHP/Laravel, Python/Django, and ReactJs JavaScript /NodeJS back-end applications. NodeJs/TypeScript • Building native mobile apps with flutter/Dart, angular/Native script. • Building single-page applications with angular and react. Python/Django • Debugging and maintains existing web apps built with PHP, angular, Machine learning and NodeJS. • Reviewing codes for junior developers jQuery • Assembling, debugging, and unit-testing different modules from junior developers and uploading to testing server. HTML/CSS/JavaScript""},{""primary_technologies"":[""JQuery"",""PHPLaravel"",""Ajax""],""company_name"":""Primesoft Technologies Limited"",""location"":""Lagos"",""job_title"":""software engineer /web developer"",""start_date"":""2016-11-19"",""end_date"":""2017-11-09"",""description"":""Software Architectural • Writing re-usable codes with PHP, JavaScript, Ajax, jQuery, and Foundation angular. • Debugging an existing website with PHP Hobbies • Developing web apps using Laravel 5.3 framework Researching, coding, watching • Extending an existing functionality of a web app built with phpfox football framework Builds single-page applications using Laravel 5.x and angular • Built an e-procurement portal for pain state government using laravel 5.4, jQuery, and Ajax.""},{""primary_technologies"":[""Laravel"",""Wordpress"",""JQuery"",""Ajax"",""html/bootstrap""],""company_name"":""E-wealth Infotech Limited,"",""location"":""Enugu"",""job_title"":""web programmer"",""start_date"":""0015-11-22"",""end_date"":""2016-11-09"",""description"":""• Developed CMS using Laravel, WordPress • Developed web applications with PHP, JavaScript, jQuery, Ajax, bootstrap, HTML and case • Tested and debugged all codes using Git-Lab continuous integration before uploading to the production server""},{""primary_technologies"":[""HTML"",""SQL"",""PHP""],""job_title"":""Founder/CEO"",""company_name"":""IFY ICT Academy"",""location"":""Enugu"",""description"":""• Training students with hands on coding practical with PHP, HTML, SQL • Training and teaching IT students on HTML, cash, PHP for 6 months, organizing curriculum for all the courses"",""start_date"":""2013-04-13"",""end_date"":""2016-02-13""},{""company_name"":""Platinium Engineering"",""location"":""Ondo"",""job_title"":""Field Engineer"",""description"":""Participated in the installation of an 11kva power transformer at Ajagba in ode Irele L.G.A of Ondo state. • Handled installation scheduling and recorded weekly teamwork including electrical equipment used, distance covered, specifying, and any problems encountered."",""start_date"":""2013-10-07"",""end_date"":""2013-03-17""}],""skills"":[{""name"":""Html/Css/Javascript"",""years_of_experience"":8,""note"":""Frontend""},{""name"":""PHP/Laravel"",""years_of_experience"":7,""note"":""Backend""},{""name"":""SQL"",""years_of_experience"":9,""note"":""Database""},{""name"":""Wordpress"",""years_of_experience"":7,""note"":""Web Development""},{""name"":""JQuery"",""years_of_experience"":7,""note"":""Frontend""},{""name"":""Ajax"",""years_of_experience"":6,""note"":""Ajax""},{""name"":""Python /Django"",""years_of_experience"":4,""note"":""Backend""},{""name"":""Angular"",""years_of_experience"":4,""note"":""JS""}],""first_name"":""Okorie"",""last_name"":""Ifeanyi"",""email"":""okorieifeanyi4_9ym@indeedemail.com"",""preferred_name"":""Ifeanyi"",""pronoun"":""He/Him"",""phone"":""08068360296"",""city"":""Lagos"",""preferred_job_title"":""Senior Software Engineer"",""professional_start_date"":""0001-01-01""}"
fortune.nwankwo@10hourlabs.com,"{""country_code"":""NG"",""educations"":[{""institution_name"":""Ladoke Akintola University Of Technology"",""degree"":""Computer Science and Engineering"",""program"":""BSc"",""location"":""Oyo State"",""start_date"":""2013-07-13"",""end_date"":""2018-12-13"",""overview"":""Bachelor of Technology: Computer Science and Engineering""}],""experiences"":[{""job_title"":""DevOps/Software Engineer"",""company_name"":""First Bank of Nigeria - Digital Lab"",""location"":""Ng"",""start_date"":""2021-03-22"",""end_date"":""0001-01-01"",""description"":"" Develop and maintain automated CI/CD pipelines for code deployment on Azure.  Develop reliable and secure applications in line with the bank’s requirements and policies.  Develop and Interact with APIs where necessary.  Develop software in line with Agile Methodology.  Impress responsibility on others by displaying ownership of task.""},{""company_name"":""Netherlands Universities Foundation for International Cooperation (NUFFIC),"",""location"":""Netherlands"",""job_title"":""System Developer / E-Learning Expert"",""start_date"":""2020-07-28"",""end_date"":""2021-12-16"",""description"":"" Development of an eLearning platform  System requirement gathering, definition, and translation for the digital platform  Design and implementation of digital platforms with all proven security tools embedded.   Testing and refinement of the digital platform to meet the end- user requirements.   Day to day running""},{""primary_technologies"":[],""company_name"":""Kampala International University"",""location"":""Kampala, Uganda"",""job_title"":""System Engineer"",""start_date"":""2020-03-20"",""end_date"":""0001-01-01"",""description"":"" Develop, Configure and setup the Learning Management System.  Load and test learning content to the Learning Management System.  Defining the roles of other E-Learning team members on the Learning Management System.  Resolve issues related to the Learning Management System courses that are reported by users.  Create, configure, test and troubleshoot online courses in the Learning Management System.""},{""job_title"":""Software Development / Cybersecurity"",""company_name"":""Mira Technologies Limited"",""location"":""Ikeja, Lagos"",""start_date"":""2021-01-23"",""end_date"":""2020-01-09"",""description"":"" Write well designed, testable, efficient code by using best software development practices.  Gather and refine specifications and requirements based on technical needs.  Analyze user's needs, then design, test, and develop software to meet those needs.  Recommend software upgrades for customers' existing programs and systems.  Ensure system continues to function normally through software maintenance and upgrades.""},{""job_title"":""Web Developer"",""company_name"":""Mopson Pharmaceutical Limited"",""location"":""Ajao Estate, Lagos"",""start_date"":""2017-01-14"",""end_date"":""2016-01-16"",""description"":"" Made a review on the company's website and found some flours on the preview website design.  Identified and recommended improvements for E- mail applications & Web-page development.  Redesigned the company's website to aid better user experience and give the company a better online representation.  Administered the website; ensuring that the website is secure and access is limited to authorized personnel/clients only.""},{""job_title"":""Network Technician (Student Trainee)"",""company_name"":""Ladoke Akintola University of Technology"",""location"":""Ogbomoso, Oyo state"",""start_date"":""2014-01-08"",""end_date"":""2017-01-17"",""description"":"" Assist in administering & designing LANs, WANs and internet/intranet networks.  Communicating and negotiating with users, specialists, other staff and suppliers.  Network connectivity troubleshooting, ping, tracert, telnet.  Responsible for communication protocols, configuration, integration & security.  Investigating, diagnosing and resolve all network problems.""},{""job_title"":""Network Administrator"",""company_name"":""Mopson Pharmaceutical Limited"",""location"":""Isolo, Lagos, Nigeria"",""start_date"":""2011-01-17"",""end_date"":""2013-01-15"",""description"":"" Maintenance & management of the Critical Windows based Server Environment.  Maintaining up to date Antivirus levels on all machines company wide.  Troubleshooting technical problems and implementing solutions.  Responsible for diagnosing & resolving hardware, sofare & end users problems.  Acting as the first point of contact for all IT & technical queries.  Excellent  Server Configuration & Maintenance  Very Good  MYSQL Database  Excellent Mobile Application Development (Flutter & Ionic)  Very Good  Agile Methodology  Very Good  Problem Solving  Excellent   Working within a TCP/IP network environment, including DHCP, DNS, Ethernet and Provide support for LAN and WAN issues.""}],""skills"":[{""name"":""AWS"",""years_of_experience"":4,""note"":""Cloud""},{""name"":""Azure"",""years_of_experience"":5,""note"":""Cloud""},{""name"":""PHP"",""years_of_experience"":8,""note"":""Backend""},{""name"":""JavaScript"",""years_of_experience"":6,""note"":""Web Development""},{""name"":""Typescript"",""years_of_experience"":1,""note"":""Web Development""},{""name"":""React JS"",""years_of_experience"":5,""note"":""Frontend""},{""name"":""Vue JS"",""years_of_experience"":4,""note"":""Frontend""},{""name"":""HTML5, CSS3"",""years_of_experience"":6},{""name"":""Laravel"",""years_of_experience"":4,""note"":""Backend""},{""name"":""SQL"",""years_of_experience"":4,""note"":""Database""}],""portfolios"":[],""first_name"":""Paul"",""last_name"":""Ohumende"",""preferred_job_title"":""DevOps / Software Engineer"",""pronoun"":""He/Him"",""preferred_name"":""Paul"",""email"":""mendes.paul28@gmail.com"",""phone"":""+2348165253939"",""city"":""NaN"",""professional_start_date"":""0001-01-01""}"
fortune.nwankwo@10hourlabs.com,"{""country_code"":""NG"",""educations"":[{""institution_name"":""University of Ilorin"",""location"":""Ibadan"",""degree"":""Education"",""program"":""BEd"",""start_date"":""2011-10-09"",""end_date"":""2015-06-10"",""overview"":""Barchelors in Education""}],""experiences"":[{""primary_technologies"":[""MySQL"",""NoSQL"",""PostgreSQL"",""MongoDB""],""job_title"":""Software Engineer"",""location"":""Lagos"",""company_name"":""Decagon"",""description"":""• A member of a team that developed a Job Finder web app where applicants can search for jobs and apply. • Also built a Testing platform for setting multiple-choice questions which is useful and free for businesses and teachers. • Handled Database Management System with SQL like MySQL, Postgres, or NoSQL databases like MongoDB."",""start_date"":""2019-03-18"",""end_date"":""0001-01-01""},{""primary_technologies"":[""Postgres"",""Node js""],""company_name"":""Kontz Engineering Ltd"",""job_title"":""Software Engineer"",""location"":""Lagos"",""start_date"":""2019-10-09"",""end_date"":""2019-02-05"",""description"":""● Added new features to a web app with 5,000+ monthly active users to enable the uploading of audio and video content using react and redux. ● Incorporated API calls to several applications and stored data  efficiently in in our PostgreSQL backend ● Worked alongside another developer to implement RESTful APIs in NodeJS that enabled our internal analytics team to increase reporting speed by 24%""}],""skills"":[{""name"":""SQL"",""years_of_experience"":7,""note"":""Database""},{""name"":""MongoDB"",""years_of_experience"":7,""note"":""Database""},{""name"":""Node js"",""years_of_experience"":7,""note"":""Backend""}],""portfolios"":[{""name"":""Github"",""url"":""https://github.com/phunbyt""}],""first_name"":""Raji"",""last_name"":""Oluwafunbi"",""preferred_name"":""Oluwafunbi"",""pronoun"":""She/Her"",""email"":""rajioluwafunbisaheed8_meq@indeedemail.com"",""phone"":""+2349013063627"",""city"":""Lagos"",""preferred_job_title"":""Software Engineer"",""professional_start_date"":""0001-01-01""}"
fortune.nwankwo@10hourlabs.com,"{""country_code"":""NG"",""educations"":[{""institution_name"":""Unversity Of Abuja"",""location"":""Abuja"",""degree"":""Bachelor of Science"",""program"":""Bachelor of Science"",""start_date"":""2016-08-09"",""end_date"":""2020-10-22"",""overview"":""Bachelor of Science/2020""},{""institution_name"":""University Of Calabar"",""location"":""Calabar"",""degree"":""Law"",""program"":""Bachelor of Law"",""start_date"":""2008-12-09"",""end_date"":""2013-10-09"",""overview"":""Bachelor of Law/2013""}],""experiences"":[{""company_name"":""Limited Contractorship"",""location"":""Abuja"",""job_title"":""Senior Full Stack Engineer"",""start_date"":""2021-01-06"",""end_date"":""2021-05-29"",""description"":""Nill""},{""primary_technologies"":[""React Native""],""company_name"":""AFTj digital"",""location"":""Douglassville ­ Georgia"",""job_title"":""React Native Developer"",""start_date"":""2020-03-17"",""end_date"":""2021-02-13"",""description"":"" Researching, designing, implementing and managing flutter Software.  Testing and evaluating newly designed react native backend platforms.  Identifying areas for modification in existing software and subsequently developing these modifications.  Writing and implementing efficient code.""},{""primary_technologies"":[""React Native""],""company_name"":""Multitech Computers ltd"",""location"":""Abuja"",""job_title"":""Full Stack Developer"",""start_date"":""2019-09-13"",""end_date"":""2020-06-09"",""description"":"" Collaborated with developers and performance engineers to enhance supportability and identify performance bottlenecks. Debugged and modified Web software components. Supervised team of 10 engineers on N3.5m software development project to upgrade Their Websites quality management system.  Wrote highly maintainable, solid code for backend, forming core framework and earning consistent praise from subsequent developers since initial version.  Designed and developed 8 computer software web applications. Contributed to react frontend used in automated deployment of software on multiple virtual machines.  . Performed regression and system­level testing to verify software quality and function prior to release. Wrote code on android platform using React Native.""},{""primary_technologies"":[],""job_title"":""Mobile App Developer"",""company_name"":""Mobile App Developer"",""location"":""Abuja"",""description"":""creating backend solutions for mobile software.  designing peer to peer systems for enterprise grade platforms ranging from finance to Education across the country"",""start_date"":""2018-02-08"",""end_date"":""2019-04-09""}],""skills"":[{""name"":""React  native"",""years_of_experience"":4,""note"":""App Development""},{""name"":""React js"",""years_of_experience"":3,""note"":""Frontend""},{""name"":""Angular"",""years_of_experience"":3,""note"":""Javascript""},{""name"":""Node js"",""years_of_experience"":3,""note"":""Backend""},{""name"":""Java"",""years_of_experience"":3},{""name"":""SQL"",""years_of_experience"":2,""note"":""Database""},{""name"":""Flutter"",""years_of_experience"":4,""note"":""App Development""},{""name"":""Firebase"",""years_of_experience"":2,""note"":""Backend""},{""name"":""AWS"",""years_of_experience"":1,""note"":""Cloud""},{""name"":""Heroku"",""years_of_experience"":4,""note"":""Deployment""},{""name"":""Git"",""years_of_experience"":4,""note"":""Github""}],""portfolios"":[{""name"":""Github"",""url"":""www.github.com/emekoba""}],""last_name"":""EMEKOBA"",""first_name"":""RUSSELL"",""phone"":""+2348076607130"",""email"":""rjemekoba@gmail.com"",""pronoun"":""He/Him"",""preferred_name"":""EMEKOBA"",""city"":""Abuja"",""preferred_job_title"":""FullStack Web/Mobile Developer"",""professional_start_date"":""0001-01-01""}"
fortune.nwankwo@10hourlabs.com,"{""country_code"":""NG"",""educations"":[{""institution_name"":""Nnamdi Azikiwe University"",""location"":""Awka, Nigeria"",""degree"":""Marketing"",""program"":""Masters of Science"",""start_date"":""2017-03-10"",""end_date"":""2019-01-16"",""overview"":""Masters of Science, Marketing (Entrepreneurship Marketing)""},{""institution_name"":""Lagos State University"",""location"":""Lagos"",""degree"":""Marketing"",""program"":""BSc"",""start_date"":""2008-10-11"",""end_date"":""2012-09-12"",""overview"":""Bachelors of Science, Marketing""}],""experiences"":[{""primary_technologies"":[""Typescript"",""Angular js"",""React""],""company_name"":""Decagon"",""location"":""Lagos"",""job_title"":""Software Engineer"",""start_date"":""2018-10-19"",""end_date"":""0001-01-01"",""description"":""— Developed and implemented several web-based systems. Completed projects under budget and ahead of the deadline. — Coded new solutions that increased availability and scalability by 45% and 75%, respectively. — Joined various international client teams, including a multi-billion online organization and career recruiting platform based in Austin, Texas. Helping develop projects with Typescript, React, Angular and onboarding junior developers""},{""primary_technologies"":[],""job_title"":""Software Engineering Associate"",""company_name"":""Decagon"",""location"":""Lagos"",""description"":""— Became a Training Stack Assistance with the responsibility to lead, code review, mentor, Test and Assess more than 20 trainees — Led and Participated in Client Projects including a School Management System and Music Content app"",""start_date"":""2020-06-12"",""end_date"":""2020-10-15""},{""primary_technologies"":[""NoSQL"",""Postgres"",""MySQL""],""job_title"":""Software Engineering Trainee"",""company_name"":""Decagon"",""location"":""Lagos"",""start_date"":""2019-12-13"",""end_date"":""2020-06-08"",""description"":""— Maintained the existing WordPress website and Integrated analytics and social sharing — Led the Tech-team to start the conversion of the website to an API-based site using Django and React. — Built a CMS for internal content submission — Built an E-Learning system for the organization's OMS.""},{""primary_technologies"":[""Django""],""company_name"":""Foundation for Student Mission"",""location"":""Ibadan"",""job_title"":""Tech and Communication Volunteer"",""start_date"":""2015-09-12"",""end_date"":""2016-09-18"",""description"":""— Maintained the existing WordPress website and Integrated analytics and social sharing — Led the Tech-team to start the conversion of the website to an API-based site using Django and React. — Built a CMS for internal content submission — Built an E-Learning system for the organization's OMS.""},{""primary_technologies"":[""WordPress"",""Django""],""company_name"":""Chayil Safari Hospitality Ltd"",""location"":""Lagos"",""job_title"":""Business and Tech Associate,"",""start_date"":""2014-10-04"",""end_date"":""2015-08-12"",""description"":""— Reengineered the Booking online platform and built custom WordPress Plugins — Implemented a new Customer Loyalty reward feature. — Pioneering a WordPress-based website SMEBizInfo.com as an opportunity.""}],""skills"":[{""name"":""Django"",""years_of_experience"":7,""note"":""Backend""},{""name"":""WordPress"",""years_of_experience"":7,""note"":""Web Design""},{""name"":""SQL/NoSQL"",""years_of_experience"":4,""note"":""Database""},{""name"":""React js"",""years_of_experience"":3,""note"":""Frontend""},{""name"":""Typescript"",""years_of_experience"":3,""note"":""Web Development""},{""name"":""Java"",""years_of_experience"":5,""note"":""Development""},{""name"":""Html/css"",""years_of_experience"":6,""note"":""Frontend""}],""portfolios"":[{""url"":""| https://github.com/coker-deca/"",""name"":""Github""},{""name"":""Linkedin"",""url"":""| https://linkedin.com/in/tosin.coker1""}],""first_name"":""Tosin"",""last_name"":""Coker"",""preferred_name"":""Coker"",""pronoun"":""He/Him"",""email"":""tosincoker26@gmail.com"",""phone"":""| +2347065859203"",""city"":""Lagos"",""preferred_job_title"":""Software Engineer"",""professional_start_date"":""0001-01-01""}"
fortune.nwankwo@10hourlabs.com,"{""country_code"":""NG"",""educations"":[{""institution_name"":""University of Benin"",""location"":""Benin"",""degree"":""BSc"",""program"":""Industrial Physics"",""start_date"":""2007-10-09"",""end_date"":""2011-10-19"",""overview"":""B.sc Industrial Physics""}],""experiences"":[{""primary_technologies"":[""html/css/js"",""Docker"",""React"",""TypeScript""],""job_title"":""Software Engineer"",""company_name"":""Kobo360(YC-18)"",""location"":""Lagos"",""start_date"":""2019-12-09"",""end_date"":""0001-01-01"",""description"":""Leading a team of two other Software Engineers(Frontend) in building Kobo's in-house payment platform, Partner facing app and also the Kobo's customer facing app). I was responsible for building the product from nothing, designing the architecture of the apps(frontend), provided simple and beautiful interfaces with great UX, build script and also dockerizing the app. The technology in use here is HTML5, CSS3, React(hooks, context, styled-components, react- testing-library etc) and Docker. The updated app which was extended to cater for Arabic customers will be launched in Egypt in May. Bootstrapped two Kobocare Dashboards( one for in-house control and the other for our partners) for one of our value-added services. The applications manage transactions, provided analytics and ensure smooth operations between our partners, truck drivers and the Kobo360 team. I was responsible for designing the architecture of the app, provide build scripts that helped dockerize the app and deploy to AWS. The tech stack used here was HTML5, CSS3, React/Redux, Typescript and AWS. Both apps were launched just after two months of development. Worked with a team that rebuilt and rebranded the Kobo360 website. It contains the addition of new features like the price estimator which helps companies with logistics needs estimate price from moving goods from one location to another. This helped bring transparency in the business and increased partners trust on Kobo360. I handled""},{""primary_technologies"":[""React Native"",""Typescript""],""company_name"":""Admiral Digital (RHB group)"",""location"":""Malaysia"",""job_title"":""React/React-Native Engineer"",""start_date"":""2020-02-16"",""end_date"":""2020-06-18"",""description"":""Worked with a team that built the IOS and Android Gowave App for RHB group in Malaysia using React-Native, Typescript, Redux-toolkit, React-Testing-Library, etc Worked on the back-office web application for the above project.""},{""primary_technologies"":[""React js"",""React native"",""Node js"",""Post gres"",""AWS""],""job_title"":""Software Engineer/ Solutions Consultant"",""company_name"":""Algorism Limited"",""location"":""Lagos"",""start_date"":""2016-01-01"",""end_date"":""2019-01-01"",""description"":""Worked in a team that built an Association Management Platform(clubly.io). I was responsible for building the beautiful user interface and also liaising with the UI/UX to simplify the UX process. On the backend, I was responsible for designing the database and building some APIs consumed by the frontend and also responsible for deploy the app to AWS. The tech stack used here was Reactjs, React-Native, Nodejs, Postgres/Sequelize for database operations and AWS for cloud deployment. I worked both on the frontend and the backend. Led a team of 3 developers building a financial origination platform to display financial products(Treasury bills, Money Market Funds, etc.) across the country Nigeria and also enable them to invest through the platform. The tech stack used here was Reactjs/React-Native, Nodejs(Express) and AWS. Trained Enterprise clients (Sterling Bank, Flour Mills, Premium Pensions) on the use of enterprise software deployed on their system. Led a team that built a First Bank Insurance Android Mobile application in 2017. The technology used here was Java for android and Nodejs(Postgres/Sequelize). I was solely responsible for  Professional Summary  Work experience  Created with  the mobile app itself while working and coordinating the backend developer. Responsible for creating the overall process, flow and system architecture used by the company.""},{""primary_technologies"":[],""job_title"":""Android Developer"",""company_name"":""Spantom Technologies Startup"",""location"":""NaN"",""start_date"":""2015-01-01"",""end_date"":""2016-01-01"",""description"":""Worked in a team that developed the Prepa mobile android app which helps students prepare for their UTME examinations. I refactored the authentication screens as well as the profile screens. The tech stack used was Java. Grew user acquisition from 700 to 9000 in 6 months for Prepa mobile app. Responsible for the product road map of Prepa mobile app which later went on to win the African Entrepreneurship Award in Casablanca, 2016.""}],""skills"":[{""name"":""Java"",""years_of_experience"":7,""note"":""Andriod Development""},{""name"":""React/React Native"",""years_of_experience"":6,""note"":""Web and Mobile Development""},{""name"":""Node js"",""years_of_experience"":6,""note"":""Backend""},{""name"":""Postgres"",""years_of_experience"":7,""note"":""Database""},{""name"":""AWS"",""years_of_experience"":5,""note"":""Cloud""},{""name"":""Docker"",""years_of_experience"":4,""note"":""Dev""}],""portfolios"":[{""name"":""Github"",""url"":""github.com/orinameh""},{""name"":""Linkedin"",""url"":"" ng.linkedin.com/davidevhade""}],""first_name"":""DAVID,"",""last_name"":""ORINAMEH"",""preferred_name"":""David"",""pronoun"":""He/Him"",""email"":""david.evhade@gmail.com"",""phone"":""+2347034488257"",""city"":""Lagos"",""preferred_job_title"":""Software Engineer"",""professional_start_date"":""0001-01-01""}"
fortune.nwankwo@10hourlabs.com,"{""country_code"":""NG"",""educations"":[{""institution_name"":""Ladoke Akintola University"",""location"":""Osun"",""degree"":""Computer Science & Engineering"",""program"":""BSC"",""start_date"":""2015-09-18"",""end_date"":""2018-11-22"",""overview"":""Computer Science & Engineering | BSC""}],""experiences"":[{""primary_technologies"":[""Docker"",""Node js"",""React"",""Express""],""job_title"":""Senior Backend Developer"",""company_name"":""Stemuli"",""location"":""Austin United States"",""start_date"":""2020-09-11"",""end_date"":""0001-01-01"",""description"":""Developed Backend application, with the mind of microservices architecture, which helps in decoupling, API driven, and modularity. Backend languages, frameworks where used, amongst Express, React, NodeJs, Docker, and Kubernetes Designing and Coding of software as per the client needs. Participating in team activities like brainstorming, etc. Implementing and fixing the flaws in the existing software.""},{""job_title"":""Team leader and android developer"",""company_name"":""Voomsways"",""location"":""Lagos"",""start_date"":""2019-01-22"",""end_date"":""0001-01-01"",""description"":""Developed & maintained Voomsway Web app Management Software, delivering applications to purchase bus travel tickets online, save time, and compare bus for sales Rep. fares from transport companies with ease from your mobile and desktop Continuously discover, evaluate, and implement new technologies to maximize development efficiency. Collaborate with cross-functional teams to define, design, and ship new features. Additionally responsible for managing finances, leading projects, marketing, promoting and recruiting new team members, as well as sales user support.""},{""job_title"":""Senior Software Developer"",""company_name"":""Intelligent Innovations Hub"",""location"":""Lagos"",""start_date"":""2018-04-15"",""end_date"":""2018-09-12"",""description"":""Part of the team that developed & maintaining an enterprise Payment Platform (9Pay) using MVC Pattern. Coordination with other platform development and business teams.""},{""company_name"":""Fetchr"",""location"":""Lagos"",""job_title"":""Team Lead"",""start_date"":""2016-09-11"",""end_date"":""2017-03-12"",""description"":""Developed Notification service in Java, for the product to scale rapidly and flexible based on load and internal information using Service Oriented Architecture and Rabbit MQ. Coordination with other platform development and business teams. Establishing best practices and implementing new initiatives. Mentoring and training up junior and new staff. Dealing with and resolving problems and issues which arise.""},{""job_title"":""Senior Software Developer"",""location"":""Lagos"",""company_name"":""E360 Africa"",""start_date"":""2017-04-12"",""end_date"":""2017-12-13"",""description"":""Application Software, Station Manager, enterprise application designed to optimize business processes (For example, remote pump price change) at the station and operational levels.""}],""skills"":[{""name"":""Javascript"",""years_of_experience"":6,""note"":""Web Development""},{""name"":""React js"",""years_of_experience"":5,""note"":""Frontend""},{""name"":""Node js"",""years_of_experience"":4,""note"":""Backend""},{""name"":""TypeScript"",""years_of_experience"":5,""note"":""Web Development""},{""name"":""Java"",""years_of_experience"":5,""note"":""Andriod Development""},{""name"":""Flutter"",""years_of_experience"":2,""note"":""Mobile Development""},{""name"":""Html/css"",""years_of_experience"":6,""note"":""Frontend""},{""name"":""NoSQL"",""years_of_experience"":4,""note"":""Database""},{""name"":""MongoDB"",""years_of_experience"":4,""note"":""Database""}],""portfolios"":[{""name"":""Github"",""url"":""https://github.com/funmiayinde""},{""name"":""Linkedin"",""url"":""www.linkedin.com/in/ayinde-funmilayo-736b47b7/""}],""first_name"":""Funmilayo"",""last_name"":""Ayinde"",""preferred_name"":""Ayinde"",""pronoun"":""She/Her"",""email"":""funmiayinde11@gmail.com"",""phone"":""08086365224"",""city"":""Lagos"",""preferred_job_title"":""Full Stack Developer"",""professional_start_date"":""0001-01-01""}"
fortune.nwankwo@10hourlabs.com,"{""country_code"":""NG"",""educations"":[{""institution_name"":""University of Benin,"",""location"":""Benin"",""degree"":""Electrical/Electronic Engineering,"",""program"":""B.Eng"",""start_date"":""2010-09-15"",""end_date"":""2015-10-14"",""overview"":""Electrical/Electronic Engineering, University of Benin""}],""experiences"":[{""primary_technologies"":[""html/css/js"",""Bootstrap"",""Node js"",""AWS"",""Apache Server""],""job_title"":""Software Developer"",""company_name"":""Dwelli,"",""location"":""Lagos"",""start_date"":""2020-08-31"",""end_date"":""0001-01-01"",""description"":""• Developing a bespoke, complex web app that receives, interprets and organizes real time information, in form of text messages, from a number of IOT devices and alerts the appropriate software and also the very subscribed customers assigned to that IOT device the needed information. • Executing Test Driven Development using Jest tool. • Gathering user requirements and feedbacks from prospective customers prior to development initiatives following product launches to gain objective input. • Creating robust relationships and collaborating with personnel from various roles to optimize the efficiency of developing the project.""},{""primary_technologies"":[],""job_title"":""L2 Technical Support (CCNA)"",""company_name"":"" IPNX Nigeria Limited"",""location"":""Lagos"",""start_date"":""2018-09-11"",""end_date"":""2020-08-12"",""description"":""I joined the company as a Network Engineer where I gained more hands-on experience in network design, escalation support and network administration. I was Awarded the best customer service agent based on numerous positive feedbacks from Customers in 2019.""},{""primary_technologies"":[""Java"",""Python""],""job_title"":""Software Instructor"",""company_name"":""Tuteria,"",""location"":""Lagos"",""start_date"":""2018-10-17"",""end_date"":""0001-01-01"",""description"":""I am responsible for building and grooming prospective students in any of these Software skill from beginner level to Advance level in programming, in Python Programming, Web development, java Programming, MS Suite packages (Excel, Word, Access, power point)""}],""skills"":[{""name"":""Python"",""years_of_experience"":4,""note"":""Development""},{""name"":""Java"",""years_of_experience"":4,""note"":""Development""},{""name"":""AWS"",""years_of_experience"":2,""note"":""Cloud ""},{""name"":""Node js"",""years_of_experience"":3,""note"":""Backend""},{""name"":""html/css"",""years_of_experience"":4,""note"":""Frontend""}],""portfolios"":[{""name"":""Github"",""url"":""github.com/gami34""},{""url"":""www.linkedin.com/in/gideon-mmeremnwanne-55513a10a"",""name"":""Linkedin""}],""first_name"":""GIDEON"",""last_name"":""MMERMNWANNE"",""preferred_name"":""GIDEON"",""pronoun"":""He/Him"",""email"":""gideonmmeremnwanne@gmail.com"",""phone"":""(+234) 0810 842 2803"",""city"":""Lagos"",""preferred_job_title"":""Software Developer"",""professional_start_date"":""0001-01-01""}"
fortune.nwankwo@10hourlabs.com,"{""country_code"":""NG"",""educations"":[],""experiences"":[{""primary_technologies"":[""Typescript"",""React js"",""Next js"",""Tailwind CSS""],""company_name"":""Bimbi Philips Consulting Limited"",""job_title"":""Senior Software Engineer (Consultant) (Contract)"",""location"":""NaN"",""start_date"":""2020-05-04"",""end_date"":""0001-01-01"",""description"":""- Consulted for the company’s management on a number of issues surrounding the product development progress and software deployment pipeline. - Worked with TypeScript, React.js, Next.js and Tailwind CSS to develop the web frontend for Travel Jinni, a full-featured web application for the Hospitality Management industry, particularly in the United Kingdom.""},{""primary_technologies"":[""React js"",""React native"",""Expo"",""Typescript"",""Firebase"",""Git""],""company_name"":""Yokunbo Studios"",""job_title"":""Senior Software Engineer (Lead Frontend Web & Mobile Developer)"",""location"":""NaN"",""start_date"":""2020-12-15"",""end_date"":""2020-03-08"",""description"":""- Developed software for, and supervising the frontend web and mobile engineering team on, four high-stakes software products.  - Maintained source code health by handling code reviews, reviewing pull requests, scheduling pair programming sessions and comunicating the progress on various projects to the company executives. - Worked closely with the UI/UX research teams on each project to research and develop emotive and intutive user interfaces for the software. - Enforce coding best practices, such as feature-centered software development principles (FCD) and Business-Driven Design (BDD). - Worked with technologies such as React.js, React Native, Expo, TypeScript, Firebase, Git, etc.""},{""primary_technologies"":[""Open cv2"",""AWS"",""Scikit learn"",""Beautiful soup""],""company_name"":""Flashup24 Software,"",""location"":""NaN"",""job_title"":""Senior Software Engineer (Consultant)"",""start_date"":""2021-01-12"",""end_date"":""0001-01-01"",""description"":""- Developed an Applicant Tracking System for use in in-house hiring processes using Machine Learning. Core technologies I work with on this project include TypeScript, React.js, Node.js, Python (Scikit-Learn, BeautifulSoup4 and OpenCV2) and AWS. This application, when complete, will completely overhaul the company’s application vetting process, improve efficiency by maximizing man-hours and ensuring an un-biased and standardized hiring process. - Lead the engineering team on multiple Web and Mobile software projects.""},{""primary_technologies"":[""MS SQL"",""MS Access""],""company_name"":""Bonitas Group"",""job_title"":""Senior Software Engineer"",""location"":""Lagos"",""start_date"":""2020-12-16"",""end_date"":""2021-02-18"",""description"":""- Developed MetroApartments, a service for leasing and renting apartments in Lagos State, Nigeria. - Helped develop the GreenValley Estate Management suite of web, mobile and desktop software. - Introduced modern software engineering best practices to the software engineering team, such as version control, Agile project management, pair programming and regular code reviews. - Helped develop a database system for efficiently tracking the lifecycle of Petroleum Engineering equipment using Microsoft SQL Server and Microsoft Access. - Set up and maintained Continous Integration/Continous Deployment pipelines (using technologies like Heroku, GitHub Actions and Netlify) for new projects in the organization.""},{""primary_technologies"":[""Dart"",""Flutter""],""company_name"":""SprintHub Mobile"",""job_title"":""Software Engineering Consultant/ Lead Frontend Developer (Contract)"",""location"":""NaN"",""start_date"":""2020-11-18"",""end_date"":""2021-01-09"",""description"":""- Led the frontend web development team in redeveloping the web application interface for OneWay Cab, a service for booking rides locally. - Implemented several User Interface upgrades to the application.  - Re-wrote several components for the web application, making it much faster and immensely improving the load time by implementing techniques such as client-side caching, web worker integration, media asset migration to Cloudinary. The improved user experience helped the service  gain popularity with users, garnering favourable reviews and increasing the company’s customer- base.  - Assisted the mobile development team in developing a mobile application (OneWay Cab) for the company using Dart and Flutter.""},{""primary_technologies"":[],""company_name"":""Flashup24 Software, Imaging & Graphics"",""location"":""NaN"",""job_title"":""Software Engineer/ Technical Lead"",""start_date"":""2020-10-08"",""end_date"":""2021-01-09"",""description"":""- Managed a team of six software developers (5 fullstack Web Software Developers and 1 mobile Software Engineer), constantly ensuring sprint deadlines were met and that each team member was doing their best work. - As Technical Lead, worked as the first point of call for both the development and management teams. - Ensured open lines of communication between members of project teams. - Re-designed and re-built the company website. - Was a driver for the company’s adoption of extensive documentation in our internal processes, especially in software project management. - Developed and supervised several Web, Mobile and Machine Learning software application projects (such as Realtor.ng, a web/mobile software suite that helps people find real estate property for rent or sale; Cuisine-N-Minutes, a web app that helps busy professionals buy food online from vetted vendors; Realtor.ng, CoinWealth, an online service for developing and managing a cryptocurrency investment portfolio).""},{""company_name"":""Payvest Global"",""location"":""NaN"",""job_title"":""Software Engineer"",""start_date"":""0020-10-02"",""end_date"":""2020-10-27"",""description"":""- Developed Fusbeast (https://developer.fusbeast.com), a comprehensive SDK that makes developing enterprise software for handling financial transactions immensely easy. - Developed OneDisk, a unified authentication system for accessing and tracking one’s financial investments, expenditure and income across several apps.""},{""primary_technologies"":[""Python"",""React js"",""Typescript"",""Node js""],""company_name"":""Smartech Global"",""job_title"":""Software Engineer"",""location"":""NaN"",""start_date"":""2020-04-08"",""end_date"":""2020-09-07"",""description"":""- Developed web applications using technologies like JavaScript, TypeScript, React.js, PHP, Python, Node.js, Figma, etc. - Built the web application frontend for SilverDuch, a software suite for exchanging/trading cryptocurrency locally and internationally. - Single-handedly built Reeler, a social network for sharing 12-second-length videos.""},{""primary_technologies"":[""PHP"",""HTML""],""company_name"":""AQ Skill"",""job_title"":""– Software Developer/ Programming Instructor (Contract)"",""location"":""NaN"",""start_date"":""2019-06-09"",""end_date"":""2020-06-29"",""description"":""- Helped the company develop a stronger online presence by re-building their website and landing page.  - Assisted in developing an intuitive, user-friendly web interface for the company’s e-learning resource online marketplace that helped grow the company’s customer-base by more than 1000 new students within the first month of launch. - As a programming instructor, created video course content and taught frontend (HTML5, CSS3, Bootstrap4) and backend (PHP) web development.""},{""primary_technologies"":[""Python""],""company_name"":""AI Labs"",""job_title"":""Machine Learning Engineer"",""location"":""NaN"",""start_date"":""2019-01-08"",""end_date"":""2020-04-03"",""description"":""- Compiled pricing data for competitive analysis by performing web scraping using Python. - Created charts in Jupyter Notebook to perform preliminary data analysis and data visualization using Seaborn and Matplotlib. - Determined optimal pricing strategies to maximize customer loyalty and engagement. - Supervised gathering, filtering and categorization of data of hundreds of consumer products, feature research and model development for regression modelling that was used to develop a recommendation engine. - Developed a partner recommendation engine that was used to recommend local businesses that offer certain services to individuals and businesses who needed those services.""},{""primary_technologies"":[""Python"",""PHP"",""SQL""],""company_name"":""BCIS Systems"",""location"":""NaN"",""description"":""- Researched Android/embedded device software vulnerabilities by performing penetration tests targeted at Android mobile devices and small IoT hardware, primarily using Python, bash, PHP, Wireshark and Metasploit on Linux and Termux. - Developed Machine Learning systems to detect malware intrusion by tracking system resource thresholds and abnormalities in computing resource consumption. - Extensively documented discovered vulnerabilities and research findings. - Developed Eclair, an Android application for finding and fixing SQL injection vulnerabilities in web sites."",""job_title"":""Information Security Analyst / Lead Junior Software Developer (Machine Learning)"",""start_date"":""2017-11-01"",""end_date"":""2017-11-30""},{""primary_technologies"":[""Python""],""company_name"":""PenHouse International Group of Schools"",""job_title"":""Computer Science/ Mathematics Teacher (Part-time)"",""location"":""NaN"",""start_date"":""2016-05-09"",""end_date"":""2016-08-09"",""description"":""- Taught the basics of computer science (at the secondary education level) and software programming to more than 20 students aged 13 – 16. - Organized and co-hosted a Python programming competition that helped to nurture a passion for programming in the students.""},{""company_name"":""Graceland IT Systems Ltd."",""job_title"":""Software Developer/ Lead Frontend Developer"",""location"":""NaN"",""start_date"":""2016-04-08"",""end_date"":""2017-10-09"",""description"":""Software Developer/ Lead Frontend Developer""},{""primary_technologies"":[""HTML/CSS"",""PHP"",""Python""],""company_name"":""Sonny Otega & Sons Ltd."",""job_title"":""Computer Programmer/ Software Developer/ Lead Developer"",""location"":""NaN"",""start_date"":""2013-07-12"",""end_date"":""2016-04-09"",""description"":""- Developed a website and a web application for analysing business data (e.g finances, sales and customer engagement on social media) and rendering different kinds of visualized graph plots using HTML5, CSS3, JavaScript, PHP and Python (NumPy and Matplotlib). This helped the company management to gain clearer insight into the effectiveness of their business strategy. They were able to improve their business model, target a more niche audience and their factory equipment sales increased tremendously.""},{""primary_technologies"":[""Python""],""company_name"":""SquirrelTech Ltd."",""job_title"":""Python Developer (Intern/Full-time)"",""location"":""NaN"",""description"":""- Developed software applications in Python using Tkinter, Requests, BeautifulSoup4, URLlib, amongst others."",""start_date"":""2012-01-08"",""end_date"":""2013-07-09""},{""company_name"":""Visor Blog"",""job_title"":""Technical Writer (Java)"",""location"":""NaN"",""start_date"":""2009-12-09"",""end_date"":""2012-03-08"",""description"":""Visor Blog – Technical Writer (Java)""},{""primary_technologies"":[""Basic"",""Java""],""company_name"":""ITCraft Solutions Ltd."",""job_title"":""– Programmer (Student Intern)"",""location"":""NaN"",""start_date"":""2008-08-19"",""end_date"":""2010-03-14"",""description"":""- Developed several mobile applications for the J2ME mobile platform using technologies like Java, XML and BlueJ. - Learned Object-oriented programming practices with Java. - Learned Procedural programming with BASIC and VisualBasic.""}],""skills"":[{""name"":""Python"",""years_of_experience"":8,""note"":""Dev""},{""name"":""JavaScript"",""years_of_experience"":9,""note"":""Web Development""},{""name"":""C++"",""years_of_experience"":5,""note"":""Development""},{""name"":""SQL"",""years_of_experience"":8,""note"":""Database""},{""name"":""Node js"",""years_of_experience"":7,""note"":""Backend""},{""name"":""PHP"",""years_of_experience"":7,""note"":""Backend""},{""name"":""React js"",""years_of_experience"":5,""note"":""Frontend""},{""name"":""React native"",""years_of_experience"":3,""note"":""Mobile Development""},{""name"":""Django"",""years_of_experience"":7,""note"":""Backend""},{""name"":""Pandas"",""years_of_experience"":4,""note"":""Machine Learning""},{""name"":""Scikit learn "",""years_of_experience"":4,""note"":""Machine Learning""},{""name"":""GCP"",""years_of_experience"":3,""note"":""Cloud""},{""name"":""AWS"",""years_of_experience"":4,""note"":""Cloud""}],""portfolios"":[{""url"":""https://github.com/icheka"",""name"":""Github""},{""url"":""https://linkedin.com/in/icheka-ozuru"",""name"":""Linkedin""}],""first_name"":""Icheka"",""last_name"":""Ozuru"",""preferred_name"":""Ozuru"",""pronoun"":""He/Him"",""preferred_job_title"":""Senior Software Engineer"",""email"":""rhemafortune@gmail.com"",""phone"":""+234"",""city"":""NaN"",""professional_start_date"":""0001-01-01""}"
fortune.nwankwo@10hourlabs.com,"{""country_code"":""NG"",""educations"":[{""institution_name"":""Houdegbe North American University"",""location"":""Cotonou, Benin."",""degree"":""Computer Science"",""program"":""BSc "",""overview"":""BSc Computer Science"",""start_date"":""2011-08-12"",""end_date"":""2015-09-18""}],""experiences"":[{""primary_technologies"":[],""company_name"":""NativShark"",""job_title"":""Fullstack Developer"",""location"":""NaN"",""start_date"":""2020-03-08"",""end_date"":""0001-01-01"",""description"":""▪ Working on a core engine that drives the NativShark platform. ▪ Research on cloud technologies to determine how they can benefit NativShark ▪ Contributing to project management planning. ▪ Documentation of codes and technologies.""},{""company_name"":""Lopworks Limited"",""location"":""NaN"",""description"":""▪ API management using IBM API Connect and Tyk. ▪ Planning and Development of Web Application. ▪ Training of Client’s Staff on various technologies."",""job_title"":""Applications Developer"",""start_date"":""2018-09-18"",""end_date"":""2020-02-03""},{""primary_technologies"":[],""description"":""▪ Educated students on Mathematics and Computer studies. ▪ Organize, maintain and manage class curriculum. ▪ Prepare course material and administer grade examinations. ▪ Advice and counsel students. ▪ Carried out administrative duties."",""company_name"":""Triumphant Academy (NYSC)"",""job_title"":""Teacher of Mathematics and Computer Studies"",""location"":""NaN"",""start_date"":""2006-05-09"",""end_date"":""2007-03-09""},{""company_name"":""Enovait"",""location"":""NaN"",""job_title"":""Software and Web Developer"",""start_date"":""2014-06-09"",""end_date"":""2018-04-08"",""description"":""▪ Creating Websites to meet client’s needs. ▪ Developed PC applications. ▪ Installation of computer system software. ▪ Facilitated training for other employees.""},{""company_name"":""ANSA Systems Limited."",""description"":""▪ Repair and maintenance of computer hardware. ▪ Carried out administrative duties. ▪ Installation of computer system software. ▪ Wrote weekly reports on projects at hand. ▪ Developed an intranet web application for sales reporting."",""job_title"":""Intern"",""location"":""NaN"",""start_date"":""2013-08-12"",""end_date"":""2013-11-09""}],""skills"":[{""name"":""Html/Css/Javascript"",""years_of_experience"":5,""note"":""Frontend""},{""name"":""React js"",""years_of_experience"":4,""note"":""Frontend""},{""name"":""Vue js"",""years_of_experience"":4,""note"":""Frontend""},{""name"":""Node js"",""years_of_experience"":5,""note"":""Backend""},{""name"":""Firebase"",""years_of_experience"":3,""note"":""Backend""}],""portfolios"":[{""name"":""Github"",""url"":""github.com/femzy123""}],""first_name"":""Ogunmokun"",""last_name"":""Bolarinwa"",""preferred_name"":""Bolarinwa"",""pronoun"":""He/Him"",""email"":""obafemiogunmokun@gmail.com"",""phone"":""+234 7037140804"",""city"":""Lagos"",""preferred_job_title"":""Fullstack Developer"",""professional_start_date"":""0001-01-01""}"
fortune.nwankwo@10hourlabs.com,"{""country_code"":""NG"",""educations"":[{""institution_name"":""Houdegbe North American University"",""location"":""Cotonou, Benin."",""degree"":""Computer Science"",""program"":""BSc "",""overview"":""BSc Computer Science"",""start_date"":""2011-08-12"",""end_date"":""2015-09-18""}],""experiences"":[{""primary_technologies"":[],""company_name"":""NativShark"",""job_title"":""Fullstack Developer"",""location"":""NaN"",""start_date"":""2020-03-08"",""end_date"":""0001-01-01"",""description"":""▪ Working on a core engine that drives the NativShark platform. ▪ Research on cloud technologies to determine how they can benefit NativShark ▪ Contributing to project management planning. ▪ Documentation of codes and technologies.""},{""company_name"":""Lopworks Limited"",""location"":""NaN"",""description"":""▪ API management using IBM API Connect and Tyk. ▪ Planning and Development of Web Application. ▪ Training of Client’s Staff on various technologies."",""job_title"":""Applications Developer"",""start_date"":""2018-09-18"",""end_date"":""2020-02-03""},{""primary_technologies"":[],""description"":""▪ Educated students on Mathematics and Computer studies. ▪ Organize, maintain and manage class curriculum. ▪ Prepare course material and administer grade examinations. ▪ Advice and counsel students. ▪ Carried out administrative duties."",""company_name"":""Triumphant Academy (NYSC)"",""job_title"":""Teacher of Mathematics and Computer Studies"",""location"":""NaN"",""start_date"":""2006-05-09"",""end_date"":""2007-03-09""},{""company_name"":""Enovait"",""location"":""NaN"",""job_title"":""Software and Web Developer"",""start_date"":""2014-06-09"",""end_date"":""2018-04-08"",""description"":""▪ Creating Websites to meet client’s needs. ▪ Developed PC applications. ▪ Installation of computer system software. ▪ Facilitated training for other employees.""},{""company_name"":""ANSA Systems Limited."",""description"":""▪ Repair and maintenance of computer hardware. ▪ Carried out administrative duties. ▪ Installation of computer system software. ▪ Wrote weekly reports on projects at hand. ▪ Developed an intranet web application for sales reporting."",""job_title"":""Intern"",""location"":""NaN"",""start_date"":""2013-08-12"",""end_date"":""2013-11-09""}],""skills"":[{""name"":""Html/Css/Javascript"",""years_of_experience"":5,""note"":""Frontend""},{""name"":""React js"",""years_of_experience"":4,""note"":""Frontend""},{""name"":""Vue js"",""years_of_experience"":4,""note"":""Frontend""},{""name"":""Node js"",""years_of_experience"":5,""note"":""Backend""},{""name"":""Firebase"",""years_of_experience"":3,""note"":""Backend""}],""portfolios"":[{""name"":""Github"",""url"":""github.com/femzy123""}],""first_name"":""Ogunmokun"",""last_name"":""Bolarinwa"",""preferred_name"":""Bolarinwa"",""pronoun"":""He/Him"",""email"":""obafemiogunmokun@gmail.com"",""phone"":""+234 7037140804"",""city"":""Lagos"",""preferred_job_title"":""Fullstack Developer"",""professional_start_date"":""0001-01-01""}"
fortune.nwankwo@10hourlabs.com,"{""country_code"":""NG"",""educations"":[{""institution_name"":""University of Calabar"",""location"":""Calabar"",""degree"":""ELECTRONICS AND COMPUTER TECHNOLOGY"",""program"":""B.SC"",""overview"":""B.SC IN ELECTRONICS AND COMPUTER TECHNOLOGY"",""start_date"":""2010-01-09"",""end_date"":""2015-04-17""}],""experiences"":[{""company_name"":""Olotusquare"",""job_title"":""WEB DEVELOPMENT INTERN"",""location"":""Port Harcourt, Nigeria"",""description"":""• Web development training and handling their client web issues and building a new one • Designed two websites and made different maintenance to existing website."",""start_date"":""2017-01-12"",""end_date"":""2017-03-09""},{""company_name"":""Mayapro1 Limited"",""location"":""SOFTWARE ENGINEER"",""job_title"":""Ikoyi Lagos"",""start_date"":""2018-10-09"",""end_date"":""2019-04-08"",""description"":""• Web/software development and design • USSD Integrations • Devops Engineer worked with Amazon • VAS integration. • Developed 8 website and 2 mobile Apps, integrated 4 USSD and worked with a team to establish a vas with MTN Swaziland and MTN Nigeria.""},{""company_name"":""Real Search and Partners (Block chain technology company)"",""location"":""Lekki Lagos, Nigeria"",""job_title"":""Software Developer"",""start_date"":""2019-03-07"",""end_date"":""2019-10-09"",""description"":""• Working with the team to maintain, improve, stabilize their two blockchain platforms, Pythonsignals and Birrion • Made a lot of improvement and adjustments in their applications both web and mobile and also did a USSD for them with Africa is talking.[Built a new logic promotional level to the Multi-level Marketing blog chain app (Tonoit) and some major site features, worked on the mobile app and web app (Birrion). ]""},{""company_name"":""Pensions Alliance"",""job_title"":""SOFTWARE CONSULTANT"",""location"":""Victoria Island Lagos, Nigeria"",""description"":""• Develop web and mobile app used internally with the team • Developed one web app and 2 mobile app (Pallite and PAL App ). [Integrated the full pension management app for client and a data recapture app for the staff of the company and agents too with Payment integration with Cyberpay]."",""start_date"":""2019-05-12"",""end_date"":""2019-08-12""},{""primary_technologies"":[""Flutter""],""company_name"":""AXA Mansard"",""job_title"":""MOBILE APP CONSULTANT"",""location"":""Lekki Lagos, Nigeria"",""start_date"":""2019-03-11"",""end_date"":""2019-12-19"",""description"":""• Develop company mobile app • Developing Company mobile app (MYAXA). [ Integrated Health, Insurance, Pension and Investment Management for their business plus payment integration with Flutter].""},{""company_name"":""ITEX INTEGRATION SERVICES (FINTECH Company)."",""location"":""Victoria Island Lagos, Nigeria"",""job_title"":""SENIOR SOFTWARE ENGINEER"",""start_date"":""2020-01-22"",""end_date"":""0001-01-01"",""description"":""• Back-end Development with NodeJs • Cross Platform mobile Development (Android and IOS). Ionic and React Native • Developed Payvice IOS and Android. A Fintech App with both Telecoms and bills payment with wallet system. • Work on the companies Remote Upgrade and Remote signing application • Track money integration with First Bank of Nigeria for onboarding, tracking and getting report of their POS across the nation • Integrated Fast Pay with Access Bank of Nigeria. A new payment method with code for POS agents""},{""company_name"":""Ventures Garden Group"",""job_title"":""CONTRACT WEB DEVELOPER"",""location"":""Ikeja Lagos, Nigeria"",""description"":""Did 2 website for them using react/typescript."",""start_date"":""2021-01-09"",""end_date"":""0001-01-01""},{""company_name"":""Chaka.ng"",""location"":""Ikoyi Lagos, Nigeria"",""job_title"":""CONTRACT FRONT END ENGINEER"",""description"":""Help with cleanup, optimization, and adding of new feature to their version 2 angular app."",""start_date"":""2021-03-07"",""end_date"":""0001-01-01""}],""skills"":[{""name"":""Javascript"",""years_of_experience"":8,""note"":""Frontend""},{""name"":""PHP/Laravel"",""years_of_experience"":9,""note"":""Backend""},{""name"":""Node js"",""years_of_experience"":6,""note"":""Backend""},{""name"":""Wordpress"",""years_of_experience"":4,""note"":""Web Development""},{""name"":""html/css"",""years_of_experience"":9,""note"":""Frontend""},{""name"":""AWS"",""years_of_experience"":5,""note"":""Cloud""}],""portfolios"":[{""name"":""Github"",""url"":""https://github.com/satowind""}],""first_name"":""Ogugua"",""last_name"":""Tochukwu"",""preferred_name"":""Tochukwu"",""pronoun"":""He/Him"",""email"":""Evensatowind@gmail.com"",""phone"":""08038385263"",""city"":""Lagos"",""preferred_job_title"":""Web Development"",""professional_start_date"":""0001-01-01""}"
fortune.nwankwo@10hourlabs.com,"{""country_code"":""NG"",""educations"":[{""institution_name"":""UNIVERSITY OF IBADAN"",""location"":""Ibadan"",""degree"":""Geography"",""program"":""BSc"",""start_date"":""2011-01-09"",""end_date"":""2015-02-09"",""overview"":""BSc Geography (2nd Class Upper)""},{""institution_name"":""UNIVERSITY OF IBADAN"",""degree"":""Urban and Regional Planning"",""location"":""Ibadan"",""program"":""MSc"",""start_date"":""2016-03-12"",""end_date"":""2018-06-19"",""overview"":""MSc Urban and Regional Planning""}],""experiences"":[{""primary_technologies"":[""React js"",""JRA""],""company_name"":""Contract Frontend Developer"",""location"":""Pictureworks, Australia"",""description"":""Work with a Backend Developer to deliver on new functionalities to the existing platform as well as improve on existing implementation."",""job_title"":""Contract Frontend Developer"",""start_date"":""2021-01-08"",""end_date"":""0001-01-01""},{""primary_technologies"":[""React/Native""],""company_name"":""DewsTech"",""job_title"":""Freelance Frontend Developer"",""location"":""Remote"",""description"":"" Worked based on weekly milestone tracked by PivotalTracker – achieved 90% weekly completion of UI design implementation and API Integration.  Designed the flow and developed the code for new applications and collaborated with other developers to create high quality software.  Worked in a small team using the Agile methodology of development and release.  Engaged in Web Development and Mobile Development for Android and iOS to develop a Cryptocurrency based solution."",""start_date"":""2021-01-09"",""end_date"":""2021-05-17""},{""primary_technologies"":[""React js"",""Docker"",""Node js"",""AWS""],""job_title"":""Freelance Backend Developer"",""company_name"":""Claron International"",""location"":""Ghana [REMOTE]"",""start_date"":""2020-12-14"",""end_date"":""2021-02-17"",""description"":"" Join the team to speed-up the launch of the Product to PlayStore and App Store - working as a Full-stack Developer. (Went live 1st week in January)  AWS management of EC2 instances and Cloud management.  Development of needed APIs for the mobile developer as well as development of the Admin Platforms with React""},{""primary_technologies"":[""Angular"",""Node js"",""Typescript"",""MongoDB""],""job_title"":""FullStack Developer"",""company_name"":""RubikPay Limited"",""location"":""Nigeria"",""start_date"":""2020-07-09"",""end_date"":""2020-12-14"",""description"":"" Building and maintenance of project through the Project lifecycle.  Worked on two Micro-finance bank Admin Platforms using Angular to make adjustment and implementing new features on one while building another from scratch.  Worked simultaneously on the Mobile app using Ionic 5 to do a complete revamp of the Micro-finance app UI and add new functionalities.  Worked on the backend to expose the APIs I need for the required functionalities on the Admin platform and on the mobile application working with MongoDB, Node and Express.  Worked on the USSD platform using Node, MongoDB, Express and AfricasTalking  Also worked with React on some other projects  Evaluated, tested, debugged, implemented, documented, maintained, and supported new/existing web applications.""},{""primary_technologies"":[],""description"":"" Worked with JSP and Spring-boot for a tightly-coupled application to extend its functionalities based on new set of requirements.  Worked with IBM Watson for the fine-tuning of the Bank’s Chatbot.  Wrote Automation Test with Selenium and Cypress for functional testing of web application by automating browser actions for a number of applications.  Performed Load testing using JMeter to analyze and measure the performance of a number of applications and recommended ways to optimize those applications.  Developed a Monitoring and Reporting web application to monitor Eco-bank products working on the front-end and also worked on a Test and Version Control solution."",""company_name"":""Ecobank Software Centre"",""location"":""Nigeria"",""job_title"":""Front End Developer"",""start_date"":""2019-10-09"",""end_date"":""2020-06-12""},{""primary_technologies"":[""React Native""],""company_name"":""Wavepalm Technologies,"",""location"":""Nigeria"",""job_title"":""Software Developer"",""start_date"":""2019-05-13"",""end_date"":""2019-10-09"",""description"":"" Revamp of a mobile app (Tranzfar) used money transfer between European countries and selected African countries using React Native.  UI Design of Unicorn – a mobile application where Nigerians in Diaspora can register to get their National Identify Number using React Native.""}],""skills"":[{""name"":""React "",""years_of_experience"":3,""note"":""Frontend""},{""name"":""React Native"",""years_of_experience"":3,""note"":""Mobile Development""},{""name"":""MongoDb"",""years_of_experience"":2,""note"":""Database""},{""name"":""TypeScript"",""years_of_experience"":2,""note"":""Frontend""},{""name"":""Angular"",""years_of_experience"":3,""note"":""Frontend""}],""portfolios"":[{""name"":""Github"",""url"":""https://github.com/mysuulola/""},{""name"":""Linkedin"",""url"":""https://linkedin.com/in/suulola/""}],""first_name"":""OLUWASEYI"",""last_name"":""PETER"",""preferred_name"":""PETER"",""email"":""oluwaseyisuulola@gmail.com"",""phone"":""(+234)7061972413"",""city"":""NaN"",""preferred_job_title"":""Software Developer"",""professional_start_date"":""0001-01-01"",""pronoun"":""He/Him""}"
fortune.nwankwo@10hourlabs.com,"{""country_code"":""NG"",""educations"":[{""institution_name"":""University of Port Harcourt"",""location"":""Port harcourt"",""degree"":""NaN"",""program"":""BSc"",""start_date"":""2012-10-09"",""end_date"":""2016-08-09"",""overview"":""Bachelor’s | University of Port Harcourt""}],""experiences"":[{""job_title"":""Senior Quality Assurance Engineer"",""company_name"":""Carbon"",""location"":""Remote"",""start_date"":""0001-01-01"",""end_date"":""0001-01-01"",""description"":""● Improved app trustworthiness by 10% by testing end to end the KYC flow and assuring quality ● Increased app download by 5% by testing end to end and assuring quality on app improvements that were previously pain points for users  ● Onboarded and mentored new QA team members on the team and help them to quickly start contributing, this resulted in a 5% reduction in customers issues as bugs are catched, logged and squashed before shipping to production""},{""primary_technologies"":[""Python"",""Javascript"",""Textcafe""],""job_title"":""Quality Assurance Engineer"",""company_name"":""ProdPerfect"",""location"":""Remote"",""description"":""● Created new test suites for firms like etsy, repairpal, modsy, branch insurance etc ● Stabilized existing test suites for firms like jims group, classy, trilogy, gov docs etc ● Expanded coverage on existing test suites for firms like elemental machines, optilyz, swing education etc"",""start_date"":""0001-01-01"",""end_date"":""0001-01-01""},{""company_name"":""Prunedge"",""location"":""Renote"",""job_title"":""Front End Engineer"",""description"":""● Developed user interface for the Gloepid(Covid-19 contact tracing and management application) ● Increased Contact tracing officer KPIs for tracing contacts of infected by 5% by developing a robust tracing graph interface to see who is at high risk, medium and low risk of infection ● Increased State administrators insight on the number of infected persons including their contacts 10% by developing a robust dashboard to see number of persons at high risk, their contacts and where they are located"",""start_date"":""0001-01-01"",""end_date"":""0001-01-01""},{""primary_technologies"":[""Node js"",""React js"",""Typescript""],""job_title"":""Full Stack Engineer"",""company_name"":""Ideo.org"",""location"":""Remote"",""start_date"":""0001-01-01"",""end_date"":""0001-01-01"",""description"":""● Developed features on the admin dashboard. ● Developed features on the admin profile, user profile, client sessions, etc ● Fixed bugs and performed some chores""},{""primary_technologies"":[""React js"",""Apollo-Graphql(with"",""hooks),"",""Context""],""job_title"":""Front End Engineer"",""company_name"":""Clictask"",""location"":""Remote"",""start_date"":""0001-01-01"",""end_date"":""0001-01-01"",""description"":""● Developed features on the client and pro Dashboard. ● Developed features on the searching, sorting for pro’s as well as projects ● Developed feature to paginate projects ● Developed the bidding system ● Fixed bugs and performed some chores""}],""skills"":[{""name"":""Html/Css/Javascript"",""years_of_experience"":7,""note"":""Frontend""},{""name"":""React js"",""years_of_experience"":5,""note"":""Frontend""},{""name"":""React Native"",""years_of_experience"":4,""note"":""Mobile Development""},{""name"":""Flask"",""years_of_experience"":5,""note"":""Backend""},{""name"":""Node js"",""years_of_experience"":8,""note"":""Backend""},{""name"":""Docker"",""years_of_experience"":3,""note"":""Dev""},{""name"":""Kubernetes"",""years_of_experience"":4,""note"":""Development""},{""name"":""SQL"",""years_of_experience"":5,""note"":""Database""}],""portfolios"":[{""name"":""Linkedin"",""url"":""https://www.linkedin.com/in/patrick-azu-22028a14b/""}],""first_name"":""Patrick"",""last_name"":""Azu"",""preferred_name"":""Patrick"",""pronoun"":""He/Him"",""email"":""azupatrick0@gmail.com"",""phone"":""+234"",""city"":""NaN"",""preferred_job_title"":""Software Engineer"",""professional_start_date"":""0001-01-01""}"
fortune.nwankwo@10hourlabs.com,"{""country_code"":""NG"",""educations"":[{""institution_name"":""Federal University of Technology"",""location"":""Minna"",""degree"":""Computer Engineering"",""program"":""BEng"",""overview"":""BEng. Computer Engineering"",""start_date"":""2011-10-09"",""end_date"":""2015-09-08""}],""experiences"":[{""company_name"":""WEBCOUPERS LLC"",""location"":""Remote"",""job_title"":""Technical Lead"",""start_date"":""2021-02-14"",""end_date"":""2022-03-24"",""description"":""● Work with the Head of Engineering to achieve departmental goals. ● Design system architecture for client applications. ● Review pull request raised by teammates. ● Manage/maintain company repositories. ● Periodically conduct one-on-one meetings with developers. ● Create and maintain deployment pipelines for every company project.""},{""company_name"":""WEBCOUPERS LLC"",""location"":""Remote"",""job_title"":""Senior Software Engineer / DevOps"",""start_date"":""2020-01-14"",""end_date"":""2021-01-12"",""description"":""● Work with teammates to implement software requests from clients. ● Manage/maintain company repositories. ● Actively involved in review of pull requests raised by teammates. ● Create and maintain deployment pipeline for every company projects""},{""company_name"":""SUPERMARTNG EXPRESS LIMITED"",""location"":""Lagos-Nigeria"",""job_title"":""Software Engineer"",""start_date"":""2018-08-12"",""end_date"":""2020-01-13"",""description"":""● Work with teammates to develop and maintain company web applications. ● Responsible for upgrading the company site to a progressive web application.""}],""skills"":[{""name"":""Html/Css/Javascript"",""years_of_experience"":7,""note"":""Frontend""},{""name"":""Typescript"",""years_of_experience"":4,""note"":""Frontend""},{""name"":""Node js"",""years_of_experience"":6,""note"":""Backend""},{""name"":""React js"",""years_of_experience"":5,""note"":""Frontend""},{""name"":""SQL/NoSQL"",""years_of_experience"":5,""note"":""Database""},{""name"":""Docker"",""years_of_experience"":3,""note"":""Dev""},{""name"":""AWS"",""years_of_experience"":4,""note"":""Cloud""},{""name"":""GCP"",""years_of_experience"":2,""note"":""Cloud""}],""portfolios"":[{""name"":""Github"",""url"":""github.com/samuelOyegbemi""},{""name"":""Linkedin"",""url"":""https://www.linkedin.com/in/s amuel-oyegbemi""}],""first_name"":""Samuel"",""last_name"":""Oyegbemi"",""preferred_name"":""Samuel"",""pronoun"":""He/Him"",""email"":""samueloyegbemi@gmail.com"",""phone"":""+234-810-237-7949"",""city"":""Lagos"",""preferred_job_title"":""Software Engineer"",""professional_start_date"":""2022-03-24""}"
fortune.nwankwo@10hourlabs.com,"{""country_code"":""NG"",""educations"":[{""institution_name"":""Staffordshire University"",""location"":""UK"",""degree"":""Software Engineering"",""program"":""(Bsc) Bachelor of Science"",""start_date"":""2014-09-12"",""end_date"":""2017-07-14"",""overview"":""(Bsc) Bachelor of Science in Software Engineering.""}],""experiences"":[{""company_name"":""Duronetworks/GetriPay (fintech)"",""location"":""Lagos State,"",""job_title"":""Software Engineer"",""description"":""took care of approval, disbursement of loans and others."",""start_date"":""2020-07-18"",""end_date"":""2022-03-24""},{""job_title"":""Sabogerri"",""company_name"":""Government Junior Secondary School Nomansland"",""location"":""Kano"",""start_date"":""2018-07-18"",""end_date"":""2019-06-13"",""description"":""● Computer Science Educator. Got experience while undergoing national youth service by educating the next generation in the northern area of the importance of computers and technology in general. Came up with new ways of educating young ones of new tech and tech ideas.""},{""company_name"":""Chevron Nigeria Limited"",""location"":""Lagos"",""job_title"":""Internship"",""description"":""Did my Internship in Chevron Nigeria Limited, where I was assigned to the control panel of the company. Here I worked on different servers from automated door servers to IP cameras servers. I telnet new IP Addresses to down servers."",""start_date"":""2016-07-19"",""end_date"":""2016-10-14""}],""skills"":[{""name"":""PHP/Laravel"",""years_of_experience"":5,""note"":""Backend""},{""name"":""JavaScript"",""years_of_experience"":6,""note"":""Frontend""},{""name"":""C#"",""years_of_experience"":5,""note"":""Development""},{""name"":""Java"",""years_of_experience"":6,""note"":""mobile development""}],""portfolios"":[{""url"":""https://github.com/DR-FREKE/NCCF-KANO-CHAPTER"",""name"":""Github""}],""first_name"":""SOLOMON "",""last_name"":""NDIFEREKE"",""preferred_name"":""NDIFEREKE"",""pronoun"":""He/Him"",""email"":""SOLOMONNDI96@GMAIL.COM"",""phone"":""+234 8077946785"",""city"":""Lagos"",""preferred_job_title"":""Software Engineer"",""professional_start_date"":""2022-03-24""}"
fortune.nwankwo@10hourlabs.com,"{""country_code"":""NG"",""educations"":[{""institution_name"":""THE POLYTECHNIC  IBADAN"",""location"":""IBADAN"",""degree"":"" Computer Engineering Technology"",""program"":""HIGHER NATIONAL DIPLOMA"",""overview"":""Discipline: Computer Engineering Technology Grade: Distinction"",""start_date"":""2017-07-13"",""end_date"":""2019-10-09""},{""institution_name"":""HE POLYTECHNIC IBADAN"",""location"":""Ibadan"",""degree"":"" Computer Engineering Technology"",""program"":""NATIONAL DIPLOMA"",""start_date"":""2014-09-13"",""end_date"":""2016-11-09"",""overview"":""Discipline: Computer Engineering Technology Grade: Distinction""}],""experiences"":[{""primary_technologies"":[""html/css/js""],""company_name"":""APTECH COMPUTER EDUCATION"",""location"":""NaN"",""job_title"":""INTERN"",""start_date"":""2017-04-08"",""end_date"":""2017-12-09"",""description"":""Learnt the basics of web development HTML5, CSS and CSS3,  JAVASCRIPT. Learnt the basics of Python programming language. Troubleshoot students’ faulty laptops.""},{""company_name"":""GNT NIGERIA"",""location"":""Ng"",""description"":""Learnt the basics of networking CCNA Routing and Switching. Learnt how to configure cisco routers and switches using Packet  Tracer. Designed VLANs for switches using Packet Tracer. Learnt subnetting IP addresses with various subnet mask."",""job_title"":""Intern"",""start_date"":""2015-10-09"",""end_date"":""2016-02-14""}],""skills"":[{""name"":""Html/Css/Javascript"",""years_of_experience"":3,""note"":""Frontend""},{""name"":""Django"",""years_of_experience"":4,""note"":""Backend""}],""portfolios"":[{""url"":""https://www.linkedin.com/in/adedokun-abdulrokeeb-6605b3117/"",""name"":""Linkedin""}],""first_name"":""ADEDOKUN"",""last_name"":""ABDULROKEEB"",""preferred_name"":""ABDULROKEEB"",""pronoun"":""He/Him"",""email"":""brainiacrawkib@gmail.com"",""phone"":""07014074452"",""city"":""NaN"",""preferred_job_title"":""Backend Developer"",""professional_start_date"":""2022-03-24""}"
fortune.nwankwo@10hourlabs.com,"{""country_code"":""NG"",""educations"":[{""degree"":""BIOCHEMISTRY"",""institution_name"":""AHMADU BELLO UNIVERSITY,"",""location"":""ZARIA"",""start_date"":""2007-10-08"",""end_date"":""2012-09-12"",""overview"":""BSC BIOCHEMISTRY"",""program"":""BSc""}],""experiences"":[{""job_title"":""SOFTWARE ENGINEER"",""company_name"":""iRESPOND TELETHERAPY (START-UP) | "",""location"":""NaN"",""start_date"":""2021-02-14"",""end_date"":""2022-03-23"",""description"":""Team lead, scrum master and chief application architect, in charge of designing and coordinating the SDLC using agile development practice ● Worked with project managers to design and implement scalable solution ● Analyzed requirements and designed, developed and implemented the backend web services using Spring boot. ● Scouting and recruitments of talent to make the project a success ● Collaborated with team of expert and tester to ensure best practices and improve code efficiency""},{""primary_technologies"":[""MySQL"",""Python"",""Javascript"",""MSSQL""],""job_title"":""SOFTWARE ENGINEER TRAINEE"",""company_name"":""SEMICOLON AFRICA"",""location"":""Africa"",""start_date"":""2020-01-12"",""end_date"":""2021-02-14"",""description"":"" Understanding and using software development life-cycle principles to deploy software application to solve problems using Human Centered approach in developing innovative solutions that are desirable, feasible and viable ● Learning and Using basic programming languages such as Java, Python, JavaScript ● Collecting and manipulating data using tools such as MySQL workbench, Microsoft SQL server. ● Understanding the principles of Business Management""},{""description"":""● Implement actions that improve the school and the quality of education (e.g. building renovations, new guidelines for students, new subjects) ● Hire, train and provide professional guide to staff ● Provision of guidance and mentoring for students ● Manage budgets, events, scheduling and record keeping"",""company_name"":""NURUL HUDAH ISLAMIC SCHOOLS,"",""location"":""Ilorin"",""job_title"":""SCHOOL ADMINISTRATOR"",""start_date"":""2015-01-14"",""end_date"":""2018-11-08""},{""primary_technologies"":[""Java"",""React js"",""Kotlin"",""Vaadin""],""job_title"":""JAVA FULLSTACK ENGINEER"",""company_name"":""NTEGRATED SOFTWARE SERVICES LIMITED"",""location"":""NaN"",""start_date"":""2021-03-14"",""end_date"":""2021-12-05"",""description"":""● Collaborated with a cross-functional development team to improve application performance to meet changing market trends and individual customer demands. ● Build interface for enterprise application/legacy application in vaadin as part of Java project ● Development of UI using, Vaadin, Reactjs, Kotlin for mobile ● Analyzed requirements and designed, developed and implemented software applications for multiple websites""}],""skills"":[{""name"":""Java"",""years_of_experience"":2,""note"":""Development""},{""name"":""Kotlin"",""years_of_experience"":2,""note"":""Mobile Development""},{""name"":""React js"",""years_of_experience"":3,""note"":""Frontend""},{""name"":""SQL"",""years_of_experience"":1,""note"":""Database""},{""name"":""Python"",""years_of_experience"":2,""note"":""Development""}],""portfolios"":[{""name"":""Github"",""url"":""github.com/bjayzee""}],""first_name"":""BOLAJI"",""last_name"":""ADAMS"",""preferred_name"":""DANJUMA"",""pronoun"":""He/Him"",""preferred_job_title"":""Software Engineer"",""email"":""bjayzee@gmail.com"",""phone"":""2348034717043"",""city"":""NaN"",""professional_start_date"":""2022-02-24""}"
fortune.nwankwo@10hourlabs.com,"{""country_code"":""NG"",""educations"":[{""degree"":""Computer Science"",""institution_name"":""Kwara State University"",""location"":""Kwara"",""program"":""Bachelor of Science"",""end_date"":""2020-12-19"",""start_date"":""2016-08-12"",""overview"":"" Bachelor of Science: Computer Science""},{""degree"":""Food Sciences And Technology"",""program"":""National Diploma:"",""institution_name"":""Yaba College Of Technology "",""location"":""Lagos"",""start_date"":""2012-12-09"",""end_date"":""2015-07-16"",""overview"":""National Diploma: Food Sciences And Technology""}],""experiences"":[{""job_title"":""Backend Developer Intern"",""company_name"":""Power Generations and Protections Technologies"",""location"":""Ogudu, Lago"",""start_date"":""0021-08-20"",""end_date"":""2022-03-24"",""description"":""Built restful apis and backend solutions for the company. Quickly learned new skills and applied them to daily tasks, improving efficiency and productivity. Used critical thinking to break down problems, evaluate solutions and make decisions. Wrote, tested and documented code""},{""description"":""Met with lead developer on weekly basis to provide detailed project report and milestone updates. Address 11, Oyesiku Avenue, Alapere, Ketu, Lagos Phone 081-178-78263 E-mail afolabiopaleye@gmail.com LinkedIn linkedin.com/in/afolabi-opaleye Education Learned software engineering process improvements and best practices. Maintained existing applications and designed and delivered new applications. Wrote clean, clear and well-tested code for various company projects. Carefully documented technical workflows and knowledge in private wiki for education of newly hired employees."",""company_name"":""ITEX Integrated Services"",""location"":""Lagos"",""job_title"":""Software Developer Intern"",""start_date"":""2019-06-09"",""end_date"":""2019-12-14""}],""skills"":[{""name"":""Node js"",""years_of_experience"":3,""note"":""Backend""},{""name"":""Typescript"",""years_of_experience"":2,""note"":""Frontend""},{""name"":""Mongo DB"",""years_of_experience"":2,""note"":""Database""},{""name"":""Postgres"",""years_of_experience"":1,""note"":""Database""},{""name"":""Docker"",""years_of_experience"":1,""note"":""Development""},{""name"":""Express"",""years_of_experience"":2,""note"":""Javascript""},{""name"":""Next js"",""years_of_experience"":2,""note"":""Javascript""}],""portfolios"":[{""url"":""linkedin.com/in/afolabi-opaleye"",""name"":""Linkedin""}],""first_name"":""Afolabi"",""last_name"":"" Opaleye"",""preferred_job_title"":""Backend Engineer"",""email"":""afolabiopaleye@gmail.com"",""phone"":""081-178-78263"",""pronoun"":""He/Him"",""preferred_name"":""Opaleye"",""city"":""Lagos"",""professional_start_date"":""2022-03-24""}"
fortune.nwankwo@10hourlabs.com,"{""country_code"":""NG"",""educations"":[{""degree"":""Computer Science"",""institution_name"":""Nigerian Army Institute Of Technology and Environmental Science"",""location"":""Makurdi, Benue State, Nigeria"",""overview"":""Computer Science"",""start_date"":""2016-07-14"",""end_date"":""2020-08-19"",""program"":""BSc""}],""experiences"":[{""company_name"":""NACWC"",""location"":""Abuja"",""job_title"":""Frontend Developer"",""start_date"":""2019-02-12"",""end_date"":""2020-01-19"",""description"":""Frontend Developer""},{""company_name"":""Greemia Technologies"",""location"":""Benue State"",""job_title"":""Web Development Instructor"",""start_date"":""2020-05-13"",""end_date"":""2020-09-12"",""description"":""Instructor""},{""company_name"":""Sekani Fintech"",""location"":""Abuja"",""job_title"":""Backend Developer (internship)"",""start_date"":""2020-10-11"",""end_date"":""2021-01-12"",""description"":""Internship""},{""company_name"":""NACWC"",""location"":""Abuja"",""job_title"":""Full-Stack Developer"",""start_date"":""2021-02-13"",""end_date"":""2022-03-24"",""description"":""Full Stack Developer""}],""skills"":[{""name"":""Html/Css/Javascript"",""years_of_experience"":3,""note"":""Frontend""},{""name"":""SQL"",""years_of_experience"":3,""note"":""Database""},{""name"":""/Flutter"",""years_of_experience"":2,""note"":""Mobile Development""},{""name"":""React Native"",""years_of_experience"":3,""note"":""mobile development""},{""name"":""Git"",""years_of_experience"":2,""note"":""Github""}],""first_name"":""AKINKUNMI"",""last_name"":""GBOLAHAN"",""preferred_name"":"" NASIRU"",""pronoun"":""He/Him"",""phone"":""08142777129"",""preferred_job_title"":""Software Engineer"",""email"":""NaN@gmail.com"",""city"":""Abuja"",""professional_start_date"":""2022-03-24""}"
fortune.nwankwo@10hourlabs.com,"{""country_code"":""NG"",""educations"":[{""program"":""National Diploma"",""degree"":""Computer Engineering"",""institution_name"":""Yaba College of Technology"",""location"":""Lagos"",""start_date"":""0007-08-01"",""end_date"":""2019-05-12"",""overview"":""Diploma""}],""experiences"":[{""company_name"":""Pectratech"",""location"":""Lagos"",""job_title"":""mobile developer"",""start_date"":""2020-01-12"",""end_date"":""2021-11-09"",""description"":"" Worked as a mobile developer testing and developing companies logistic riders application  Worked also as a web developer developing companies rest api and website logics.  Maintainance and regular update of companies mobile and web sites and application.""},{""job_title"":""Educator, contract"",""company_name"":""COCREATION HUB (CCHUB) "",""location"":""Lagos"",""start_date"":""2019-06-12"",""end_date"":""2020-01-03"",""description"":"" Taught students under the program how to develop android applications using app inventors  Taught students beginning with html(hypertext mark-up language) and css(cascading style  sheet).""},{""company_name"":""Global Tech institute"",""job_title"":""Intern "",""location"":""Lagos"",""start_date"":""2016-04-16"",""end_date"":""2016-08-12"",""description"":"" Assisted in sales of computer accessories  Installation of software for customers  Advising customers in purchase of right product  Repairs of computer hardware.  Teaching students basic desktop applications such as Microsoft software packages and some  graphics application such as corel draw and power point.""}],""skills"":[{""name"":""Html/Css/Javascript"",""years_of_experience"":6,""note"":""Frontend""},{""name"":""C++"",""years_of_experience"":5,""note"":""Development""},{""name"":""Python"",""years_of_experience"":4,""note"":""Development""}],""portfolios"":[{""name"":""Github"",""url"":""https://github.com/sadewole/""}],""first_name"":""AYOMIDE"",""last_name"":""BABAOYE"",""preferred_name"":""Ayomide"",""pronoun"":""She/Her"",""email"":""babaoyeoladele@gmail.com"",""phone"":"" 09019857993"",""city"":""Lagos"",""preferred_job_title"":""Web Developer"",""professional_start_date"":""2022-03-24""}"
fortune.nwankwo@10hourlabs.com,"{""country_code"":""NG"",""educations"":[{""institution_name"":""University Of Nigeria"",""location"":""Nsukka"",""degree"":""Electronic Engineering"",""program"":""BEng"",""start_date"":""2010-10-09"",""end_date"":""2015-11-17"",""overview"":""Electronic Engineering, Software Engineering, Automation""}],""experiences"":[{""primary_technologies"":[""Kali linux""],""job_title"":""Information Security Analyst"",""company_name"":""SACSAM"",""location"":""NaN"",""start_date"":""2019-05-12"",""end_date"":""2022-03-26"",""description"":""Assess risks, threats and vulnerabilities of the project, Using tools like Nmap, Kali Linux tools and Parrots for scanning and detecting leakages, Checking for design flaws that will lead to vulnerabilities, Providing day to day security updates and installations, System malware detecting and management.""},{""primary_technologies"":[""kali linux"",""Rasberry pi"",""Python""],""job_title"":""Embedded Software Engineer"",""company_name"":""Mindage limited"",""location"":""NaN"",""start_date"":""2015-10-08"",""end_date"":""2017-03-14"",""description"":""dentified new market and products, Developed software in a Linux, Windows and Mac environment using C and Python, Built a Smart Electric Meter using C programming language and Micro-controllers, Designed a home control system with python and raspberry pi.""},{""primary_technologies"":[""C""],""company_name"":""National Centre for Energy Research and Development"",""location"":""NaN"",""job_title"":""Software Developer"",""description"":""Built and deployed Solar panel charge controllers with Arduino micro-controller and C programming language, Built a data-logger with Arduino micro-controller"",""start_date"":""2014-06-12"",""end_date"":""2014-11-09""}],""skills"":[{""name"":""C"",""years_of_experience"":8,""note"":""C programming""},{""name"":""Python"",""years_of_experience"":7,""note"":""Dev""},{""name"":""raspberry pi"",""years_of_experience"":7,""note"":""Development""},{""name"":""Javascript"",""years_of_experience"":5,""note"":""Development""},{""name"":""MySQL"",""years_of_experience"":4,""note"":""Database""}],""portfolios"":[{""name"":""Github"",""url"":""https://github.com/ndavilo""},{""url"":""linkedin.com/in/chukwunonso-ilonze-50478996"",""name"":""Linkedin""}],""first_name"":""Chukwunonso "",""last_name"":""David"",""email"":""nonsoilonze@gmail.com"",""phone"":""2348161417166"",""preferred_name"":""David"",""pronoun"":""He/Him"",""city"":""Lagos"",""preferred_job_title"":""Python Engineer"",""professional_start_date"":""2014-06-12""}"
fortune.nwankwo@10hourlabs.com,"{""country_code"":""NG"",""educations"":[{""program"":""Higher National Diploma"",""degree"":""Hospitality Management"",""location"":""Ede, Osu"",""institution_name"":""Federal Polytechnic"",""start_date"":""2003-01-14"",""end_date"":""2008-10-09"",""overview"":""Higher National Diploma in Hospitality Management""},{""overview"":""Undergraduate in Consumer Sciences"",""program"":""BSc"",""degree"":""Computer Sciences"",""location"":""Ile-Ife, Osun"",""institution_name"":""Obafemi Awolowo University"",""start_date"":""2010-10-19"",""end_date"":""2014-08-14""},{""institution_name"":""University of Ibadan"",""location"":""Ibadan"",""overview"":""Masters in Tourism and Development in Tourism and Development"",""program"":""MSc"",""degree"":""Tourism and Development in Tourism and Development"",""start_date"":""2015-10-09"",""end_date"":""2017-07-16""}],""experiences"":[{""job_title"":""Technology Developer"",""company_name"":""Tradex Retail Africa "",""location"":""Lagos"",""start_date"":""2021-10-03"",""description"":""* Consulting with the CTO and other technology staff to evaluate software hardware interfaces and develop specifications and performance requirements. * Designing and developing software systems using scientific analysis and mathematical models to predict and measure outcomes and design consequences. * Preparing reports on programming project specifications, activities, or status to the CTO & CEO. * Conferring with project managers to obtain information on limitations or capabilities. * Collaborate with team members to determine best practices and client requirements for software * Develop intuitive software that meets and exceeds Tradex needs * Modifying software to fix errors, adapt it to new hardware, improve its performance, or upgrade interfaces. * Directing system testing and validation procedures. * Directing software programming and documentation development. * Working with customers or departments on technical issues including software system design and maintenance."",""end_date"":""2022-03-25""},{""job_title"":""Freelance Web Developer"",""location"":""Remote"",""company_name"":""ECN Care Services Incorporated"",""start_date"":""2021-08-18"",""end_date"":""2021-09-18"",""description"":""* Designed of website with job recruitment features at www.ecncareservicesinc.com and www.gmcareservicesltd.com * Developed admin portal to manage the recruitment process, newsletter subscription using custom designs and blog posts.""},{""primary_technologies"":[""Restful API""],""job_title"":""Software Developer"",""company_name"":""Access Solutions Limited"",""location"":""NaN"",""start_date"":""2019-06-12"",""end_date"":""2021-08-08"",""description"":""* Designed overall architecture of the web application using MVC model * Designed and developing cron jobs, Restful APIs * Maintained code integrity and organization. * Maintained quality and ensuring responsiveness of applications. * Saw through projects from conception to finished product. * Developed financial and education software applications using PHP OOP, JavaScript/jQuery HTML/ CSS(Bootstrap) as well as graphics for User's Interface * The projects that I worked on: * https://selfservice.drts.gov.ng - A self-service portal for vehicle document renewal, traffic offence payment, Learner's permit generation and driving school registration in the FCT * https://fctevreg.com/admin - The FCT VIO registers vehicles and management driver's licence data on the portal. * https://mycorefinance.com - A banking application for MFIs * http://techhost.accessng.com/AJ/fhc_ipsas_erp/current - Demo Server - A financial application built on IPSAS Standard for the Federal High Court of Nigeria * http://castlehillacademy.com.ng - An eportal for a Secondary School where student registration and fees payment through Remita are done""},{""description"":""Communication Digital Marketer and Recruitment Officer * Daily posting on all RGR Social Media pages (Facebook, Twitter, Instagram, You Linkedin etc.) * Monitored and analyzed activities /traffic on the RGR website. * Designed banners, posters, flyers, rollup banners, framed graphics and social media graphics * Redesigned and updated the RGR website and database (www.ruhegr.com). * Responded to a high volume of activity on social media sites with appropriate responses based on company policies * Analyzed, reviewed, and reported on effectiveness of campaigns in an effort to maximize results."",""location"":""Nigeria"",""job_title"":""Months' Contract"",""company_name"":""Ruhe Global Resources, Abuja, FCT"",""start_date"":""2019-02-14"",""end_date"":""2019-03-14""},{""company_name"":""Meakron Limited"",""job_title"":""Administrator"",""location"":""NaN"",""start_date"":""2017-05-02"",""end_date"":""2018-10-09"",""description"":"" Designed banners, posters, flyers, framed graphics and social media graphics * Installation of OrangeHRM Software on the webserver to manage staff data as well as training new and existing staff on hospitality operations (http://hr.meakronhospitality.com). * Development and installation of server-side Inventory Management Software on the webserver to manage stocks in company's stores (http://store.meakronhospitality.com). * Development of e-portal for the company's catering school (http://msh.meakronhospitality.com/ eportal/). * Managing company's relationship with her clients""},{""primary_technologies"":[""* Developing websites, database, ERP, Room Reservation Systems and e-commerce solutions for hospitality outfits, other corporate and non-corporate organizations. - www.nairainvestments.com (an Investment Management Portal) - www.timsedhotels.com (an online room reservation website) - www.sunshineoilandchemical.com - www.robeisuninvestment.com - www.meakronhospitality.com - http://store.meakronhospitality.com (Online Inventory Management) - http://hr.meakronhospitality.com (OrangeHRM) - http://msh.meakronhospitality.com/eportal/ (School ePortal) - www.gloriousassemblymins.org (Blog) - www.ecnglobalventures.com - www.cdrcrnigeria.org - www.99posh.com.ng (an Online Shopping Application) - www.psummit.com.ng (Mini eRP) - ebutik - A web based software application for managing boutique inventories - RILA - An e-learning platform for the Nigerian Army Intelligence School and Halogen Security Company""],""company_name"":""OscarClement Consult,"",""location"":""Osogbo"",""job_title"":""Freelance Web Developer - Remote"",""start_date"":""2014-01-15"",""end_date"":""2018-07-13"",""description"":"" Developing websites, database, ERP, Room Reservation Systems and e-commerce solutions for hospitality outfits, other corporate and non-corporate organizations.""}],""skills"":[{""name"":""PHP/Laravel"",""years_of_experience"":7,""note"":""Backend""},{""name"":""jquery"",""years_of_experience"":7,""note"":""Frontend""},{""name"":""Html/Css"",""years_of_experience"":7,""note"":""Frontend""},{""name"":""SQL"",""years_of_experience"":6,""note"":""Database""}],""portfolios"":[{""url"":""https://github.com/oscarclement"",""name"":""Github""}],""first_name"":""Clement"",""last_name"":""Omiwale"",""preferred_name"":""Clement"",""pronoun"":""He/Him"",""email"":""clementomiwale@gmail.com"",""phone"":""+234 803 912 9843"",""city"":""Lagos"",""preferred_job_title"":""Full Stack Developer"",""professional_start_date"":""2014-01-06""}"
fortune.nwankwo@10hourlabs.com,"{""country_code"":""NG"",""educations"":[{""institution_name"":""Caritas University"",""location"":""Enugu"",""degree"":"" Architecture"",""program"":""BSc"",""start_date"":""2014-09-18"",""end_date"":""2018-10-17"",""overview"":""Bachelor Architecture""}],""experiences"":[{""company_name"":""Strauss prepertory"",""location"":""NaN"",""job_title"":""Teacher"",""start_date"":""2020-06-12"",""end_date"":""2021-08-19"",""description"":""Designed and implemented daily lesson plans for classroom of 22 students Fostered student curiosity and interest in learning through hands-on activities and field trips Met with parents, guardians, administrators, and counselors to address and resolve students' behavioural issues""},{""description"":""Handled the company’s online presence – regularly updated the company’s website and various social media accounts Monitored ongoing marketing campaigns Prepared presentations for prospective clients"",""company_name"":""Oxford international"",""location"":""NaN"",""job_title"":""Marketing Assistant"",""start_date"":""2019-06-14"",""end_date"":""2020-06-17""}],""skills"":[{""name"":""html/css"",""years_of_experience"":1,""note"":""Frontend""}],""portfolios"":[{""name"":""Linkedin"",""url"":""crystalokd""}],""first_name"":""CRYSTAL"",""preferred_name"":""CRYSTAL"",""last_name"":""OKEDI"",""pronoun"":""She/Her"",""phone"":""09025868509"",""email"":""crystalokd@gmail.com"",""city"":""Abuja"",""preferred_job_title"":""Software Developer"",""professional_start_date"":""2010-06-17""}"
fortune.nwankwo@10hourlabs.com,"{""country_code"":""NG"",""educations"":[{""institution_name"":""Madonna University"",""location"":""Elele"",""degree"":""Computer Science"",""program"":""BSc"",""overview"":""B.Sc in Computer Science "",""start_date"":""2017-08-12"",""end_date"":""2021-09-22""}],""experiences"":[{""company_name"":""Dompaul United Academy"",""location"":""Lagos"",""job_title"":""Teacher"",""start_date"":""2016-03-08"",""end_date"":""2017-07-12"",""description"":""Teacher""},{""primary_technologies"":[""Python""],""company_name"":""Greenlife Pharmaceuticals"",""location"":""Lagos"",""job_title"":""Python Developer"",""start_date"":""2020-03-14"",""end_date"":""2022-03-25"",""description"":"" Python Developer ""}],""skills"":[{""name"":""Html/Css/Javascript"",""years_of_experience"":4,""note"":""Frontend""},{""name"":""Django"",""years_of_experience"":1,""note"":""Backend""},{""name"":""Flask"",""years_of_experience"":3,""note"":""Backend""},{""name"":""React js"",""years_of_experience"":2,""note"":""Frontend""}],""first_name"":""DANIEL"",""last_name"":""AZUBUINE"",""preferred_name"":""DANIEL"",""pronoun"":""He/Him"",""email"":""azubuinedaniel05@gmail.com"",""phone"":""234907177001"",""city"":""Lagos"",""preferred_job_title"":""Software Developer"",""professional_start_date"":""2016-03-08""}"
fortune.nwankwo@10hourlabs.com,"{""country_code"":""NG"",""educations"":[{""institution_name"":""National Open University of Nigeria "",""location"":""Abuja"",""degree"":""Computer Science"",""program"":""BSc"",""start_date"":""2021-03-14"",""end_date"":""0001-01-01"",""overview"":""Undergraduate in Computer Science""}],""experiences"":[],""skills"":[{""name"":""html/css"",""years_of_experience"":4,""note"":""Frontend""},{""name"":""PHP/Laravel"",""years_of_experience"":1,""note"":""Backend""},{""name"":""Vue js"",""years_of_experience"":2,""note"":""Frontend""},{""name"":""Wordpress"",""years_of_experience"":1,""note"":""Web Development""}],""portfolios"":[{""name"":""Github"",""url"":""https://github.com/kingola1""}],""first_name"":""David"",""last_name"":""Aremu"",""preferred_name"":""David"",""email"":""segun8427@gmail.com"",""pronoun"":""He/Him"",""phone"":""+234 818 943 6490"",""city"":""Abuja"",""preferred_job_title"":""Software Developer"",""professional_start_date"":""2022-03-24""}"
fortune.nwankwo@10hourlabs.com,"{""country_code"":""NG"",""educations"":[{""institution_name"":""University of Benin"",""location"":""Benin"",""degree"":"" Computer Science"",""program"":"" B.Sc "",""start_date"":""2017-11-05"",""end_date"":""2021-11-14"",""overview"":"" B.Sc Computer Science""}],""experiences"":[{""company_name"":""Frank Aik Technologies"",""location"":""Lagos"",""job_title"":""Backend Developer"",""description"":""• Responsible for implementing the architecture model structured for applications. • Responsible for debugging and fixing, carrying out maintenance, improving on existing  features for increased scalability and better user experience"",""start_date"":""2019-12-19"",""end_date"":""2022-03-25""},{""primary_technologies"":[""React js ""],""job_title"":""Frontend developer"",""company_name"":""Spartan Media"",""location"":""Remote"",""start_date"":""2021-02-14"",""end_date"":""2021-07-18"",""description"":""Responsible for carrying out pixel-perfect intuitive implementations of UI Designs for a good user  experience.""}],""skills"":[{""name"":""Html/Css/Javascript"",""years_of_experience"":4,""note"":""Frontend""},{""name"":""PHP/Laravel"",""years_of_experience"":2,""note"":""Backend""},{""name"":""MySQL"",""years_of_experience"":3,""note"":""Database""},{""name"":""React js"",""years_of_experience"":2,""note"":""Frontend""}],""portfolios"":[{""name"":""Github"",""url"":""https://github.com/ejiroghene15""},{""name"":""Linkedin"",""url"":""https://www.linkedin.com/in/ejiroghene-obiuwevbi/""}],""first_name"":""Ejiroghene"",""last_name"":""Obiuwevbi"",""preferred_job_title"":""Backend Engineer"",""email"":""ejiroghene15@gmail.com"",""pronoun"":""He/Him"",""preferred_name"":""Obiuwevbi"",""phone"":""+234"",""city"":""Lagos"",""professional_start_date"":""2019-12-04""}"
fortune.nwankwo@10hourlabs.com,"{""country_code"":""NG"",""educations"":[{""degree"":""Storage Technology (Biology"",""program"":""B. Tech"",""institution_name"":""Federal University of Technology"",""location"":""Akure, Ondo State"",""start_date"":""2011-09-13"",""end_date"":""2016-09-15"",""overview"":""B. Tech Storage Technology (Biology)""},{""location"":""Ondo State."",""institution_name"":""Federal University of Technology"",""program"":""Diploma in Science"",""degree"":""Science"",""start_date"":""2009-08-14"",""end_date"":""2011-08-16"",""overview"":""Federal University of Technology Akure, Ondo State.""}],""experiences"":[{""primary_technologies"":[""Node js"",""AWS"",""Cloud""],""job_title"":""Backend Software Engineer "",""company_name"":""TeckPlus Digital Solutions Ltd"",""location"":""Lagos"",""start_date"":""2020-08-12"",""end_date"":""2022-03-25"",""description"":""● Work alongside other developers to architect, design and implement backend API’s ● Collaborate with Front-end developers to integrate user-facing elements with server-side logic. ● Write unit and integration test for web API’s ● Build serverless microservices and cron jobs with AWS Lambda, Cloud formation, Cloud watch and the serverless framework ● Write backend services to store and access private / public files on S3 using the aws-sdk ● Perform code review and pair programming with colleagues""}],""skills"":[{""name"":""HTML/CSS/Javascript"",""years_of_experience"":4,""note"":""Backend""},{""name"":""SQL"",""years_of_experience"":3,""note"":""Database""},{""name"":""Python"",""years_of_experience"":2,""note"":""Development""},{""name"":""Node js"",""years_of_experience"":3,""note"":""Backend""},{""name"":""AWS"",""years_of_experience"":4,""note"":""Cloud""}],""portfolios"":[{""name"":""Github"",""url"":"" https://github.com/devadeboye""},{""name"":""Linkedin"",""url"":"" https://linkedin.com/in/devadeboye""}],""first_name"":""ADEBOYE"",""last_name"":""EMMANUEL"",""preferred_name"":""EMMANUEL"",""preferred_job_title"":""BACKEND SOFTWARE ENGINEER"",""city"":""Lagos"",""email"":""emmanueladeboye2017@gmail.com"",""phone"":""07067396219"",""pronoun"":""He/Him"",""professional_start_date"":""2019-03-05""}"
fortune.nwankwo@10hourlabs.com,"{""country_code"":""NG"",""educations"":[{""degree"":""Computer Science"",""institution_name"":""Delta State University"",""location"":""Delta"",""program"":""BSc"",""start_date"":""2010-10-08"",""end_date"":""2014-10-16"",""overview"":""B.Sc. Computer Science, 2010-2014. Second Class (Honours).""}],""experiences"":[{""company_name"":""Audax Solutions"",""location"":""Lagos"",""job_title"":""Software Developer"",""start_date"":""2019-04-15"",""end_date"":""2022-03-27"",""description"":""- Gathering and assessing user feedback - Testing and evaluating new technologies - Developing comprehensive application testing procedures - Planning and undertaking scheduled maintenance upgrades - Building and testing Application Program Interfaces (APIs) for applications to exchange  data""},{""company_name"":""McDifam Solutions"",""location"":""Lagos"",""job_title"":"" Software Developer"",""start_date"":""2015-09-08"",""end_date"":""2019-03-14"",""description"":""- Gathering requirements from clients and users - Produce clean, efficient code based on specifications - Providing procedural documentation and relevant reports - Documenting code so other developers can understand and contribute to it""}],""skills"":[{""name"":""MySQL"",""years_of_experience"":7,""note"":""Database""}],""first_name"":""Emmanuel"",""last_name"":""Jacob"",""preferred_name"":""Jacob"",""email"":""emmamarks001@gmail.com"",""pronoun"":""He/Him"",""phone"":""234 813 305 0899"",""city"":""Lagos"",""professional_summary"":"" To excel in my chosen field in a job that both challenges and inspires me, while pushing me to  work to the best of my abilities and produce the highest quality work that I am capable o"",""preferred_job_title"":""Software Developer"",""professional_start_date"":""2015-09-08""}"
fortune.nwankwo@10hourlabs.com,"{""country_code"":""NG"",""educations"":[{""institution_name"":""University of Benin"",""location"":""Edo"",""degree"":""Computer Science"",""program"":""BSc"",""start_date"":""2017-11-14"",""end_date"":""2022-11-17"",""overview"":""Computer Science""}],""experiences"":[{""company_name"":""CodedBag"",""location"":""Remote"",""job_title"":""Backend Developer"",""start_date"":""2018-05-17"",""end_date"":""2022-03-28"",""description"":""I developed tools and web-apps (also, bots) to aid productivity in-house.""},{""primary_technologies"":[""SQL""],""company_name"":""Paylater (now Carbon)"",""location"":""Nigeria"",""job_title"":"" Data Scientist"",""start_date"":""2019-04-22"",""end_date"":""2019-12-13"",""description"":""As a Data Scientist I was heavily involved in making machine learning models; one of these models is part of the decision making process at the firm to decide which of their customers’ loan application is granted or refused. My main task generally starts out with collecting data using SQL from a table of data to a pandas dataframe. I also had the task of cleaning the collected data, graphing some inference (using seaborn and matplotlib) and performing feature engineering as regarding the aim of the task. This data is then used by a machine learning model to determine loaners to likely default on a loan.""},{""company_name"":""Hybrid"",""location"":""NaN"",""job_title"":"" Backend Engineer"",""start_date"":""2022-02-14"",""end_date"":""2022-03-28"",""description"":""I was part of the Backend Engineering team where we focused on making RESTFUL APIs and Microservices, and contributed immensely to the Excel Parser API that feeds data to the FG Expense tracker app.""}],""skills"":[{""name"":""Html/Css/Javascript"",""years_of_experience"":4,""note"":""Frontend""},{""name"":""jquery"",""years_of_experience"":4,""note"":""Frontend""},{""name"":""FastAPI"",""years_of_experience"":3,""note"":""Backend""},{""name"":""Django"",""years_of_experience"":4,""note"":""Backend""},{""name"":""Flask"",""years_of_experience"":3,""note"":""Backend""},{""name"":""MySQL"",""years_of_experience"":3,""note"":""Database""},{""name"":""PostgreSQL"",""years_of_experience"":3,""note"":""Database""},{""name"":""Tesnorflow"",""years_of_experience"":4,""note"":""Deep learning""},{""name"":""Scikit-learn"",""years_of_experience"":3,""note"":""Machine learning""},{""name"":""Sagemaker"",""years_of_experience"":2,""note"":""Deployment""}],""portfolios"":[{""name"":""Github"",""url"":""https://github.com/iameo/atyna""},{""name"":""Linkedin"",""url"":""https://ng.linkedin.com/in/emmanuel-okwudike-2090401b5""}],""first_name"":""OKWUDIKE"",""last_name"":""EMMANUEL"",""email"":""okwudike.emmanuel@gmail.com"",""pronoun"":""He/Him"",""preferred_name"":""EMMANUEL"",""phone"":""2348162575674"",""city"":""Lagos"",""preferred_job_title"":""Software Engineer and Machine Learning Expert."",""professional_summary"":""NaN"",""professional_start_date"":""2018-05-17""}"
fortune.nwankwo@10hourlabs.com,"{""country_code"":""NG"",""educations"":[{""institution_name"":""Obafemi Awolowo University"",""location"":""Osun"",""degree"":""Mathematics"",""program"":""BSc"",""start_date"":""0001-01-01"",""end_date"":""0001-01-01"",""overview"":""MAthematics""}],""experiences"":[{""primary_technologies"":[""C++"",""PHP"",""Javascript"",""Python"",""Tensorflow""],""company_name"":""Manager Solutions"",""job_title"":""CEO / Principal Engineer"",""location"":""NaN"",""start_date"":""2015-04-12"",""end_date"":""2022-03-29"",""description"":""Projects IMAPP (2015 till date) - Principal Engineer : IMAPP is software that increases the efficiency of insurance stakeholders, specifically insurance brokers. It helps insurers attract customers instead of just selling policies, provide data driven protection to their customers instead of just issuing policies, helps to serve customer better in preventing claims, and assist to optimise their business with insight rather than instinct Main Duties ● Designed and implemented the logical architecture for the softwares, written in PHP, Javascript, Python and other front end design markup languages ● Liaise with Business and social professional to create a business architecture ● Designed and implemented linters to guide developers written in C++, PHP and Javascript ● Designed and implemented claims analysis system in Python using tensorflow and keras, specifically Claims Activity Monitoring, Claims Element Analysis, Claims behaviour pattern Analysis, Renewal and lapse evaluation system. ● Designed Business Analytics system to deduce inference from data""},{""primary_technologies"":[],""company_name"":""TANIM FITS"",""job_title"":""Co-founder/Principal Engineer:"",""location"":""NaN"",""description"":""Main Duties ● Designed and implemented the Edutech System for training women ● Designed custom e-commerce store for empowering women Achievements ● Designed Framework for increasing the use of digital tool amongst women via reward points and how to convert the reward points to value through an app, and successfully increased increased the use of the app by 500% ● Onboarded more than ● I designed a framework to reduce the cost of training these women by up to 80% by developing a process automation system. ● Empowered more than 20 women to start a digital business, ● Educated and empowered more that 150 women with digital skill and introduced them to the benefits of digital economy"",""start_date"":""2019-06-17"",""end_date"":""2022-03-28""},{""job_title"":""Principal Engineer"",""company_name"":""BAU CAR "",""location"":""NaN"",""start_date"":""2020-11-14"",""end_date"":""2022-03-28"",""description"":""Main Duties ● Designed and implement Logistics algorithm Achievements ● Automated their process and reduced cost by 20% first 60 months of deployment ● Created inferences from data gathered by the system to structure a pricing system dependent on hour of the day, distance, location""},{""primary_technologies"":[""PHP""],""company_name"":""SWOOP EFFECTS"",""location"":""NaN"",""job_title"":""Software Developer"",""start_date"":""2010-11-18"",""end_date"":""2015-06-17"",""description"":""● Desktop application development , deployed in numerous OS ● Systems Integration and Aggregation ● Graphical and Brand ideologist Graphical Illustrator, Graphics Design ● Web Application Development Using PHP ● Create user friendly application taking user interface technology into consideration ● Software development, Data management, and Systems Architecture, with biometrics Integration ● Cyber Security (Ethical Hacking and countermeasures) ● Manage data transfer within and outside the website ● Administer, Manage and control Web server ● Control and Manage user management, staff management ● Update and maintain usability of the website with customers ● Maintain customer relationship via a faster means of connection through the website, and customer analysis ● Database Designer and Administrator""},{""primary_technologies"":[],""company_name"":""KONTZ ENGINEERING LIMITED"",""location"":""Lagos"",""job_title"":""WebMaster , Web Developer, Database Administrator"",""start_date"":""2008-06-17"",""end_date"":""2010-11-25"",""description"":""● Create user friendly website ● Manage data transfer within and outside the website ● Control and Manage user management, staff management over TCP/IP intranet connection ● Update and maintain usability of the website with customers ● Maintain a customer relationship via a more faster means of connection through the website and data analysis ● Design, Administer and Manage the Database""},{""company_name"":""ANDO MULTICONCERN"",""location"":""Lagos"",""job_title"":""Web developer and programming"",""start_date"":""2008-05-16"",""end_date"":""2009-06-17"",""description"":""● Graphical illustrator and designer ● Brand ideologist ● Photographic Director ● Creating unique images and graphics for corporate organizations ● Creating a unique Brand online and offline, marketing the company online and offline ● Graphical Ideology and Graphical Illustration ● Web programming / development""}],""skills"":[{""name"":""C++"",""years_of_experience"":10,""note"":""Backend""},{""name"":""HTML/CSS/Javascript"",""years_of_experience"":10,""note"":""Frontend""},{""name"":""PHP"",""years_of_experience"":9,""note"":""Web Development""},{""name"":""SQL"",""years_of_experience"":9,""note"":""Database""},{""name"":""Dart/Flutter"",""years_of_experience"":3,""note"":""Mobile Development""},{""name"":""Angular js"",""years_of_experience"":4,""note"":""Web Development""},{""name"":""R"",""years_of_experience"":3,""note"":""Data science""}],""portfolios"":[],""last_name"":""Ajayi"",""first_name"":""Oluwaseun"",""preferred_name"":""Ezekiel"",""phone"":""2348092907113"",""pronoun"":""He/Him"",""email"":""ezekiel_a@yahoo.com"",""city"":""NaN"",""professional_summary"":""● 9+ C++ / QT framework for backend development ● 9+ years’ experience in designing and developing multi- tier, component-based Web applications using, XHTML/HTML5, CSS, and various RDBMS at the back-end using PHP, and Jquery. ● 8+ Years Zend Framework (PHP) for Enterprise Web Application, API Development ● 8+ years’ experience C/C++ programming, Desktop application, Software Design and Architecture, Systems Architecture ● 8+ years with apache server management, MySql database management, EER design ● 8+ Systems Architecture, Systems Engineer, Cyber Security, System Administrator, Software Engineer, Networking Engineer, Data Storage Engineer ● 8+ years of extensive and diversified, hands-on technology design architecture, experience in the web application development with LAMP / PHP technology ● 8+ years Strong skills in Object-oriented Analysis, Design & Programming and performing data modelling and analysis ● 7+ years online user interface technology, user psychology and analysis, graphical user usability and functionality, Consumer behaviour analysis ● 7+ years in service oriented architecture modelling language ( SoaML ) ● 7+ Knowledge of OpenCart e-commerce application ● 3+ Mobile Application Development with Qt framework targeting Android, OSx, Linux, Windows Mobile Devices ● 2+ years Dart for Mobile app with Flutter Targeting Android and OSx Devices ● 3+ years web development with Angular.js ● 3+ Years Laravel Framework (PHP) ● 3+ years Vue Js MVVM logic and development ● 2+ years Non/Blocking Asynchronous Programming with ReactPHP, Swoole ● 1+ Years C# for game development ● Microsoft Azure Cloud Technology ● Python for Data Science, R for statistical/data analysis ● IBM Digital Nation Africa (Data Science, Artificial Intelligence,Block Chain) ● Version Control with GIT"",""preferred_job_title"":""Principal Engineer"",""professional_start_date"":""2008-05-16""}"
fortune.nwankwo@10hourlabs.com,"{""country_code"":""NG"",""educations"":[{""institution_name"":""University of Ilorin"",""location"":""Ilorin"",""degree"":""Electrical and Electronics Engineering"",""program"":""Bachelor of Engineering"",""start_date"":""2012-09-14"",""end_date"":""2017-09-18"",""overview"":""Electrical and Electronics Engineering""}],""experiences"":[{""primary_technologies"":[""html/css"",""MySQL"",""SQLAlchemy"",""PostgreSQL""],""company_name"":""CodeCreek"",""location"":""Ilorin"",""job_title"":""Web Developer"",""start_date"":""2021-04-14"",""end_date"":""2022-03-29"",""description"":""-Backend development of web applications using Flask, Django or Golang -Frontend development using React, Javascript, HTML5, and CSS3 -Database setup using MySQL, SQLAlchemy and PostgreSQL -Writing quality automated tests to ensure that the web application development flow is seamless.""},{""location"":""Ogun State"",""company_name"":""Momas Electricity Metering, Company"",""job_title"":""Embedded System Software Engineer"",""start_date"":""2020-08-13"",""end_date"":""2021-07-18"",""description"":""Designed and developed a smart attendance system for schools and organizations  with fingerprint, gprs and rfid features""}],""skills"":[{""name"":""Javascript"",""years_of_experience"":4,""note"":""Web Development""},{""name"":""React js"",""years_of_experience"":3,""note"":""Frontend""},{""name"":""Flask"",""years_of_experience"":3,""note"":""Backend""},{""name"":""Django"",""years_of_experience"":4,""note"":""Backend""},{""name"":""PostgreSQL"",""years_of_experience"":2,""note"":""Database""},{""name"":""Docker"",""years_of_experience"":2,""note"":""Devs""},{""name"":""Heroku"",""years_of_experience"":3,""note"":""Deployment""}],""portfolios"":[{""name"":""Github"",""url"":""https://github.com/Faruqt""},{""name"":""Linkedin"",""url"":""https://www.linkedin.com/in/faruq-abdulsalam/""},{""name"":""Medium"",""url"":""https://medium.com/@faruqabdulsalam""},{""name"":""Personal"",""url"":""https://nagatodev.hashnode.dev/""}],""first_name"":""Faruq"",""last_name"":""Abdulsalam"",""preferred_job_title"":""Full Stack Developer"",""phone"":""+2348108136614"",""email"":""faruqabdulsalam@yahoo.com"",""pronoun"":""He/Him"",""preferred_name"":""Faruq"",""city"":""NaN"",""professional_summary"":""NaN"",""professional_start_date"":""2020-08-13""}"
fortune.nwankwo@10hourlabs.com,"{""country_code"":""NG"",""educations"":[{""institution_name"":""Federal University of Technology, Owerri"",""location"":""Imo"",""degree"":"" Electrical Electronics Engineering"",""program"":""Bachelor of Engineering"",""start_date"":""2017-09-12"",""end_date"":""2022-08-09"",""overview"":""Bachelor of Engineering, Electrical Electronics Engineering""}],""experiences"":[{""company_name"":""Trevlo"",""location"":""NaN"",""job_title"":""Backend Developer"",""start_date"":""2021-06-12"",""end_date"":""2022-03-29"",""description"":""Built an ehealth web application that connects patients to doctors and hospitals, making booking appointments and paying for services as easy as possible""},{""primary_technologies"":[""Django""],""company_name"":"" 0xEngineLabs"",""location"":""NaN"",""job_title"":""Sofware Developer (Contractor)"",""start_date"":""2021-03-14"",""end_date"":""2021-06-17"",""description"":""Built a wallet and asset manager on the Algorand blockchain using Django and Django Rest  Framework from scratch""},{""primary_technologies"":[""PHP""],""company_name"":""t Maybeach Technologies"",""job_title"":""Software Developer Intern"",""location"":""NaN"",""start_date"":""2020-07-18"",""end_date"":""2021-02-14"",""description"":""• Built a search engine for our ERP product using PHP and ElasticSearch. • Wrote an extensive documentation for our internal PHP framework. • Built a CRM software for our sales department • Built a project management software for our development team""},{""primary_technologies"":[""Python""],""company_name"":""HNG"",""location"":""NaN"",""job_title"":""Software Developer Intern "",""start_date"":""2020-04-15"",""end_date"":""2020-07-17"",""description"":"" Worked with a team to build a spreadsheet parser with Python • Redesigned the user interface of a savings mobile application""},{""company_name"":""Enspire Incubators"",""location"":""NaN"",""job_title"":""IT Support Intern"",""start_date"":""2018-10-14"",""end_date"":""2019-01-15"",""description"":"" Reviewed mechanical and electrical equipment operation, installation, maintenance and loss  potential hazards.""}],""skills"":[{""name"":""Html/Css/Javascript"",""years_of_experience"":4,""note"":""Frontend""},{""name"":""Golang"",""years_of_experience"":3,""note"":""Development""},{""name"":""PHP"",""years_of_experience"":3,""note"":""Backend""},{""name"":""Django"",""years_of_experience"":2,""note"":""Backend""},{""name"":""SQL/NoSQL"",""years_of_experience"":3,""note"":""Database""},{""name"":""AWS"",""years_of_experience"":2,""note"":""Cloud""},{""name"":""Heroku"",""years_of_experience"":3,""note"":""Deployment""},{""name"":""Celery"",""years_of_experience"":2}],""portfolios"":[],""first_name"":""Ifedapo"",""last_name"":""Olaiya"",""preferred_name"":""Ifedapo"",""pronoun"":""He/Him"",""email"":""princewillolaiya@gmail.com"",""phone"":""2347049822258"",""city"":""Abuja"",""preferred_job_title"":""Software Developer"",""professional_start_date"":""2018-10-14""}"
fortune.nwankwo@10hourlabs.com,"{""country_code"":""NG"",""educations"":[{""institution_name"":""enley Business School,"",""location"":""Lagos"",""degree"":""Business Administration and Management, General"",""program"":""BA"",""start_date"":""2019-11-09"",""end_date"":""2019-12-19"",""overview"":""Business Administration and Management, General""},{""institution_name"":""University of Abuja"",""location"":""Abuja"",""degree"":""Biology"",""program"":""BSc"",""start_date"":""2011-03-14"",""end_date"":""2016-08-15"",""overview"":""BSc Biology""}],""experiences"":[{""primary_technologies"":[""AWS""],""company_name"":""Semicolon Africa"",""location"":""Lagos"",""job_title"":""Software Engineer"",""description"":""evelop server-side logic, and robust application programming interfaces (APIs) to be consumed by the client-side. Assist in managing scope, timeline, quality, goals and deliverables that support business goals. Dockerize the backend application in Python to enable seamless deployment. Design the AWS System infrastructure for the web application using services like (EC2, Amazon Relational Database Service, Elastic Container Service, Elastic Container Registry, Code Pipeline) Analyse product requirement documents to be implemented in code. Use AWS Code Pipeline to automate the process which allowed the developer to commit their code to version control and code build runs the test, builds the image, and pushes it to Elastic Container Registry which is then deployed by code deploy. Participate and contribute to the full development life cycle, including planning, analysis, design, implementation and maintenance. Mentor and review codes written by interns. Implement Memcached to reduce the number of calls to the database Working closely with other developers, UX designers, business and system analysts. Database backup and transfer between free tier & paid tier services."",""start_date"":""2019-03-13"",""end_date"":""2022-03-29""},{""primary_technologies"":[],""company_name"":""Co-Creation Hub"",""location"":""Abuja"",""job_title"":""Instructor"",""start_date"":""2018-10-19"",""end_date"":""2019-05-17"",""description"":""During this time, I was part of the successful Safe Online Program sponsored by Facebook where I get to go to high schools in Abuja, Nigeria, and talk to students on the necessary safety and online security tips they need to adhere to while surfing the net and keeping their identity and the integrity of their data safe.""}],""skills"":[{""name"":""Python/Django"",""years_of_experience"":4,""note"":""Backend""},{""name"":""Docker"",""years_of_experience"":2,""note"":""Dev""},{""name"":""SQL"",""years_of_experience"":2,""note"":""Database""},{""name"":""AWS"",""years_of_experience"":3,""note"":""Cloud""},{""name"":""Kubernetes"",""years_of_experience"":1},{""name"":""GraphQL"",""years_of_experience"":1}],""last_name"":""Onojason"",""email"":""joel.onojason@gmail.com"",""first_name"":""Joel"",""preferred_name"":""Joel"",""pronoun"":""He/Him"",""phone"":""08067679182"",""city"":""Lagos"",""preferred_job_title"":""Backend/DevOps Engineer"",""professional_summary"":""I am a detail-oriented, responsible and committed engineer with a get-it-done, on\u0002time, and high-quality product spirit, experienced with defining requirements, designing, implementing, testing, and delivering backend web applications. I am adept at building and maintaining effective working relationships with co-workers and clients through outstanding interpersonal skills."",""professional_start_date"":""2018-10-19""}"
fortune.nwankwo@10hourlabs.com,"{""country_code"":""NG"",""educations"":[{""institution_name"":""National Open University"",""location"":""Lagos"",""degree"":""Computer Science"",""program"":""BSc"",""start_date"":""2015-12-19"",""end_date"":""2019-12-13""}],""experiences"":[{""primary_technologies"":[],""company_name"":""Bamyx Technologies"",""location"":""Lagos"",""job_title"":""Founder/CTO"",""start_date"":""2019-07-18"",""end_date"":""2022-03-28"",""description"":""● Participated in coding activities, maintaining integrity of program logic and coding and developing and  updating existing systems to increase task success rate by 15%. ● Leading a team of software engineers, designers and content developers to carry out software development  projects for clients.""},{""company_name"":""Prodevs Outsourcing"",""location"":""Lagos"",""job_title"":""Senior Software Engineer"",""start_date"":""2021-07-12"",""end_date"":""2021-11-15"",""description"":"" Supervised, managed and led the team of 4 peers in the development of a robust upgrade for a client’s  existing software application, resulting in 35% incremental revenue.  Mentored and solved complex technological issues for a variety of assigned projects, achieving over 97%  customer satisfaction rate.  Created and led a team of engineers to launch over 3 e-commerce sites for a variety of assigned projects,  integrating Stripe, PayPal, and other payment APIs.  Interviewed and also prepared technical test for tech talents. Made sure the right candidate was gotten and  sent to our clients.  Integrated an online platform for technical test with the company’s recruiting platform to make candidates  selection much easier""},{""company_name"":""eSoft Response,"",""location"":""Dartford, England, United Kingdom"",""job_title"":""Lead Software Engineer"",""start_date"":""2020-12-09"",""end_date"":""2021-10-09"",""description"":""● Led the application development team to successfully launch applications on time with constraints, while  ensuring adherence to the highest level of quality standards and meeting customer requirements. ● Determined areas of improvements by regularly monitoring existing business systems, boosting business  efficiency through automation of repetitive tasks. ● Documented all supported systems and applications to streamline existing business procedures, effectively  training new team members and reducing on-boarding time by 34%. ● Built automated SaaS applications to interact with an Ai robot.""},{""company_name"":""Prudent Digital International"",""location"":""London, United Kingdom"",""job_title"":""Senior Software Engineer/Team Lead "",""start_date"":""2020-04-15"",""end_date"":""2020-10-03"",""description"":""● Participated in sales presentations due to ability to translate user needs into usable software solutions. ● Provided designing and programming support in enhancement of web applications accessed by users. ● Promoted within 3 months to a team lead due to strong performance and organizational impact (one year  ahead of schedule). ● Reviewed code, debugged problems and corrected issues. ● Orchestrated efficient large-scale software deployments, including testing features and correcting code. ● Gathered and defined customer requirements to develop clear specifications for creating well-organized  project plans. ● Inspected equipment, assessed functionality and optimized controls. ● Boosted network, system and data availability and integrity through preventative maintenance and upgrades. ● Adjusted software parameters to boost performance and incorporate new features. ● Contributed to the codebase used in automated deployment of software on multiple virtual machines. ● Delivered performance-driven and user-centric websites that met all business requirements.""},{""company_name"":""Zercom Systems"",""location"":""Lagos"",""job_title"":""Software Engineer"",""start_date"":""2019-08-16"",""end_date"":""2020-04-14"",""description"":""● Maximized user flow in the retail section of the website. ● Designed sites to be compatible with top browsers, including Firefox, Chrome and Safari. ● Analyzed requirements and designed, developed and implemented software applications for multiple  websites. ● Tested websites and performed troubleshooting prior to deployment. ● Designed, implemented and monitored web pages and sites for continuous improvement. ● Implemented website and integrated solutions into business operations. ● Represented a web team at meetings with executives and discussed project goals and milestones. ● Developed wireframes, site maps and content inventories for new website designs. Ordered supplies and kept  inventory at optimal levels. ● Awarded ‘Employee of the Month, due to earning the highest customer satisfaction rate for all software  solutions delivered. ● Worked with senior technology solutions team members to assist with development of over 12+ software  solutions in a wide variety of platforms including web, desktop and mobile.""},{""primary_technologies"":[],""company_name"":""Console Limited"",""location"":""Lagos"",""job_title"":""Information Systems Engineer "",""start_date"":""2015-07-12"",""end_date"":""2017-07-19"",""description"":""● Installed, configured, tested and maintained operating systems, application software and system management  tools. ● Answered and fixed technical support calls from both the call center and customer. ● Monitored and tested application performance to identify potential bottlenecks, develop solutions, and  collaborate with developers on solution implementation. ● Managed and monitored all installed systems for the highest level of availability. ● Built and maintained network infrastructure consisting of Windows, Linux and virtual products. ● Reviewed and analyzed security logs to determine and alleviate network threats. ● Designed and implemented system security and data assurance. ● Managed use of various types of databases and configured, installed and upgraded new ones. ● Managed installation, upgrade and deployment projects and provided on-site direction for network engineers""}],""skills"":[{""name"":""PHP/Laravel"",""years_of_experience"":4,""note"":""Backend""},{""name"":""React js"",""years_of_experience"":5,""note"":""Frontend""},{""name"":""Node js"",""years_of_experience"":3,""note"":""Backend""},{""name"":""Next js"",""years_of_experience"":2,""note"":""Frontend""},{""name"":""React Native"",""years_of_experience"":3,""note"":""Mobile Development""},{""name"":""Typescript"",""years_of_experience"":2,""note"":""Frontend""},{""name"":""MySQL"",""years_of_experience"":2,""note"":""Database""},{""name"":""MongoDB"",""years_of_experience"":2,""note"":""Database""}],""portfolios"":[{""name"":""Linkedin"",""url"":""https://linkedin.com/in/joseph-ayobami-b84a66188/""}],""first_name"":""JOSEPH"",""preferred_name"":""JOSEPH"",""last_name"":""AYOBAMI"",""pronoun"":""He/Him"",""email"":""oluwasegunstar@gmail.com"",""phone"":"" +234-816-598-3685"",""city"":""Lagos"",""preferred_job_title"":""Software Engineer"",""professional_summary"":""Highly-skilled and motivated full-stack software engineer with over 7 years of experience. Over the years, I've built  high quality, scalable solutions for web and mobile across a wide range of industry requirements. With many years of  experience working in both startup and enterprise environments, I extremely understand the importance of making  technology decisions in line with the current priorities of the business. While I have a preferred technology stack,  eventually I select the most excellent innovations for the work at hand and utilize my experience to recognize  significant design patterns. I'm also a Collaborative team player with excellent technical abilities and proven leadership  skills."",""professional_start_date"":""2015-07-12""}"
fortune.nwankwo@10hourlabs.com,"{""country_code"":""NG"",""educations"":[{""institution_name"":""University of Lagos"",""location"":""Lagos"",""degree"":""Computer Science"",""program"":""BSc"",""start_date"":""2012-10-08"",""end_date"":""2017-08-18""}],""experiences"":[{""primary_technologies"":[],""company_name"":""FASTrust Innovations"",""location"":""NaN"",""job_title"":""Backend Developer"",""start_date"":""2017-10-09"",""end_date"":""2020-09-18"",""description"":""• Tasked with managing the company's website and solutions. • Built websites for clients of the company • Built a crowd management system to help stores, event centres to manga people by introducing a scheduling sytem so as to help prevent human interaction that'll slow down the spread of the covid-19 virus""},{""primary_technologies"":[],""company_name"":""Global T&T Solutions"",""job_title"":""Web Development Officer"",""location"":""NaN"",""start_date"":""2021-04-14"",""end_date"":""2022-03-19"",""description"":""• Tasked with managing the various solutions that exists • Tasked with making updates and adding new features to the solutions as needed • Tasked with building solutions for external clients""}],""skills"":[{""name"":""PHP"",""years_of_experience"":5,""note"":""Backend""},{""name"":""JavaScript"",""years_of_experience"":4,""note"":""Frontend""},{""name"":""MySQL"",""years_of_experience"":3,""note"":""Database""},{""name"":""C#"",""years_of_experience"":2},{""name"":""Node js"",""years_of_experience"":1,""note"":""Backend""}],""email"":""adesinak4@gmail.com"",""first_name"":""Kayode "",""last_name"":""Adesina"",""preferred_name"":""Kayode "",""pronoun"":""He/Him"",""phone"":""+234 706 1726 467"",""city"":""Lagos"",""preferred_job_title"":"" Ba c k -End De v e lope r "",""professional_summary"":""A proactive Back-End Developer with experience in Web Development. Exhibits expertise with Back-End Development and Front End design using PHP, JavaScript, Java, MySQL Possesses technical skills and the ability to be a team player."",""professional_start_date"":""1017-10-09""}"
fortune.nwankwo@10hourlabs.com,"{""country_code"":""NG"",""educations"":[{""institution_name"":""NATIONAL INSTITUTION OF TECHNOLOGY"",""location"":""Rivers "",""degree"":""Computer Science"",""program"":""Software engineering"",""start_date"":""2016-11-11"",""end_date"":""2018-12-10"",""overview"":""Developed software engineering skills in Java, C++ , C# , PHP, Robotics & Python""}],""experiences"":[{""primary_technologies"":[""PHP"",""MSSQL"",""Javascript"",""Html/css"",""Jquery mobile""],""company_name"":""COMPUTER SERVICES LIMITED"",""location"":""Remote"",""job_title"":""Web Developer"",""start_date"":""2016-08-17"",""end_date"":""2017-03-14"",""description"":""A full comprehensive tertiary software (Admin Module, Student  Module, CBT Module, Accounting Module, Transcript Portal e.t.c)  as revenue channel purposes for the company which was used for  clients like Ebony State University Nigeria and TCNN during my  contract period. Technologies Used where (PHP, MSQL,  JAVASCRIPT, HTML, CSS, JQUERY MOBILE). • A cloud based SAAS educational system for high schools that helps  them go paper less in almost all day to day administrative  activities and also provide guidance quick and easy access to their  wards academics records and general performances""},{""primary_technologies"":[""Html/css/javascript"",""PHP"",""MySQL""],""company_name"":""DUDUTECH LIMITED]"",""location"":""NaN"",""job_title"":""Full Stack Developer"",""start_date"":""2014-05-14"",""end_date"":""2017-07-18"",""description"":""• Used JAVA in Building a Commercially Distributed Desktop Based  CBT software for students sitting for the JAMB in Nigeria to help  those who are not used to the concept of CBT since most high  schools in Nigeria don’t do CBT. • Built other commercial viable software’s like Dental Soft – a full  management software for Dental clinics built on (C# , WPF , Mysql  ), MyDocspace – a file storage and file manager web app to store  and manage your files remotely , built on (HTML,CSS,JAVASCRIPT,  PHP & MYSQL), and quarter a dozen of other amazing idea’s""},{""company_name"":""SILVERINK WEB DESIGN"",""location"":""Remote"",""job_title"":""Website Designer"",""start_date"":""2017-08-13"",""end_date"":""2019-06-19"",""description"":""• My role here was a web designer and partly consultant, which saw  me building fleets of highly unique and responsive websites for  different companies and organizations. • Analyzed management request and create design flows, processes  as per their request""},{""primary_technologies"":[""Python"",""Tensorflpw""],""company_name"":""BAYELSA STATE POST PRIMARY SCHOOL BOARD"",""location"":""Bayelsa"",""job_title"":""Full Stack Developer,"",""start_date"":""2018-10-09"",""end_date"":""2019-08-19"",""description"":"" Lead a team of developers to build a payroll system with PHP and  MySql • Introduced features and technologies to help eliminate ghost  works and regularized the grades of everyone of it 5000 staffs,  thus reducing the wage monthly of the board by over 101million  naira. • Built an attendance mobile app powered by AI Facial recognition (Python , Pandas & Open-CV) with external features that allows  staff access their monthly pay slip’s and engage in learning  exercises. • Designed and developed an HRM system for the board. • Designed and developed Rest API’s to aid communications across  all systems""},{""company_name"":""STERLING TECHNOLOGY"",""location"":""Enugu"",""job_title"":""Senior Software Developer"",""start_date"":""2017-07-18"",""end_date"":""2021-11-13"",""description"":""• Built a robust electricity solution with Python and Postgres Sql to  compute and generate different Postpaid Electricity bill types for  EEDC over 1.2million postpaid customers monthly using NERC  Regularized Computation, with multiple features to manage  injection substations , feeders, transformers , payments, CRM etc. • Design and developed a USSD application to interface with our  robust electricity module and give customers quick access to  knowing their bill, make payments and log complains [ PHP &  MySql ]. • Built robust and scalable Rest APIs to aid vendors (Bank’s ,  Payment Gateways and Cashiers ) access EEDC over 1.2million  Postpaid customers billing details and post bill payments with  over 50,000 daily API requests and transactions which accounts  for 89% of all EEDC Revenue’s [ PHP, Python (Django) , Node.Js ]. • Built a cash collection point to help third party vendors track, record and manage their communications and transactions with  vending and collection limits across our platforms [ API’s ( Nodejs,  Express.js & Postgres SQL ) , Portal Access ( Python & Django ) ] • Developed Internally used mobile applications and managed them  For Enugu Electricity Distribution Company, Daemons. • Deployment of applications to Linux servers and configuration of  services.  • Reduced customer bill charges by 15% by building smart  applications which calculated customer's electricity consumption  therefore eliminating the manual process where customer billing  was calculated by staff members.  • Increase internally communication pipelines speed by 40% as we  had to rebuild most of their existing systems.  • Participate in brainstorming sessions and contribute ideas to  technology, algorithms, and products. • Built automated micro services in Python to update and retrieve  information’s in real-time from EEDC other applications to help  maintain a centralized database.""},{""company_name"":"" TELEDONKITA NIG"",""location"":""Remote"",""job_title"":""Full Stack Developer"",""start_date"":""2021-10-13"",""end_date"":""2022-03-29"",""description"":""• Built a telemedicine Mobile app on Flutter for IOS and Android. • Built a web based Electronic Medical Record System • Develop and design RESTful services and APIs • Created micro service apps, protocol buffer for data serialization  across the web and mobile applications. [NodeJs & MongoDB] • Analyzed application performance and optimized the database  tables, indexes, and stored procedures. Improved application  performance by 43%.""},{""primary_technologies"":[""Node js"",""Flutter""],""company_name"":""TRAVI TECHNOLOGY]"",""location"":""Rivers"",""job_title"":""Senior Developer/ Project Lead"",""start_date"":""2021-10-14"",""end_date"":""2022-03-29"",""description"":""• Create software architecture diagrams for communicating  technical implementations to management. • Setup various micro services with [ Node.Js ]. • Built a mobile app (Flutter) for transport companies and boarding  passengers. • Interfaced with other developers in the team, giving them  technical supports and guides in their respective tasks.""}],""skills"":[{""name"":""Node js"",""years_of_experience"":7,""note"":""Backend""},{""name"":""React & React-Native"",""years_of_experience"":6},{""name"":""Python"",""years_of_experience"":8},{""name"":""Solidity"",""years_of_experience"":2,""note"":""Blockchain""},{""name"":""Postgres SQL"",""years_of_experience"":4,""note"":""Database""},{""name"":""Flutter"",""years_of_experience"":4,""note"":""Mobile Development""}],""portfolios"":[{""name"":""Github"",""url"":""https://github.com/leosmith29""}],""first_name"":""LEO"",""last_name"":""CONFIDENCE"",""preferred_name"":""LEO"",""pronoun"":""He/Him"",""email"":""Leosmith2929@gmail.com"",""phone"":""234 903 759 8947"",""city"":""Rivers"",""professional_summary"":""Eager to apply academic and professional background towards building  and maintaining a successful career as a software developer and to take a  challenging and managerial role in this field and implement the expertise  and experience gained in this field to develop complex projects and  software's with efficiency and quality."",""preferred_job_title"":""Software Developer"",""professional_start_date"":""2014-05-14""}"
fortune.nwankwo@10hourlabs.com,"{""country_code"":""NG"",""educations"":[{""institution_name"":"" University of Benin"",""location"":""Benin"",""degree"":""Industrial Physics"",""overview"":""B.Sc. Industrial Physics"",""program"":""B.Sc."",""start_date"":""2012-09-18"",""end_date"":""2016-11-14""}],""experiences"":[{""primary_technologies"":[""Node js"",""Mtocha/Chai"",""MySQL"",""React js"",""Redux Saga""],""company_name"":""Kwik Delivery "",""job_title"":""Partner Integration Engineer"",""location"":""NaN"",""start_date"":""2020-11-17"",""end_date"":""2022-03-24"",""description"":""● Set up of the server-side rendering of the application, such as Express, MongoDB, Eslint, babel, to ensure we are using JavaScript ES6 format ● Implemented all the necessary API required to have a functional frontend application.""},{""primary_technologies"":[""Node js"",""Mocha"",""Chai"",""MongoDB""],""company_name"":""Farm Innovation Nigeria"",""location"":""Ng"",""job_title"":""Software Engineer"",""start_date"":""2019-11-14"",""end_date"":""2020-06-17"",""description"":""● Set up of the server-side rendering of the application, such as Express, MongoDB, Eslint, babel, to ensure we are using JavaScript ES6 format ● Implemented all the necessary API required to have a functional frontend application. ● Implemented some features on the front-end such as the landing page, the USSD UI displaying all farmers who onboarded using the USSD channels also the display of GAP(good agricultural practices) content on the admin modules. Worked together with some teammates to come up with mockups for the application, The mockups were implemented on Figma.""},{""primary_technologies"":[""Node js"",""React js""],""company_name"":""Andela(Blended Learning)"",""location"":""NaN"",""job_title"":""Software Engineer"",""start_date"":""2019-08-14"",""end_date"":""2019-10-09"",""description"":""● Acted as the sprint lead and handled all necessary communication with stakeholders including appropriately setting up meetings following up target enquiries the team had to make for clarification on features. At the end of the sprint, I was put to handle the team’s demo with the stakeholders. ● Wrote tests with Mocha and the Chai assertions library and implemented the endpoint to authenticate existing users and generate a unique security token. I paid attention to validating the input being sent to the database and checking for edge cases to keep the Application safe. Validations were done using custom validation and validatorJS. ● Implemented the API endpoints to reset the user’s password when forgotten. ● Worked together with some teammates to come up with mockups for the application, The mockups were implemented on Figma.""}],""skills"":[{""name"":""Html/Css/Javascript"",""years_of_experience"":5},{""name"":""React js"",""years_of_experience"":4,""note"":""Frontend""},{""name"":""Node js"",""years_of_experience"":4,""note"":""Backend""},{""name"":""SQL"",""years_of_experience"":4,""note"":""Database""}],""portfolios"":[{""url"":""https://github.com/MajemiteJames"",""name"":""Github""}],""first_name"":""OKORO"",""last_name"":""MAJEMITE"",""preferred_name"":""JAMES"",""pronoun"":""He/Him"",""email"":""eokorojames@gmail.com"",""phone"":""08182587058"",""city"":""Lagos"",""preferred_job_title"":""Software Engineer"",""professional_summary"":""Excellent team player with an in-depth knowledge of Software Engineering looking to work in a company where I can utilize my technical skills in building software products and positively affecting the company’s key performance indicators. I am focused and detail-oriented, with a dynamic approach to work and getting things done."",""professional_start_date"":""2019-09-14""}"
fortune.nwankwo@10hourlabs.com,"{""country_code"":""NG"",""educations"":[{""institution_name"":""Adekunle Ajasin University"",""location"":""Ondo"",""degree"":""Computer Science"",""program"":""BSc"",""start_date"":""2014-10-09"",""end_date"":""2018-10-15""}],""experiences"":[{""primary_technologies"":[""html/css/js"",""MySQL"",""jQuery""],""company_name"":""Appclick Technology"",""job_title"":""Senior Full Stack Web Developer"",""location"":""Ibadan"",""start_date"":""2020-09-13"",""end_date"":""2022-03-29"",""description"":""i. Designed and developed a Twitter influencer & marketing web application using HTML5, CSS3,  JavaScript, Twitter Auth3.0, MySQL, Frameworks like PHP(Codeigniter), JQuery, Bootstrap (https://www.mytweetyapp.com) ii. Designed and developed web hosting video platform, screen recording, camera capture and Youtube,  Vimeo embedded integration application using HTML5, CSS3, JavaScript, MySQL, Frameworks like  PHP(Codeigniter), JQuery, Bootstrap, VideoJs, Google Analysis, ffmpeg, (https://www.viddle.in) iii. Designed and developed Viddle Drive, a files and documents cloud hosting platform using HTML5,  CSS3, JavaScript, MySQL, Frameworks like PHP(Symfony), Twig (https://www.drive.viddle.in)  iv. Designed and developed Interaction, a voice and visual support help desk for web platform using  HTML5, CSS3, JavaScript, MySQL, Frameworks like PHP(Codeigniter), JQuery, Bootstrap,  RecordRTC, Using Awebe, Mailchimp, Getresponse and PayPal Api (https://www.interactionapp.co""},{""primary_technologies"":[],""company_name"":""Zilt Investment"",""location"":""Oyo"",""job_title"":""Full Stack Web developer"",""start_date"":""2020-03-14"",""end_date"":""2020-08-19"",""description"":""Reviewed the existing website II. Collected user requirement details  III. Redesigned the company website IV. Developed the back-end of the website V. Integrated payment gate-way to the website VI. Developed customer relation workflow app for the company VII. Developed the search engine optimization of the website (SEO) https://www.ziltinvestment.com""},{""primary_technologies"":[""html/css/js"",""MySQL"",""SAS"",""PHP""],""company_name"":""LIVEPETAL"",""location"":""Akure"",""job_title"":""Software Developer"",""start_date"":""2019-02-14"",""end_date"":""2019-08-19"",""description"":""xii. Designed and developed Covis Club Web application for online Ponzi scheme using PHP, HTML5,  CSS3, JavaScript, JQuery, PayPal API, MySQL.  (https://www.covisclubinternational.com) xiii. Designed and developed Greater height cooperative web application for disbursement of loans, savings  and investments using PHP, HTML5, CSS3, JavaScript, JQuery, PayStack API, SMS API, MySQL. (https://www.greaterheightng.com) xiv. Encaged in the existing developed Salespro Software for business’s management  (https://www.salespro.ng)  3 xv. Encaged in the existing developed Schooldrove software for school’s management  (https://www.schoolpettal.com) xvi. Designed and developed Teegee photography website xvii. Designed and developed Akure City fc website xviii. Designed and developed Coach Kalu Volley ball website""},{""primary_technologies"":[""Html/Css/JS"",""C++"",""PHP"",""Ajax"",""Java""],""job_title"":""Student Industrial Work Experience Scheme (SIWES)"",""company_name"":""Computer Resource Center (C.R.C) "",""location"":""Ondo"",""start_date"":""2017-09-14"",""end_date"":""2018-01-14"",""description"":"" Participated in IT related activities such as registration services for students and staffs.  Rendered technical support during e-voting exercise and CBT exams for students and staffs.  Management and Maintenance of gadgets such as computers, networking tools and servers.  Participated in software development training in programming languages such as HTML, CSS,  JavaScript, SQL, PHP, C#, C++, Ajax and Java.""}],""skills"":[{""name"":""Html/Css/Javascript"",""years_of_experience"":7,""note"":""Frontend""},{""name"":""Node js"",""years_of_experience"":5,""note"":""Backend""},{""name"":""MySQL"",""years_of_experience"":6,""note"":""Database""},{""name"":""C++"",""years_of_experience"":7,""note"":""Backend""},{""name"":""JQuery"",""years_of_experience"":6,""note"":""Frontend""},{""name"":""Java"",""years_of_experience"":4,""note"":""Mobile Development""}],""portfolios"":[],""first_name"":""OLUWAMOYEWA"",""last_name"":""MOSES"",""preferred_name"":""MOSES"",""phone"":""2348168257660"",""email"":""moyewatosin@gmail.com"",""pronoun"":""He/Him"",""city"":""Lagos"",""professional_summary"":""Performance-driven and self-motivated Full Stack Web and Software developer with extensive  experience designing, developing, and deploying web applications and solutions using  technologies and programming languages like PHP, JavaScript, NodeJs, MySQL, HTML5,  CSS3, Codeigniter, Symfony, Twig, Ajax, JQuery, RestApi, JAVA, and C++."",""preferred_job_title"":""Full Stack Developer"",""professional_start_date"":""2019-02-14""}"
fortune.nwankwo@10hourlabs.com,"{""country_code"":""NG"",""educations"":[{""institution_name"":""Lagos State University"",""location"":""Lagos"",""degree"":""Computer Science"",""program"":""BSc"",""start_date"":""2008-09-13"",""end_date"":""2012-11-14""}],""experiences"":[{""primary_technologies"":[""JQuery"",""PHP/Laravel""],""job_title"":"" Backend Engineer"",""company_name"":""Options.ng"",""location"":""Lagos"",""start_date"":""2019-10-08"",""end_date"":""2022-03-29"",""description"":""● Created features for a web application that allows users to create alerts, top-up data and apply for loans using JavaScript, JQuery and Laravel. ● Refactored website by developing APIs for internal use. ● Integrate with payment solutions. ● Integrate third-party APIs for customer use. ● Automate build and deployment of code. ● Developed a speed test feature on the website. ● Developed a wallet system for transaction purposes.""},{""primary_technologies"":[""PHP/Laravel""],""company_name"":""BAQIT SOLUTIONS"",""job_title"":""Backend Engineer"",""location"":""South Africa"",""start_date"":""2018-04-15"",""end_date"":""2019-09-18"",""description"":""● Developed custom back-end CMS solutions for business. ● Translate business requirements into detailed designs and systems. ● Collaborating with team members to discuss solutions and mentoring Junior developers. ● Provide feedback and assistance to other developers when needed. ● Developed new features and maintained the existing source code, using PHP, Laravel, Git and JavaScript. ● Built a custom email campaign CMS""},{""primary_technologies"":[""PHP/Laravel""],""company_name"":""OPS101"",""location"":""Lagos"",""job_title"":"" Junior Software Developer"",""start_date"":""2017-03-14"",""end_date"":""2017-12-14"",""description"":""● Website maintenance management plan. ● Developed static pages. ● Creating a report on analytic and report as requested by the manager. ● Developed an online quiz platform in PHP and integrated with a payment platform. ● Refactored the previous online quiz platform to a Laravel Framework""},{""company_name"":""KATADEALS"",""location"":""Lagos"",""job_title"":""Website Manager"",""start_date"":""2016-05-16"",""end_date"":""2017-01-15"",""description"":""Responsibilities ● Configuration of a company’s computer hardware operating systems and applications. ● Maintenance and monitoring of the company's website. ● Logging the queries of customers and employees. ● Developed a custom backend solution for order management.""}],""skills"":[{""name"":""Html/Css/Javascript"",""years_of_experience"":6,""note"":""Frontend""},{""name"":""PHP/Laravel"",""years_of_experience"":4,""note"":""Backend""},{""name"":""Node js"",""years_of_experience"":4,""preferred"":false,""note"":""Backend""},{""name"":""MySQL"",""years_of_experience"":3,""note"":""Database""},{""name"":""Git"",""years_of_experience"":5}],""first_name"":""Moshood"",""last_name"":""Adekunle"",""phone"":""2348132968651"",""email"":""amoshood45@gmail.com"",""pronoun"":""He/Him"",""preferred_name"":""Adekunle"",""city"":""Lagos"",""professional_summary"":""A Software Engineer with 4 years of work experience developing Web and API applications using PHP, Laravel, JavaScript, MySQL along with Other technologies as well as knowledge of NodeJS, Agile Methodology and GitVS ."",""preferred_job_title"":""Backend Engineer"",""professional_start_date"":""2016-06-16""}"
fortune.nwankwo@10hourlabs.com,"{""country_code"":""NG"",""educations"":[{""program"":""Higher National Diploma"",""degree"":""Computer Science"",""location"":""Ogun State"",""institution_name"":""Federal Polytechnic"",""start_date"":""2019-10-09"",""end_date"":""2021-11-04""}],""experiences"":[{""primary_technologies"":[""React""],""job_title"":""Bankend Developer"",""company_name"":""Friconn"",""location"":""Lagos"",""start_date"":""2020-09-12"",""end_date"":""2021-12-15"",""description"":""· Designed and built a functional educational system that connect helps  students learn through tutors · Developed RESTful APIs that connects the UI to the database and also  allows the sharing of data across the systems. · Worked alongside frontend developers to implement the developed RESTful  APIs with the React-based UI. · Debugging of existing and newly discovered bugs in the company’s codebase  and also maintaining clean codes""},{""job_title"":""Software Developer"",""company_name"":""Zealarax Technologies"",""location"":""Ogun State"",""start_date"":""2018-08-17"",""end_date"":""2019-02-13"",""description"":""· Part of the team that moved several apps to the cloud. · Part of the decision-making team in determining the best technologies to  consume and the best patterns to follow. · Trained the SIWES students in almost all the areas of web development. · Lead the back-end team in building over 12 products for different clients""}],""skills"":[{""name"":""Html/Css/Javascript"",""years_of_experience"":3,""note"":""Frontend""},{""name"":""React js"",""years_of_experience"":3,""note"":""Frontend""},{""name"":""PHP/Laravel"",""years_of_experience"":3,""note"":""Backend""},{""name"":""SQL"",""years_of_experience"":3,""note"":""Database""}],""portfolios"":[],""first_name"":""TIJANI"",""last_name"":""MUSTAPHA"",""preferred_name"":""MUSTAPHA"",""email"":""thenewxpat@gmail.com"",""pronoun"":""He/Him"",""phone"":""+234(0) 814 897 7610"",""city"":""Lagos"",""preferred_job_title"":""Software Developer"",""professional_start_date"":""2018-08-17""}"
fortune.nwankwo@10hourlabs.com,"{""country_code"":""NG"",""educations"":[{""institution_name"":""University of Ibadan"",""location"":""Ibadan"",""degree"":""Computer Science"",""program"":""BSc"",""start_date"":""2014-08-19"",""end_date"":""2019-11-15"",""overview"":""B.Sc. in Computer Science""}],""experiences"":[{""primary_technologies"":[""Django""],""company_name"":""Cowrywise"",""location"":""Lagos"",""job_title"":""Senior Software Engineer"",""start_date"":""2020-01-13"",""end_date"":""2022-03-29"",""description"":""• Working on implementing new features with Django on the backend • Managing the deployment of internal services and monitoring tools like Kibana • Managing CI/CD of the Android application • Working on Integrating Third-party APIs with the Backend codebase and vice versa • Built V1 of the in-house fraud-detection and monitoring system • Built the Cowrywise Badges reward system • Led the backend Integration with ARM Investment Managers to introduce 6 of their mutual funds to the Cowrywise Platform""},{""primary_technologies"":[""Heroku""],""company_name"":""GitStart"",""job_title"":""Tech Lead"",""location"":""San Francisco, California, United States"",""start_date"":""2019-01-13"",""end_date"":""2019-06-17"",""description"":""• Created Tickets for Developers to work on • Handled client communication on Slack and Jira/Trello Handled Code reviews internally and gave feedback from clients • Wrote Technical Specications for client features. Created Heroku pipelines for each application which also creates PR review apps • Worked with a team of developers to push out new product features each week.""},{""location"":""Nigeria"",""company_name"":""Andela"",""job_title"":""Learning Community Ambassador"",""start_date"":""2019-01-16"",""end_date"":""2019-06-17"",""description"":""earning Community Ambassador roles were offered to highly skilled individuals by the Andela community to assist with organising events, meetups and providing remote support as mentors so other individuals could push their submissions for the community challenges and exercises.""},{""primary_technologies"":[""GCP""],""company_name"":""Diamond Acre Software"",""location"":""Lagos"",""job_title"":""Lead Software Developer"",""start_date"":""2018-02-16"",""end_date"":""2019-01-19"",""description"":""• Software Developer II • Setup Backend infrastructure of the Company's lead product with Django and Django rest framework • Managed CI/CD of different company projects using aws elastic beanstalk, docker, Gcloud and Travis whilst maintaining a test coverage of over 90% • Lead Android Development using Kotlin and Android Architecture Components • Handled code reviews on other projects in the Company • Built Slackbot to deploy APKs to slack from Travis CI""},{""primary_technologies"":[""Django"",""React js""],""company_name"":""Tuteria"",""location"":""Lagos"",""job_title"":""Software Engineer"",""start_date"":""2017-05-12"",""end_date"":""2018-03-14"",""description"":""• Responsible for writing various microservices using (Python) Django, Flask with Graphql, REST, etc. • Writing of database (Postgres) migration scripts. • Day to day bug fixing on the site (https://tuteria.com)  • Hooking up frontend javascript code (Reactjs) to backend code, etc""},{""primary_technologies"":[""Html/css/js""],""company_name"":""International Institute of Tropical Agriculture (IITA)"",""location"":""Ibadan"",""job_title"":""IT Consultant"",""start_date"":""2017-04-15"",""end_date"":""2017-08-07"",""description"":""• Technologies used: Spring Framework, Structs 2, Hibernate, Servelets etc • Involved in the aesthetic redesign of the whole Training Database System using CSS, Javascript and Bootstrap • Participated in the Development and programming of various training form elements to be used by the training participants and supervisors of the trainees. • Participated in the building of seamless authorized access to data among all stakeholders of the system. • Handled code documentation""},{""primary_technologies"":[""C#""],""company_name"":""CELLCORE Ltd"",""job_title"":""Mobile Developer"",""location"":""Ibadan"",""start_date"":""2017-02-14"",""end_date"":""2017-05-15"",""description"":""• Technologies used : Java (Android Development) , C# (Windows Silverlight and UWP)  • Development of 'PushIt' push notifications windows library • Development of U-Lottoking android lotto application.""},{""company_name"":""Toast Creative Studios"",""location"":""Ibadan, Nigeria"",""job_title"":""Web Developer"",""start_date"":""2016-02-14"",""end_date"":""2016-07-16"",""description"":""nan""},{""job_title"":""Junior Software Developer"",""company_name"":""Vasiti.com"",""location"":""Ibadan, Nigeria"",""start_date"":""2016-01-13"",""end_date"":""2016-06-17"",""description"":""• Development of Magazine and general site maintainence""}],""skills"":[{""name"":""java"",""years_of_experience"":8,""note"":""Development""},{""name"":""Python"",""years_of_experience"":6},{""name"":""Kotlin"",""years_of_experience"":5,""note"":""Mobile Development""}],""first_name"":""Obi"",""last_name"":""Uchenna"",""preferred_name"":""David"",""pronoun"":""He/Him"",""email"":""daviduchenna@outlook.com"",""phone"":""+234"",""city"":""Lagos"",""preferred_job_title"":""Senior Software Engineer"",""professional_summary"":""Fullstack Developer responsible for developing backend solutions using Python, JavaScript, and creating mobile applications with Kotlin, Swift, Dart and Java. Adept at developing server-side logic, ensuring high performance and responsiveness to requests from the front-end. Track record of writing high quality software that deliver direct impact on the bottom line of the company"",""professional_start_date"":""2016-02-14""}"
fortune.nwankwo@10hourlabs.com,"{""country_code"":""NG"",""educations"":[{""institution_name"":""Federal university Ndufu-Alike Ikwo"",""location"":""Ebonyi"",""degree"":""Computer Science"",""program"":""BSc"",""start_date"":""2010-09-13"",""end_date"":""2013-10-09""}],""experiences"":[{""primary_technologies"":[],""company_name"":""DIGITAL DREAM ICT ACADEMY"",""job_title"":""Industrial Training"",""location"":""NaN"",""start_date"":""2018-04-17"",""end_date"":""2018-10-09"",""description"":""NaN""},{""primary_technologies"":[],""company_name"":""TECHO CRAFT"",""location"":""Enugu"",""job_title"":""Web Development Engineer and Web Development Instructor. "",""start_date"":""2018-11-12"",""end_date"":""2021-03-14"",""description"":""Development of various Web Projects for clients""},{""company_name"":""DES & DEV LTD"",""location"":""NaN"",""job_title"":""Web Development Engineer"",""start_date"":""2021-04-12"",""end_date"":""2021-11-15"",""description"":""Development of various Web Projects for  Clients.""},{""company_name"":""OMNISWIFT"",""location"":""Abuja"",""job_title"":""Software Engineer"",""start_date"":""2021-11-10"",""end_date"":""2022-03-19"",""description"":""NAN""}],""skills"":[{""name"":""PHP/Laravel"",""years_of_experience"":4,""note"":""Backend""},{""name"":""MySQL"",""years_of_experience"":3,""note"":""Database""},{""name"":""Bootstrap"",""years_of_experience"":3,""note"":""Frontend""},{""name"":""Postgres"",""years_of_experience"":2,""note"":""Database""}],""portfolios"":[{""name"":""Linkedin"",""url"":""https://www.linkedin.com/in/ogechukwu-nwoye-4a2271159""}],""first_name"":""NWOYE"",""last_name"":""OGECHUKWU"",""preferred_name"":""OGECHUKWU"",""email"":""nwoyeogeemilia@gmail.com"",""pronoun"":""She/Her"",""phone"":""2349078207469"",""professional_summary"":""• Awesome ability to work both independently and also work effectively with a team.  • Ability to communicate effectively with clients through emails and written letters.  • Excellent listening, communication and presentation skills.  • Computer proficiency in the following HTML/PHP, Use of MS Word, Excel, Power point,  Access.  • Professional knowledge of web development (front-end: HTML, CSS, and JAVASCRIPT.  Back-end: PHP, JAVASCRIPT, MYSQL, POSTGRESQL, CODEIGNITER, LARAVEL) • Excellent instructor on Full stack web development • Excellent instructor on Microsoft Office Desktop Applications • Proficient in English Language  • Good verbal and written communication skills and able to optimally communicate with  team members and build positive relationships • Excellent Database Management with MySQL and PostgreSQL • Excellent use of laravel Eloquent and Relationships"",""city"":""NaN"",""professional_start_date"":""2018-04-17"",""preferred_job_title"":""Software Developer""}"
fortune.nwankwo@10hourlabs.com,"{""country_code"":""NG"",""educations"":[],""experiences"":[{""company_name"":""Brainiacs STEM and Robotics"",""job_title"":""Senior level | Wed developer/ STEM instructor"",""location"":""Lagos"",""start_date"":""2019-01-05"",""end_date"":""2022-03-30"",""description"":""Send out regular newsletters. Build wedsites Write blog posts. Design digital banners for ads. Carry out social media marketing.""},{""company_name"":""Crescent international Schools"",""location"":""Kano"",""job_title"":""Kano , Nigeria"",""start_date"":""2018-01-01"",""end_date"":""2018-01-05"",""description"":""Prepare lesson notes. Delivery lessons. Score students through test.""},{""company_name"":""9mobile NG"",""job_title"":""Graduate trainee | Customer Care executive"",""location"":""Kano"",""start_date"":""2016-01-03"",""end_date"":""2017-01-11"",""description"":""Resolve customers issues through inbound calls. Document issues under relevant categories.""},{""company_name"":""BUA flour mill"",""location"":""Kano"",""job_title"":""Volunteer, internship | Lab Analyst"",""start_date"":""2013-01-06"",""end_date"":""2013-01-12"",""description"":""Test for moisture content in flour. Document and analyze results. Report to the appropriate department if issues are noticed.""},{""company_name"":""al Hassan digital lab."",""location"":""Ng"",""job_title"":"" printer, computer engineer"",""start_date"":""2007-01-31"",""end_date"":""2016-02-29"",""description"":""I have learnt good customer service skills and also the use of computer applications that will help me be a better employee in any organization""}],""skills"":[{""name"":""PHP/Laravel"",""years_of_experience"":4,""note"":""Backend""},{""name"":""SQL"",""years_of_experience"":4,""note"":""Database""},{""name"":""Vue js"",""years_of_experience"":3,""note"":""Frontend""}],""portfolios"":[],""first_name"":""Ohis"",""last_name"":""Lawrence"",""preferred_name"":""Lawrence"",""phone"":""2349022239628"",""email"":""lawrenceohis@gmail.com"",""pronoun"":""He/Him"",""city"":""Lagos"",""preferred_job_title"":""Web developer LAMP, Laravel"",""professional_summary"":""I'm a dedicated, helpful innovator with experience in the industrial sector. Able to work independently or in a team and use in-house resources effectively, such as online databases, laboratory equipment, and problem resolution procedures. SKills in Social Media Marketing, SQL, Data, PHP, MySQL, Laravel, JavaScript."",""professional_start_date"":""2019-01-05""}"
fortune.nwankwo@10hourlabs.com,"{""country_code"":""NG"",""experiences"":[{""primary_technologies"":[""Asp.net"",""Html/Css/js"",""java""],""company_name"":""Maxut Consulting"",""location"":""Lagos"",""job_title"":""Software Developer"",""start_date"":""2018-06-11"",""end_date"":""2022-03-30"",""description"":""Implementation of 2FA (two Factor Authentication) for Commercial Bank in Nigeria using  Vasco Token API (One span)  Iris Camera integration for Dangote Nigeria and Dangote Ethiopia  GPS Vehicle tracking system  Development and support of Token management Portal for Banks(Unity Bank, FSDH,  Polaris, Stanbic)  Development of Back end Api for Unity Bank Softtoken Android app using Asp.net Web   Development of 2factor validation Web service integrated with core banking and IAS for  Zenith bank Nigeria and Ghana  Problem analysis and solution specification.  Bug fixing and solution support.  Collaborating and supporting fellow developers to analyse and suggest best approach  and practices.  Implementation of validation system for Polaris bank USSD and Internet   Integration of 2factor Authentication into finacle core bankin""},{""primary_technologies"":[""C#"",""Java"",""PHP"",""HTML/CSS/Javascript""],""company_name"":""Humbertechnologie"",""location"":""Lagos"",""job_title"":""Software Developer"",""start_date"":""2014-09-12"",""end_date"":""2017-04-13"",""description"":"" Responsible for the continued improvement and development of custom functionality  using Web Components Development tools.  Problem analysis and solution specification.  Bug fixing and solution support.  Collaborating and supporting fellow developers to analyse and suggest best approach  and practices.""},{""primary_technologies"":[""CSS""],""company_name"":""Intelligent Network Services"",""location"":""Lagos"",""job_title"":""Sugar CRM and Social APP Developer"",""start_date"":""2014-01-12"",""end_date"":""2014-09-08"",""description"":"" Problem Analysis, solutions specification, systems improvement and bug fixing.  Initiating and collaborating with team members to realize solutions that comply with  software best practices.   Technical writing and solutions documentation.  Developing high quality modules using SugarCRM Studio and configuration based  implementations, including workflow rules, validation rules, custom objects and fields,  Labels, Tabs, Queues, Email Templates, Custom settings e.t.c.  E-commerce Web portal development""},{""company_name"":""Ade – Royal Group of Schools"",""location"":""Ibadan"",""job_title"":""ICT Co-ordinator"",""start_date"":""2012-12-04"",""end_date"":""2013-08-07"",""description"":""Responsibilities:  Adequate provision of all documents.  Working with School administrator to make sure that every document is up to date.""}],""skills"":[{""name"":""Html/Css/Javascript"",""years_of_experience"":9,""note"":""Frontend""},{""name"":""C#"",""years_of_experience"":8},{""name"":""Java"",""years_of_experience"":8,""note"":""Mobile Development""},{""name"":""PHP"",""years_of_experience"":7,""note"":""Backend""},{""name"":""MySQL"",""years_of_experience"":9,""note"":""Database""},{""name"":""PostgreSQL"",""years_of_experience"":6,""note"":""Database""}],""first_name"":""Olayode"",""preferred_name"":""Olayode"",""last_name"":""Ojo"",""pronoun"":""He/Him"",""professional_summary"":""Highly motivated and creative technology professional with extensive experience working as a  developer, analyst and technical consultant. With a keen eye for detail, constantly pushing for  excellence in everything I lay hands upon. I’m a fun loving, friendly, easy going and highly motivated person and adjusts swiftly to various  working environments and conditions."",""email"":""yodeboy@gmail.com"",""phone"":""08034303947"",""preferred_job_title"":""Software Developer"",""city"":""NaN"",""professional_start_date"":""2014-01-12""}"
fortune.nwankwo@10hourlabs.com,"{""country_code"":""NG"",""educations"":[{""institution_name"":""BENUESTATEPLOYTECHNICUGBOKOLO"",""location"":""Benue"",""degree"":""Computer Engineering Technology"",""program"":""ND"",""start_date"":""0001-01-01"",""end_date"":""0001-01-01""}],""skills"":[{""name"":""Html/Css/Javascript"",""years_of_experience"":3,""note"":""Frontend""},{""name"":""React js"",""years_of_experience"":3,""note"":""Frontend""},{""name"":""Node js"",""years_of_experience"":2,""note"":""Backend""},{""name"":""PHP"",""years_of_experience"":1}],""first_name"":""IKPIEG"",""last_name"":""OLA"",""preferred_name"":""OLA"",""email"":""kpegigoodness@gmail.com"",""pronoun"":""She/Her"",""phone"":""2347062531103"",""city"":""Benue"",""preferred_job_title"":""Web Developer"",""professional_summary"":""I developed webapp using Node,React,Html,Css,I also developed web app for enterpriseand web game app,Using;html,css,js.that allow for employees to manage and recommend books too the remployeesto streamlinemonthlyrecommendations. Workedacrossthesoftwaredevelopmentlifecycletogatheruser requirementsandbuildandmaintainthecodeforthetoolwhichsaved employees5hourseachmonthinmanuallaborselectedasthetop performinginterninmyclassbythetechnologyteamUsed;JavaScript, (Node&React)Html,Css,postgreSQl"",""professional_start_date"":""0001-01-01""}"
fortune.nwankwo@10hourlabs.com,"{""country_code"":""NG"",""educations"":[{""institution_name"":""Covenant University"",""location"":""Ogun State"",""degree"":""Computer Science"",""program"":""BSc"",""start_date"":""2016-08-17"",""end_date"":""2020-11-08"",""overview"":""B.Sc. in Computer Science""}],""experiences"":[{""primary_technologies"":[""React js"",""Next js"",""Typescript""],""company_name"":""Wazobia Tech"",""job_title"":""Engineering Lead"",""location"":""Lagos"",""start_date"":""2021-09-12"",""end_date"":""2022-03-30"",""description"":""Led a team of four engineers, two designers and a project manager to achieve sprint goals and meet deliverables. Liaised weekly with the CTO and Project Manager to determine and decide sprint goals. Worked with the Project Manager to plan and spec out tickets for engineers and designers in the sprint. Conducted interviews and technical tests along with HR for new engineering hires. Led a team to structure, plan and implement several microservices for internal products. All written in Laravel. Built the frontend for dynamic, page builder software in React, Typescript and Next JS.""},{""primary_technologies"":[""React js "",""Typescript"",""PHP/Laravel""],""company_name"":""Wazobia Tech"",""location"":""Lagos"",""job_title"":""Software Engineer"",""start_date"":""2021-01-24"",""end_date"":""2021-09-08"",""description"":""Worked as part of a two man team to build a management portal https://portal.junglecreations.com for one of the organization's clients, a reputable media agency using React, Typescript and Laravel. Migrated https://thewild.agency from Gatsby to Next JS and upgraded it to make use of a live edit approach in which the application's content can be edited dynamically as opposed to changing the content from the code. Upgraded several legacy Next JS applications such as https://vt.co and https://fournine.net to the latest Next JS version. Worked on the frontend and backend of various, internal products making use of React, Typescript and Laravel""},{""job_title"":""Frontend developer"",""company_name"":""Crown Interactive Ltd,"",""location"":""Lagos"",""start_date"":""2019-02-14"",""end_date"":""2019-07-06"",""description"":""Implemented User Interface Designs for new modules using Angular JS and Angular 2+ in the company's applications""}],""skills"":[{""name"":""Angular js"",""years_of_experience"":5,""note"":""Frontend""},{""name"":""React js"",""years_of_experience"":4,""note"":""Frontend""},{""name"":""Typescript"",""years_of_experience"":3},{""name"":""PHP/Laravel"",""years_of_experience"":3,""note"":""Backend""},{""name"":""NoSQL"",""years_of_experience"":3}],""first_name"":""Fambegbe"",""last_name"":""Abiodun"",""preferred_name"":""Abiodun"",""phone"":""2348179868840"",""pronoun"":""He/Him"",""email"":""olamileke.f@gmail.com"",""preferred_job_title"":""Software Engineer"",""city"":""Lagos"",""professional_summary"":""Knowledgeable developer with 5 years of experience creating web applications that add value and meet user demand. An exceptional team player with an analytical approach to developing useful solutions"",""professional_start_date"":""2019-02-14""}"
fortune.nwankwo@10hourlabs.com,"{""country_code"":""NG"",""educations"":[{""institution_name"":""Cross River University of Technology "",""location"":""Cross River"",""degree"":"" Electrical Electronics Engineering "",""program"":""BEng"",""start_date"":""2018-12-17"",""end_date"":""2023-07-14"",""overview"":""BEng, Electrical Electronics Engineering ""}],""experiences"":[{""primary_technologies"":[""html/css/js""],""job_title"":""Frontend Developer Intern"",""company_name"":""Dam-Technologies Limited"",""location"":""Calabar"",""start_date"":""2017-09-12"",""end_date"":""2018-09-13"",""description"":"" My Task was to develop the UI  I work with HTML5, CSS3, JavaScript.  September 2017 - September 2018""},{""primary_technologies"":[""Javascript"",""Ajax"",""Git"",""MySQL"",""PHP/Laravel""],""job_title"":""Backend Developer/ Consultant "",""company_name"":""Cross River Geographic Agency (CRGIA) "",""location"":""Cross River"",""start_date"":""2019-01-16"",""end_date"":""2021-02-13"",""description"":"" I was tasked with database structuring and writing scalable  object oriented codebase for the applications   I work with PHP, LARAVEL, RestAPI, JavaScript, Ajax, GIT, Mysql.""},{""primary_technologies"":[""html/css/js"",""PHP/Laravel"",""Bootstrap"",""Ajax"",""Rest API""],""job_title"":""Full Stack Developer/ Consultant "",""company_name"":""Rental Income"",""location"":""Cross river"",""start_date"":""2019-05-17"",""end_date"":""2022-03-30"",""description"":"" I created a Customer Relation Manager (CRM)   database structuring and writing scalable object oriented  codebase for the applications   I work with HTML5, CSS3, BootStrap, PHP, LARAVEL, RestAPI,  JavaScript, Ajax, GIT.""},{""primary_technologies"":[""Html/Css/JS"",""PHP/Laravel"",""Ajax""],""job_title"":""Full Stack Developer/ Consultant "",""company_name"":""Fortisia Consult "",""location"":""NaN"",""start_date"":""2020-01-13"",""end_date"":""2022-03-30"",""description"":"" I work with HTML5, CSS3, Bootstrap, PHP, LARAVEL, Livewire,  JavaScript, Ajax.   It was an eye opener for me into web3 applications ""},{""primary_technologies"":[""html/css/JS"",""PHP/Laravel"",""Flutter"",""SQL"",""Ajax"",""Inertia js"",""Vue js"",""Bootstrap""],""job_title"":""Senior Full Stack Developer "",""company_name"":""Akshiptika Infotech "",""location"":""India"",""start_date"":""2021-04-12"",""end_date"":""2022-03-20"",""description"":"" I develop applications for the company.   Monitor the Efficiency of the developer in my team   I work with HTML5, CSS3, Bootstrap, PHP, LARAVEL, JavaScript,  VueJs, GIT, InertiaJS, Ajax, React, Flutter, SQL ""}],""skills"":[{""name"":""Html/Css/Javascript"",""years_of_experience"":6,""note"":""Frontend""},{""name"":""PHP/Laravel"",""years_of_experience"":4,""note"":""Backend""},{""name"":""Ajax"",""years_of_experience"":4},{""name"":""MySQL"",""years_of_experience"":4,""note"":""Database""},{""name"":""Rest API"",""years_of_experience"":3},{""name"":""Git"",""years_of_experience"":4},{""name"":""Liverwire"",""years_of_experience"":3},{""name"":""Vue js"",""years_of_experience"":3,""preferred"":true,""note"":""Frontend""},{""name"":""Inertia js"",""years_of_experience"":2},{""name"":""Flutter"",""years_of_experience"":2,""note"":""Mobile Development""},{""name"":""SQL"",""years_of_experience"":3,""note"":""Database""}],""first_name"":""OLANG"",""last_name"":""DANIEL"",""preferred_name"":""DANIEL"",""pronoun"":""He/Him"",""email"":""olangdan17@gmail.com"",""phone"":""+234 (0) 7013078955"",""professional_summary"":""Daniel is a software engineer that specializes in providing efficient  web solutions with 5+ years worth of industry experience using PHP  and JavaScript. Due to recent technology innovation I can adapt to  any of their frameworks presently I make use of Lara to deliver fast and accessible web application. I love making research and sharing my knowledge, making  contribution although I am new to open source generally"",""city"":""Cross River"",""professional_start_date"":""2017-09-17"",""preferred_job_title"":""Software Engineer""}"
fortune.nwankwo@10hourlabs.com,"{""country_code"":""NG"",""educations"":[{""institution_name"":""University of Lagos Akoka (UNILAG)"",""location"":""Lagos"",""degree"":"" Metallurgical and Materials Engineering"",""program"":""MEng"",""start_date"":""2016-01-19"",""end_date"":""2017-02-14"",""overview"":"" Numerical Analysi""},{""institution_name"":""Federal University of Technology Akure (FUTA)"",""location"":""Akure"",""degree"":"" Metallurgical and Materials Engineering"",""program"":""B.Eng"",""start_date"":""2007-09-18"",""end_date"":""2012-10-08"",""overview"":""Numerical Analysis.""}],""experiences"":[{""company_name"":""MICROVERSE"",""location"":""Remote"",""job_title"":""Mentor (Volunteer) "",""start_date"":""2021-07-18"",""end_date"":""2021-08-17"",""description"":""● Mentored junior web developers, providing technical support through code reviews. ● Proposed improvements to code organization to improve code quality and overall performance. ● Provided advice and tips on how to maintain motivation to maintain longevity in the program.""},{""primary_technologies"":[""PHP""],""company_name"":""PATAKIVENUE LIMITED"",""location"":""NaN"",""job_title"":""PHP Developer "",""start_date"":""2017-12-14"",""end_date"":""2020-01-15"",""description"":""• Build functional interfaces for dynamic web applications with mobile first approach to users and admin. • Implementation of mail notification system for admin on new reservation. • Creation of key microservices critical to the business, including but not limited to: Authentication service, Authorization  service and Reservation service. • Responsible for publishing codes on live shared hosting server. • Continual improvement to system architecture by refactoring old legacy code.""},{""primary_technologies"":[""PHP""],""company_name"":""LONEBAGS"",""location"":""NaN"",""job_title"":""PHP Developer"",""start_date"":""2019-03-14"",""end_date"":""2019-03-09"",""description"":""• Build functional interfaces for dynamic web applications with mobile first approach to users and admin. • Creation of key microservices critical to the business, including but not limited to: Payment service. • Responsible for publishing codes on live shared hosting server. • Continual improvement to system architecture by refactoring old legacy code. • Implementation of payment microservice with Paystack API.""}],""skills"":[{""name"":""PHP"",""years_of_experience"":6},{""name"":""HTML/CSS/Javascript"",""years_of_experience"":3,""note"":""Frontend""},{""name"":""React js"",""years_of_experience"":3,""note"":""Frontend""},{""name"":""Vue js"",""years_of_experience"":2,""note"":""Frontend""},{""name"":""Redux"",""years_of_experience"":2}],""portfolios"":[{""url"":""https://github.com/olawale-o"",""name"":""Github""},{""name"":""Linkedin"",""url"":""https://www.linkedin.com/in/olawaleomoogun/""}],""first_name"":""OLAWALE"",""preferred_name"":""OLAWALE"",""last_name"":""OMOOGUN"",""pronoun"":""He/Him"",""preferred_job_title"":""FULL STACK WEB DEVELOPER"",""email"":""omoogunolawale@email.com"",""phone"":""+234"",""professional_summary"":""Developed a location emergency application that users can report an emergency situation and built an internal  visualization dashboard for the admin to view where the emergencies were reported from."",""city"":""Remote"",""professional_start_date"":""2017-12-14""}"
fortune.nwankwo@10hourlabs.com,"{""country_code"":""NG"",""educations"":[{""institution_name"":""Federal University of Agriculture, Abeoukuta"",""location"":""Abeoukuta"",""degree"":""Computer Science"",""program"":""BSc"",""start_date"":""2011-10-08"",""overview"":""B.Sc. in Computer Science""}],""experiences"":[{""primary_technologies"":[""PHP""],""company_name"":""Syssoft Consultants"",""location"":""Lagos"",""job_title"":""Software Application Programmer"",""start_date"":""2021-01-13"",""end_date"":""2022-03-30"",""description"":""- Application Development in PHP - API development and integration for 3rd party software - Bug fixes and troubleshooting for the IES software - Developed API endpoints for mobile app consumption from the IES application to Smart HR application. - Integrated the REMITA payment gateways for both inbound and outbound payments for NAIC on the IES application""},{""primary_technologies"":[""MySQL""],""company_name"":""Hotels NG"",""location"":""Remote"",""job_title"":""Backend Developer [Intern]"",""start_date"":""2020-05-17"",""end_date"":""2020-07-16"",""description"":""- Database design and table creation in MYSQL - API development for mobile app consumption (Fund My Laptop) with Laravel - Deployment to a dedicated server and server setup using nginx""}],""skills"":[{""name"":""PHP"",""years_of_experience"":2,""note"":""Backend""},{""name"":""MySQL"",""years_of_experience"":-2,""note"":""Database""}],""portfolios"":[{""name"":""Github"",""url"":""https://github.com/dreywandowski""},{""name"":""Linkedin"",""url"":""https://www.linkedin.com/in/aduramimo/""}],""first_name"":""Oludare"",""last_name"":""Aduramimo"",""email"":""Aduramimo@gmail.com"",""phone"":""08188542677"",""city"":""Lagos"",""preferred_name"":""Aduramimo"",""pronoun"":""He/Him"",""preferred_job_title"":""Software Developer"",""professional_summary"":""2 years of full-stack PHP experience building and maintaining front-end and backend systems for SaaS products supporting several thousands of customers. My experience also involves building scalable server side web apps using frameworks like Laravel."",""professional_start_date"":""2020-05-17""}"
fortune.nwankwo@10hourlabs.com,"{""country_code"":""NG"",""educations"":[{""institution_name"":""Lovely Professional University, Punjab"",""location"":""India"",""degree"":""Information Technology"",""program"":""BSc"",""start_date"":""2013-07-12"",""end_date"":""2016-06-17"",""overview"":""Bachelor of Science in Information Technology""}],""experiences"":[{""primary_technologies"":[""PHP"",""Python"",""Html/css/javascript"",""React js""],""job_title"":""Programming Tutor"",""company_name"":""New Horizon ICT Institute"",""location"":""NaN"",""start_date"":""2021-10-14"",""end_date"":""2022-01-14"",""description"":""Train students in Python, PHP, HTML, CSS, JavaScript, React, and Digital  Marketing""},{""job_title"":""IT / Software Engineer"",""company_name"":""Action Pointers Ltd"",""location"":""Remote"",""start_date"":""2018-10-15"",""end_date"":""2021-10-09"",""description"":""Software design and development. ""},{""company_name"":""Liberty Family Multi Services LTD"",""location"":""NaN"",""job_title"":""Backend Programmer "",""start_date"":""2018-01-14"",""end_date"":""2019-08-15"",""description"":""Analyzing and Development of software modules. I was also responsible for  coordinating the daily workflow, and communication between the organization, the  software testers, and the team of programmers.""},{""company_name"":""Medflit Health Resources"",""location"":""NaN"",""job_title"":""Web Programmer and Marketing manager"",""start_date"":""2017-07-12"",""end_date"":""2017-12-14"",""description"":""Development of software modules, and business development. I was responsible  for creation of marketing strategies and execution them by coordinating marketing  staff on the field.""},{""company_name"":""Wales Telecommunication (WTC) Solutions, Nigeria"",""job_title"":""Operations Manager"",""location"":""Ng"",""start_date"":""2010-02-13"",""end_date"":""2012-01-12"",""description"":""n charge of network field works – Hotspot Implementation, Internetworking,  In-house Web and Mobile application developments. Human Resource Training and Outsourcing Agent""}],""skills"":[{""name"":""Html/Css/Javascript"",""years_of_experience"":10,""note"":""Frontend""},{""name"":""React js"",""years_of_experience"":6,""note"":""Frontend""},{""name"":""Python"",""years_of_experience"":5},{""name"":""PHP"",""years_of_experience"":9},{""name"":""SQL/NoSQL"",""years_of_experience"":6,""note"":""Database""},{""name"":""Django"",""years_of_experience"":7,""note"":""Backend""},{""name"":""Kubernetes"",""years_of_experience"":5},{""name"":""Docker"",""years_of_experience"":3}],""portfolios"":[{""url"":""https://github.com/reigningkingforever"",""name"":""Github""}],""first_name"":""IDERA"",""last_name"":""OLUWADAMILOLA"",""preferred_name"":""SAMUEL"",""pronoun"":""He/Him"",""email"":""reigningkingforever@gmail.com"",""phone"":""+234805 330 8425"",""city"":""Lagos"",""preferred_job_title"":""Software Engineer"",""professional_summary"":""I always aspire to become the corner stone of every organization wherein I find myself, by improving the best I  have to offer at every point in time and innovatively solving the challenges I meet with, to make the business processes easier. I learn easily, and I have gained analytical, culturally diversified experiences and problem\u0002solving skills from my previous academic and work environments, which will enable me to make outstanding contributions to any organization I am a part of."",""professional_start_date"":""2010-01-14""}"
fortune.nwankwo@10hourlabs.com,"{""country_code"":""NG"",""educations"":[{""institution_name"":""Lagos State Polytechnic - Ikorodu"",""location"":""Lagos"",""degree"":""Computer Science"",""program"":""Higher National Diploma"",""start_date"":""2017-11-14"",""end_date"":""2019-06-07"",""overview"":""Awarded Most Innovative Student of the year. Elected to General Secretary for State Student Association. Awarded Higher National Diploma in Computer Science Relevant Coursework Completed: Flipped Learning System""},{""institution_name"":""Lagos State Polytechnic - Ikorodu"",""location"":""Lagos"",""overview"":""Awarded National Diploma. Relevant Coursework Completed: Digital Library"",""degree"":""Computer Sciences"",""program"":""National Diploma:"",""start_date"":""2014-10-09"",""end_date"":""2016-07-06""}],""experiences"":[{""job_title"":""Software Engineer"",""company_name"":""Business Codes Technology Limited,"",""location"":""Lagos"",""start_date"":""2021-05-16"",""end_date"":""2022-03-31"",""description"":""Prepared detailed reports on updates to project specifications, progress, identified conflicts and team activities. Wrote highly maintainable, solid code for software system, forming core framework and earning consistent praise from subsequent developers since initial version. Revised, modularized and updated old code bases to modern development standards, reducing operating costs and improving functionality. Communicated with third-party product owners to illustrate deficits and bottlenecks within existing software.""},{""primary_technologies"":[""Html/css/javascript"",""PHP""],""company_name"":""ICS OUTSOURCING LTD"",""location"":""Lagos"",""job_title"":""Software Developer, RPA"",""start_date"":""2019-09-18"",""end_date"":""2021-05-16"",""description"":""Developing, testing, and installing bots to automate mundane processes. Regularly updated knowledge of latest industry trends in web development and related technologies. Oluwasegun JIMOH Software Engineer Address Lagos, Lagos, Nigeria, 110111 Phone 703-699-5613 E-mail oluwasegunjimoh@gmail.com Education Wrote server-side and client-side code for Taxi Hailing and Background Checks projects using PHP, HTML, CSS and JavaScript, specifically with Laravel framework. Documented technical workflows and knowledge in private wiki for education of newly hired employees. Developed and implemented cost-effective strategies for updating existing applications.""},{""job_title"":""Computer Hardware Engineer"",""company_name"":""Lagos State Environmental Protection Agency"",""location"":""Lagos"",""start_date"":""2016-09-18"",""end_date"":""2018-02-13"",""description"":""Worked closely with leadership team to improve wireless and wired network infrastructure to improve uptime to 99%. Worked with team to build better firewall. Carefully help in Installing and configuring computer hardware, programming, software system, monitoring and maintaining computer systems, website and network. Administration, proactive monitoring, installation and maintenance of physical and virtual IT infrastructure, network and external links. Proactive monitoring of entire network and traffic diversion in case of drop lines. Completed troubleshooting for Windows, MacOS and Linux-based desktops and laptops. Collaborated with IT and finance departments to optimize hardware budget by identifying specific weaknesses in current equipment. Built and modified computing systems to client specifications. Managed data retention and disaster recovery efforts on company-wide basis, maintaining all backup media and redundancies.""},{""job_title"":"" Graphic Designer"",""company_name"":""Matsco, Ikorodu"",""location"":""Lagos"",""start_date"":""2015-07-20"",""end_date"":""2015-11-14"",""description"":""Put together videos for social media, advertising and informational purposes. Developed creative design for print materials, brochures, banners and signs. Developed display, marketing and packaging materials to support product branding strategies. Created designs and collaborated with technical team to complete projects.""}],""skills"":[{""name"":""PHP/Laravel"",""years_of_experience"":4,""note"":""Backend""},{""name"":""HTML/CSS/Javascript"",""years_of_experience"":3,""note"":""Frontend""},{""name"":""Python"",""years_of_experience"":2},{""name"":""React js"",""years_of_experience"":2,""note"":""Frontend""},{""name"":""Redux"",""years_of_experience"":2},{""name"":""RPA"",""years_of_experience"":2}],""first_name"":""Oluwasegun"",""last_name"":""JIMOH"",""preferred_name"":""JIMOH"",""email"":""oluwasegunjimoh@gmail.com"",""pronoun"":""He/Him"",""phone"":"" 703-699-5613"",""city"":""Lagos"",""preferred_job_title"":""Software Engineer"",""professional_summary"":""Successful Software Developer offering 5 years of experience in demanding environments focused on producing cutting-edge systems for IT. Skilled in directing development with creative and performance\u0002oriented approach. Well-organized and customer-focused with proven skills in project management and team leadership."",""professional_start_date"":""2015-07-20""}"
fortune.nwankwo@10hourlabs.com,"{""country_code"":""NG"",""educations"":[{""institution_name"":""University Of Ibadan"",""location"":""Ibadan"",""degree"":""Computer Science"",""program"":""BSc"",""start_date"":""2018-06-15"",""end_date"":""2022-09-14"",""overview"":""B.Sc. in Computer Science""}],""experiences"":[{""job_title"":""Software Developer"",""location"":""Ibadan"",""company_name"":""DuraTech Multi-Solutions"",""start_date"":""2020-03-14"",""end_date"":""2021-06-07"",""description"":""Developed logistics for our custom web-based application and the restructuring of code architecture to a modern style Implemented the payment gateway for clients web-based application Built a result management software, which assists schools in automating their result Developed an investment platform that aid customers tracking and financial transactions Developed data visualization for data monitoring and assessment Accomplishments: Increased the process of result generation and analysis of schools result Improved the data entry for large scale uploads Increased the performance and efficiency of student result analysis by 40% Improved data analysis for financial forecast""},{""company_name"":""Technode Solutions Nigeria Limited"",""location"":""Ibadan"",""job_title"":""Software Developer"",""start_date"":""2018-02-12"",""end_date"":""2020-03-09"",""description"":""Collaborated with another developer to build a result management system for the Faculty of Social Science, University of Ibadan. Involve in a rebuild of some of our existing applications to include more recent technologies while improving performance as well as additional features to better our services and meet customersʼ demands. Developed the API backend for our mobile applications, including SMS/email notification, push notification, authentication/authorization features, payment integration(PayStack). Collaborated with other teammates to build an e-commerce site with its mobile application Accomplishments: Analyzed about six(6) sessions of students result for the University Built the backend for our Logistics Mobile Application Recreated a portal application that increased income by more than 50%. Developed the backend for our Merchant Web Application""}],""skills"":[{""name"":""PHP/Laravel"",""years_of_experience"":5,""note"":""Backend""},{""name"":""JavaScript"",""years_of_experience"":3,""note"":""Frontend""}],""portfolios"":[{""name"":""Github"",""url"":""Collaborated with another developer to build a result management system for the Faculty of Social Science, University of Ibadan. Involve in a rebuild of some of our existing applications to include more recent technologies while improving performance as well as additional features to better our services and meet customersʼ demands. Developed the API backend for our mobile applications, including SMS/email notification, push notification, authentication/authorization features, payment integration(PayStack). Collaborated with other teammates to build an e-commerce site with its mobile application Accomplishments: Analyzed about six(6) sessions of students result for the University Built the backend for our Logistics Mobile Application Recreated a portal application that increased income by more than 50%. Developed the backend for our Merchant Web Application""},{""name"":""Linkedin"",""url"":""https://www.linkedin.com/404/""}],""first_name"":""Oluwaseun"",""last_name"":""Alatise"",""preferred_job_title"":""Software Developer"",""city"":""Ibadan"",""email"":""oluwaseunalatise667@gmail.com"",""phone"":""07064625478"",""pronoun"":""He/Him"",""preferred_name"":""Oluwaseun"",""professional_summary"":""Over 4+ years of expertise as a web developer, solving business challenges using advanced tools and standard methods and offering long-term solutions that have helped firms scale through crises and improve income. Experienced in developing web application systems for businesses to help them manage their work schedules and operations, resulting in more efficient work processes. Experienced in using new technology to solve challenges by studying and comprehending the nature and purpose of the organization, resulting in efficient and effective solutions. When it comes to system ideas and design, I'm passionate about producing clean, efficient, manageable, and reusable code."",""professional_start_date"":""2018-02-12""}"
fortune.nwankwo@10hourlabs.com,"{""country_code"":""NG"",""educations"":[{""institution_name"":""Federal University of Technology, Owerri, Nigeria."",""location"":""Owerri"",""degree"":""Engineering"",""program"":""B.Eng"",""start_date"":""2005-10-07"",""end_date"":""2010-08-19"",""overview"":""B.Eng. (Engineering)""}],""experiences"":[{""primary_technologies"":[""Docker"",""Django"",""PostgreSQL"",""RabbitMQ"",""Rest"",""Nginx"",""Clickup""],""job_title"":""Back End Developer"",""company_name"":""Solution Social Network "",""location"":""NaN"",""description"":""• Design, discuss, code, test, and implement new features  for the Web Application. • Develop and Support the Web Application. • Work closely and collaborate with a cross-functional  engineering team and marketing team to develop  features. • Listen to customers, understand their needs, and  represent them in delivering product roadmaps. • Propose methods and process improvement to  increase developer velocity. • Requirements gathering on incoming requests. • Writing database queries and stored procedures with  complex relationships. • Debugging platform as part of troubleshooting. • Code reviews as a part of the software development  lifecycle."",""start_date"":""2021-09-09"",""end_date"":""2022-03-31""},{""company_name"":""ASIA"",""job_title"":""IT Support Officer"",""location"":""NaN"",""start_date"":""2017-05-17"",""end_date"":""2019-11-12"",""description"":""• Data organisation, storage, and provision of secure  backup. • Maintained organisation’s website during this period,  adding several required features, and optimized the  current ones to serve relevant demands. • Performing disaster recovery operations and data  backups when required. • Provision of first line assistance to users when  problems occur with systems.""},{""job_title"":""Back End Developer"",""company_name"":""Tectitan Nig. Ltd."",""location"":""NaN"",""start_date"":""2013-01-22"",""end_date"":""2017-05-14"",""description"":""• Designed, tested, and implemented back-ends for client solutions (ranging from hospitals and medical  laboratories to, manufacturers, service providers and,  small and medium scale businesses) while working  with a team of developers. • Drove new and innovative solutions to meet business  needs. • Designed new features and services to support client  applications whenever the need arises. • Designed and optimized SQL queries for improved  responsiveness. • Redeveloped existing systems to support content  management. ""}],""skills"":[{""name"":""Html/Css/Javascript"",""years_of_experience"":6,""note"":""Frontend""},{""name"":""Vue js"",""years_of_experience"":4,""note"":""Frontend""},{""name"":""JQuery"",""years_of_experience"":5,""note"":""Frontend""},{""name"":""SQL/NoSQL"",""years_of_experience"":3,""note"":""Database""},{""name"":""AWS"",""years_of_experience"":4,""note"":""Cloud""},{""name"":""Docker"",""years_of_experience"":3},{""name"":""Agile"",""years_of_experience"":1}],""portfolios"":[{""name"":""Github"",""url"":""https://github.com/dexterdaniel""},{""url"":""tinyurl.com/yxfjh2b4"",""name"":""Linkedin""},{""name"":""StackOverflow"",""url"":""tinyurl.com/5xo1dhcv""}],""first_name"":""DANIEL"",""last_name"":""OLUWASEYI"",""preferred_name"":""EMMANUEL"",""email"":""dexter_daniel@outlook.com"",""pronoun"":""He/Him"",""phone"":""2348091166700"",""city"":""Kano"",""preferred_job_title"":""Backend Developer"",""professional_summary"":""A Fullstack Developer with 5+ years’ experience, designing, deploying, testing and maintenance of  custom business solutions. Proven ability to leverage both back-end and front-end expertise to build  interactive and user-centered solution designed to scale, while employing modern development tools  towards strengthening the security of such solutions. Having developed expertise in several  technologies (like Python, Javascript, Docker, Django, Flask, Vue.js, MySQL, PostgreSQL, MongoDb,  AWS), I seek more challenging roles to improve my skills."",""professional_start_date"":""2013-01-22""}"
fortune.nwankwo@10hourlabs.com,"{""country_code"":""NG"",""educations"":[{""institution_name"":"" University of Ilorin"",""location"":""Ilorin"",""degree"":""Computer Science"",""program"":""BSc"",""start_date"":""2014-10-09"",""end_date"":""2018-11-14"",""overview"":""B.Sc. in Computer Science""}],""experiences"":[{""company_name"":""Supermart.ng"",""location"":""NaN"",""job_title"":""Backend Engineer"",""start_date"":""2021-06-07"",""end_date"":""2022-03-30"",""description"":""• Worked on a feature to archive old orders in the database • Worked with a team to move the Supermart search  microservice to Laravel Scout Algolia • Created a new microservice to ease the load on the larger  Supermart code.""},{""primary_technologies"":[""PHP""],""company_name"":""Cloudware Technologies"",""location"":""NaN"",""job_title"":""PHP Developer"",""start_date"":""2021-02-12"",""end_date"":""2021-06-15"",""description"":""• Worked with a team to build an order tracking system for a  logistics company. • Built a scholarship application board for the Oyo State  Government that had over 5000 applicants • Worked with a team to build and manage an e-commerce  application for a publishing company.""},{""primary_technologies"":[""PHP""],""company_name"":""pROCREA8 Tech Solutions Limited"",""location"":""NaN"",""job_title"":""PHP Developer"",""start_date"":""2019-09-12"",""end_date"":""2021-01-14"",""description"":""⚫ Developed a matchmaking plugin for the social software  product. ⚫ Collaborated with design team to develop a new theme for  social software product. ⚫ Test and document new code. ⚫ Developed new SaaS products for company’s portfolio.""},{""company_name"":""Nigerian Association of Zoos and Parks"",""location"":""Ibadan"",""job_title"":""IT Personnel"",""description"":"" Built and maintained a subsidiary organization’s website  (https://pcwgn.com.ng). ⚫ Transitioned the organization from analog to digital."",""start_date"":""2018-03-31"",""end_date"":""2019-12-20""}],""skills"":[{""name"":""Html/Css/Javascript"",""years_of_experience"":4,""note"":""Frontend""},{""name"":""PHP/Laravel"",""years_of_experience"":4,""note"":""Backend""},{""name"":""Vue js"",""years_of_experience"":3,""note"":""Frontend""},{""name"":""JQuery"",""years_of_experience"":4,""note"":""Frontend""},{""name"":""MySQL"",""years_of_experience"":3,""note"":""Database""},{""name"":""Docker"",""years_of_experience"":2}],""portfolios"":[],""first_name"":""OMOTOLA"",""last_name"":""AWOKUNLE"",""preferred_name"":""AWOKUNLE"",""pronoun"":""He/Him"",""preferred_job_title"":""BACKEND DEVELOPER"",""professional_summary"":""PHP Developer with 3 years’  experience. I hold a B. Sc.  degree in Computer Science  from the University of Ilorin. I  am looking for the opportunity  to further my work experience  and development skills."",""email"":""omotolaawokunle@gmail.com"",""phone"":""+234 810 107 5316"",""city"":""Ibadan"",""professional_start_date"":""2018-03-31""}"
fortune.nwankwo@10hourlabs.com,"{""country_code"":""NG"",""educations"":[{""institution_name"":""Obafemi Awolowo University, Ile-Ife, Osun, Nigeria."",""location"":""Osun"",""degree"":""Physics"",""program"":""BSc"",""start_date"":""2009-03-12"",""end_date"":""2013-08-12"",""overview"":""Barchelors in Science Physics""}],""experiences"":[{""primary_technologies"":[""html/css/js"",""PHP/Laravel"",""React js""],""company_name"":""Alabian Solutions"",""location"":""Lagos"",""job_title"":""Web Developer/instructor"",""start_date"":""2017-02-12"",""end_date"":""2020-01-12"",""description"":""• Used programming capabilities in PHP, SQL and JavaScript and other libraries as  needed.  • Worked with other developers to rebuild the company’s website. • Built an in-house app to automate marketing. • Along with other developers, we analyze web app requirements, design, develop and  implement software applications for multiple websites.  • Taught students HTML5, CSS, BOOTSTRAP, JavaScript, React, PHP and guided them on their individual projects.""}],""skills"":[{""name"":""Html/Css/Javascript"",""years_of_experience"":5,""note"":""Frontend""},{""name"":""PHP/Laravel"",""years_of_experience"":5,""note"":""Backend""}],""first_name"":""OYEKUNLE"",""last_name"":""OPEYEMI"",""preferred_name"":""OPEYEMI"",""pronoun"":""He/Him"",""phone"":""+234 7033389938"",""email"":""opyzyle1960@gmail.com"",""city"":""Lagos"",""preferred_job_title"":""Software Developer"",""professional_start_date"":""2017-02-12""}"
fortune.nwankwo@10hourlabs.com,"{""country_code"":""NG"",""educations"":[{""institution_name"":""University Of Agriculture"",""location"":""Makurdi"",""degree"":""Computer Science and Mathematics"",""program"":""BSc"",""overview"":""Bachelor of Science in Computer Science and Mathematics"",""start_date"":""2014-10-17"",""end_date"":""2018-06-07""}],""experiences"":[{""company_name"":""Exaro Enterprise Solutions Ltd"",""job_title"":""Software Developer "",""location"":""NaN"",""start_date"":""2019-04-15"",""end_date"":""2021-05-07"",""description"":""• Prepared detailed reports concerning project specifications and activities. • Modified existing software to correct errors, upgrade interfaces and improve performance. • Consulted regularly with customers on project status, proposals and technical issues. • Write maintainable and extensible code in a team environment. • Stored, retrieved and manipulated data for close analysis of system capabilities.""},{""company_name"":""Zevesj Ltd "",""location"":""NaN"",""job_title"":""IT Consultant and software developer"",""start_date"":""2015-05-17"",""end_date"":""2019-04-15"",""description"":""• Programmed in an object-oriented programming language with following clean architecture patterns. • Continually establish clear operational specifications and formulate software requirements • Coordinate installation of software systems and collaborated on the design and implementation of new features. • Advise customers regarding maintenance of diverse software systems. • Training • Working with database administrators to design relational databases""}],""skills"":[{""name"":""Html/Css/Javascript"",""years_of_experience"":7,""note"":""Frontend""},{""name"":""PHP/Laravel"",""years_of_experience"":6,""note"":""Backend""},{""name"":""Vue js"",""years_of_experience"":4,""note"":""Frontend""},{""name"":""Python"",""years_of_experience"":3},{""name"":""SQL/MySQL"",""years_of_experience"":5,""note"":""Database""}],""first_name"":""Paul"",""last_name"":""Wombo"",""preferred_name"":""Terese"",""phone"":""+234 806 974 3921"",""email"":""Paulwombo72@gmail.com"",""city"":""Abuja"",""preferred_job_title"":""Software Developer"",""professional_summary"":""Results-oriented software engineer with 5+ years focused on building secure and maintainable applications. Excellent experience in analysis, design, development, testing and implementation of various internet-based applications and information systems. Expert in a variety of platforms, languages. An excellent team player with a positive attitude."",""professional_start_date"":""2015-05-17"",""pronoun"":""He/Him""}"
fortune.nwankwo@10hourlabs.com,"{""country_code"":""NG"",""educations"":[{""institution_name"":""Ekiti State University"",""location"":""Ekiti"",""degree"":""Hons. Banking And Finance"",""program"":""BSc"",""start_date"":""2012-08-14"",""end_date"":""0217-09-12"",""overview"":""B.Sc. Hons. Banking And Finance.""}],""experiences"":[{""primary_technologies"":[""C#"",""Javascript"",""SQL"",""AzureDevOps"",""NetCore""],""company_name"":""POLARIS BANK"",""location"":""NaN"",""job_title"":""Backend Software Engineer "",""start_date"":""2021-02-12"",""end_date"":""2022-03-31"",""description"":"" Collaboratively talk through application implementation requirements as well as participating in architecture design of core banking projects. ❏ Collaborate with cross-functional development team members to analyze potential system solutions based on evolving corporate client requirements. ❏ Improved an internal process of resources requisition and issuance by building a web portal to replace the old one thereby reducing imbalance resource account by 98% ❏ Improve system performance by making proactive maintenance involving resolving bugs with overall 10% improvements. ❏ Build and manage software solutions such as Window services, Secure Web APIs and Microservices based on business and corporate customers requirements. Some of which are MT940 statement notifier, SANEF Agent account opening integration API, Polaris resources management portal amongst others. ❏ Write Sign-off documentation for clients as well as code documentation for reference purposes. ❏ Work with other teams across the department to identify and build on improvements to our processes and systems resulting in optimized performance""},{""primary_technologies"":[""NetCore"",""MySQL"",""JQuery"",""HTML/CSS/Javascript""],""company_name"":""WRAGBY BUSINESS SOLUTION"",""location"":""NaN"",""job_title"":""Full Stack Engineer"",""start_date"":""2020-05-17"",""end_date"":""2020-02-12"",""description"":""❏ Worked as part of an Agile/Scrum development process. ❏ Developed Restful API's using object-oriented design for third party integration of Microsoft tools for business and professionals such as Office365 and cloud subscription. ❏ Build Microservices using Azure service bus as cloud messaging tool ❏ Discussed project progress with customers, collected feedback on different stages and directly addressed concerns. ❏ Worked with teams in orchestrating efficient large-scale software deployments, including testing features and correcting code.""},{""primary_technologies"":[""html/css/js"",""JQuery"",""ASP"",""AzureDevOps""],""company_name"":""MICROSOFT LEAP"",""location"":""NaN"",""job_title"":""Software Developer Intern"",""start_date"":""2020-01-12"",""end_date"":""2020-05-16"",""description"":""❏ Maximized skills in using modern software development workflows such as Azure DevOps, Azure, .Net Core, C# etc ❏ Worked as part of an Agile/Scrum development process to build restful APIs, MVCs, microservices. ❏ Collaborate as part of a team to build IBroka, an Insurance brokerage web application. Worked on both the backend and frontend to deliver the project. ❏ Prioritized operational testing, user testing, as well as unit testing to assist with rapid development and client adoption as well as the deployment lifecycle from end-to-end. ❏ Build up on soft skills such as communication, presentation, conflict resolution, personal branding, and teamwork""},{""primary_technologies"":[""Bootstrap,"",""Jquery"",""Node js"",""React js"",""Firebase""],""company_name"":""AIIBURTEL LIMITED (NYSC)"",""location"":""NaN"",""job_title"":""Software Developer"",""start_date"":""2018-12-11"",""end_date"":""2019-11-09"",""description"":""❏ Design, develop and deliver modern web-based applications using HTML5, JavaScript and Reactjs with accessibility, responsiveness, and Cross-browser compatibility. ❏ Mastered the capability of building Progressive web Applications that deliver functionalities such as offline experience and mobile-like behavior. ❏ Provided user stories, flows, wireframes, mock-ups, and prototypes. ❏ Authored code fixes and enhancements for inclusion in future code releases and patches. ❏ Built a CDS project(Progressive Web App), using Javascript, Reactjs and firebase for NYSC Akwa Ibom to digitalize the process of assigning CDS groups to corp members.""},{""primary_technologies"":[""Java"",""XML"",""MySQL"",""Firebase""],""company_name"":""TECH ADVANCE NG"",""location"":""NaN"",""job_title"":""Software Engineer Intern"",""start_date"":""2018-08-07"",""end_date"":""2018-11-12"",""description"":""❏ Collaborate as team member to build android application for the company major projects ❏ Suggest User Interface design using XML and material design""}],""skills"":[{""name"":""Java"",""years_of_experience"":5,""note"":""Mobile Development""},{""name"":""MySQL"",""years_of_experience"":4,""note"":""Database""},{""name"":""XML"",""years_of_experience"":4},{""name"":""Firebase"",""years_of_experience"":4,""note"":""Database""},{""name"":""html/css/js"",""years_of_experience"":3},{""name"":""Azure Devops"",""years_of_experience"":3},{""name"":""NetCore"",""years_of_experience"":2}],""portfolios"":[{""name"":""Personal"",""url"":""https://pelumiadebayo.com/#slide04""}],""first_name"":""PELUMI"",""last_name"":""ADEBAYO"",""phone"":""+234 814 545 5840"",""email"":""adepelumi1996@gmail.com"",""preferred_name"":""PELUMI"",""pronoun"":""He/Him"",""city"":""NaN"",""preferred_job_title"":""Software Developer"",""professional_summary"":""Progressive software developer with experience spanning the development and maintenance of software products. She has years of experience building core web applications with C# and JavaScript programming language. She possesses strong communication skills, a solid work ethic and a history of building maintainable codebase while meeting business goals."",""professional_start_date"":""2018-09-07""}"
fortune.nwankwo@10hourlabs.com,"{""country_code"":""NG"",""educations"":[{""degree"":""Computer Engineering"",""institution_name"":""University of Maiduguri"",""location"":""Maiduguri"",""program"":""BSc"",""start_date"":""2016-07-12"",""end_date"":""2021-07-18""},{""institution_name"":""African Institute of Science"",""location"":""Togo"",""degree"":"" Computer Engineering"",""program"":""BSc"",""start_date"":""2021-08-13"",""end_date"":""2025-09-18""}],""experiences"":[{""job_title"":""Software Engineer Consultan"",""company_name"":""Development Hub"",""location"":""Borno"",""start_date"":""2021-01-14"",""end_date"":""2022-03-30"",""description"":""Served as primary liaison between software customers and development team, relating feedback and concerns for future patch cycles. Consulted with clients to align future software development with customer priorities. Reviewed project specifications and designed technology solutions that met or exceeded performance expectations. Orchestrated efficient large-scale software deployments.""},{""company_name"":""Ngulde Global Foundation"",""location"":""Maiduguri"",""job_title"":""Developer Support Engineer"",""start_date"":""2019-01-12"",""end_date"":""2022-03-31"",""description"":""trengthened developmental methodologies by introducing human\u0002readable code quality document. Corrected, modified and upgraded website to improve performance. Documented software development methodologies in technical manuals to be used by IT personnel in future projects.""},{""company_name"":""Al-Huda School"",""job_title"":""Senior Developer"",""location"":""Taraba"",""start_date"":""2018-02-23"",""end_date"":""2022-03-31"",""description"":""Orchestrated efficient large-scale software deployments. Evaluated and improved development work of other developers on team, working to provide training, constructive criticism and knowledge transfer. Collaborated with other developers to identify and alleviate software errors and inefficiencies. Led development team that created web and mobile user interfaces for Al-Huda School Portal.""},{""job_title"":""Web Development Consultant"",""location"":""Taraba"",""company_name"":""Royal Academy"",""start_date"":""2021-01-13"",""end_date"":""2020-06-07"",""description"":""Responsible for designing and building the interface, navigation and aesthetic of websites and portal of the school. https://royalacademy.ng""},{""job_title"":""CEO"",""company_name"":""Bitako Pay"",""description"":""ncreased company revenue N1,000,000 through aggressive new market strategies. Coached and guided senior managers to improve effectiveness and policy enforcement, resulting in improved employee job satisfaction and higher performance levels. Identified and capitalized on short- and long-term revenue generation opportunities to maximize bottom-line profitability. Developed and implemented strategic updates to B2B & B2C operations to solve issues affecting efficiency, profitability and production."",""location"":""Taraba"",""start_date"":""2018-08-12"",""end_date"":""2022-03-31""},{""job_title"":""Short-Term Consultant"",""location"":""Borno"",""company_name"":""Creative Associates International"",""start_date"":""2018-11-22"",""end_date"":""2019-03-14"",""description"":""Managed costs and quality of TEDxShehusi. Enhanced production of TEDxShehuri Website to exceed goals. Developed innovative supply chain strategies and planning models, reducing lead times 75%.""}],""skills"":[{""name"":""Html/Css/Javascript"",""years_of_experience"":4,""note"":""Frontend""},{""name"":""GCloud"",""years_of_experience"":2,""note"":""Cloud""},{""name"":""Docker"",""years_of_experience"":2},{""name"":""PHP"",""years_of_experience"":5,""preferred"":true,""note"":""Backend""},{""name"":""SQL"",""years_of_experience"":2,""note"":""Database""},{""name"":""Node js"",""years_of_experience"":2,""note"":""Backend""},{""name"":""Mongo DB"",""years_of_experience"":3,""note"":""NoSQL database""},{""name"":""MySQL"",""years_of_experience"":4,""note"":""Relational Databases""},{""name"":""JQuery"",""years_of_experience"":4,""note"":""Frontend""}],""portfolios"":[{""name"":""Personal"",""url"":""https://zety.com/profile/omacy/112""},{""name"":""Linkedin"",""url"":""@shamsuddeen-umar""}],""first_name"":""Shamsuddeen"",""last_name"":""Omacy"",""preferred_job_title"":""Fullstack Web Developer"",""professional_summary"":""Forward-thinking Software Engineer with background working productively in dynamic environments. Fluent in PHP, Node JS and Python programming languages used to develop software within EdTech, FinTech, and eCommerce. Proud team player focused on achieving project objectives with speed and accuracy. Detail\u0002oriented, organized and meticulous employee. Works at fast pace to meet tight deadlines. Enthusiastic team player ready to contribute to company success. Passionate in building complex applications with simple design. Always ready to work and collaborate with team who drive passion from what they do to learn and share ideas together. Comfortable working with these Technologies: - Core PHP, Laravel Framework, Node JS, Express JS - React JS, Vue JS, jQuery - MySQL, MongoDB and Firebase - DigitalOcean, GCloud, AWS, Linux Server, Docker - WordPress - Search Engine Optimization"",""phone"":""07033870337"",""email"":""omacys2@gmail.com"",""preferred_name"":""Omacy"",""pronoun"":""He/Him"",""city"":""Maiduguri"",""professional_start_date"":""2018-11-22""}"
fortune.nwankwo@10hourlabs.com,"{""country_code"":""NG"",""educations"":[{""program"":""HND"",""degree"":""Computer Science"",""institution_name"":""Imo State Polytechnic, Umuagwo"",""location"":""Imo"",""start_date"":""2011-08-19"",""end_date"":""2013-08-17""}],""experiences"":[{""company_name"":""M-rinternational (Nig)"",""location"":""Ng"",""job_title"":""Full Stack Software Developer"",""start_date"":""2018-11-22"",""end_date"":""2022-03-31"",""description"":""Developed user facing components Developed RestAPI for client applications Lead a team of 4 engineers to build the company's Learning management System(LMS) with Virtual class room. Developed a payroll management module for the company's ERP. Saves the company cost in zoom API integration into the LMS by building a real time video conferencing app mostly in my free time and integrate it successfully into the LMS.""}],""skills"":[{""name"":""Html/Css/Javascript"",""years_of_experience"":5,""note"":""Frontend""},{""name"":""Java"",""years_of_experience"":4},{""name"":""Python"",""years_of_experience"":4},{""name"":""Flutter"",""years_of_experience"":3,""note"":""mobile development""},{""name"":""Node js"",""years_of_experience"":4,""note"":""Backend""},{""name"":""React js"",""years_of_experience"":3,""note"":""Frontend""},{""name"":""Typescript"",""years_of_experience"":2,""note"":""Frontend""}],""portfolios"":[{""name"":""Github"",""url"":""https://github.com/kingstanley""},{""name"":""Linkedin"",""url"":""https://www.linkedin.com/in/joel-stanley-2b1135a4/""}],""first_name"":""Stanley"",""last_name"":""Nwaegwu"",""preferred_name"":""Stanley"",""pronoun"":""He/Him"",""email"":""kingstanley.ks16@outlook.com"",""phone"":""+234(0)8060046921"",""city"":""Rivers"",""professional_summary"":""Over 6 years of experience as a problem solving enthusiast 4 years of which are coupled with industry experience in software development. I have application architecture design, development, and testing experience personally as well as professionally with Node.js, C#,JavaScript, Dart and Flutter. I enjoy learning new ways to solve hard problems by utilizing my programmer toolbox and adding new tools each year."",""preferred_job_title"":""Full Stack Developer"",""professional_start_date"":""2018-11-22""}"
fortune.nwankwo@10hourlabs.com,"{""country_code"":""NG"",""educations"":[{""degree"":""Computer Engineering"",""program"":""Bachelor of Science"",""overview"":""Bachelor of Science, Computer Engineering "",""institution_name"":""Olabisi Onabanjo University"",""location"":""Ogun State"",""start_date"":""2010-10-09"",""end_date"":""2014-08-17""}],""experiences"":[{""company_name"":""Western Silicun "",""location"":""Ibadan"",""job_title"":""Software Developer"",""start_date"":""2017-02-13"",""end_date"":""2022-04-01"",""description"":""● Designed the company website ● Design, Develop and Implement various company’s project""},{""job_title"":""ICT Officer/Web Developer"",""company_name"":""SwishIdeas.com "",""location"":""Lagos"",""start_date"":""2016-12-14"",""end_date"":""2017-02-13"",""description"":""● Redesign and manage the official website ● Major upload of products ● Fix major ICT issues""},{""job_title"":""Computer Instructor "",""company_name"":""National Youth Service Corps"",""location"":""Anambra"",""start_date"":""2015-10-08"",""end_date"":""2016-10-09"",""description"":""National Youth Service Corps""},{""company_name"":""HostNowNow"",""job_title"":""Web Developer"",""location"":""Lagos"",""start_date"":""2015-06-07"",""end_date"":""2015-10-08"",""description"":""● Being first point of call for new and current clients ● Outlining and presenting specifications for all web based requirements ● Hands on development of all projects from genesis to delivery ● Mentor and guide intern developers with projects assigned to them ● Write codes that are cross browser compliance ● Maintaining performance of existing client websites ● Suggesting improvements on design and functionality ● Diagnosing and rectifying performance issues""},{""company_name"":""ennovateNigeria Ltd (Merged with Whogohost Ltd) "",""location"":""Lagos"",""job_title"":""Web Developer"",""start_date"":""2014-01-14"",""end_date"":""2014-04-15"",""description"":""● Maintaining performance of existing client websites ● Diagnosing and rectifying performance issues.● Create WordPress themes ● Design and Implementation of the front-end and back-end functionality of websites""},{""primary_technologies"":[""HTML/CSS""],""company_name"":""ennovateNigeria Ltd (Merged with Whogohost Ltd) "",""location"":""Lagos"",""job_title"":""Web Developer (Intern)"",""start_date"":""2013-06-17"",""end_date"":""2013-12-14"",""description"":""● Collaborated with the lead senior developer to maintain the performance of projects. ● Convert mock-up graphic design into HTML/CSS codes. ● Convert HTML/CSS code into PHP codes for WordPress theme development ● Developing and maintaining the front end functionality of websites.""},{""primary_technologies"":[""Microsoft office""],""job_title"":""Computer Instructor"",""company_name"":""Access Computer College "",""location"":""Ondo"",""start_date"":""2009-06-12"",""end_date"":""2009-12-13"",""description"":""● Instruct the students on Microsoft Office packages ● Instruct them on how to use the graphic packages ● Monitor the progress of the students and grade them""}],""skills"":[{""name"":""Html/Css/Javascript"",""years_of_experience"":9,""note"":""Frontend""},{""name"":""Java"",""years_of_experience"":7,""note"":""Mobile Development""},{""name"":""PHP"",""years_of_experience"":6,""note"":""Backend""},{""name"":""Kotlin"",""years_of_experience"":4,""note"":""mobile development""},{""name"":""MySQL"",""years_of_experience"":6,""note"":""Relational Databases""},{""name"":""Python"",""years_of_experience"":5},{""name"":""Vue js"",""years_of_experience"":5,""note"":""Frontend""}],""portfolios"":[],""first_name"":""Abiye "",""last_name"":""Surulere"",""preferred_name"":""Chris"",""pronoun"":""He/Him"",""email"":""suruabiye@gmail.com"",""phone"":""234(0)8030566178"",""city"":""Ibadan"",""professional_summary"":""An ambitious problem solver with a passion for IT. Takes responsibility for personal development, and continually evaluating and upgrading skills in order to stay relevant in this ever changing tech eco-system"",""preferred_job_title"":""Software Developer"",""professional_start_date"":""2009-06-12""}"
fortune.nwankwo@10hourlabs.com,"{""country_code"":""NG"",""educations"":[],""experiences"":[{""primary_technologies"":[""Docker"",""Azure""],""company_name"":""STERLING BANK PLC "",""location"":""NaN"",""job_title"":""Backend Developer"",""description"":""• Developing and integrating backend system for customers usability.  ● Continuous Implementation of microservices to reduce server error and ease  troubleshooting.  ● Implementing Microsoft Azure with Docker Images.  ● Continuous integration and Deployment."",""start_date"":""2021-02-12"",""end_date"":""2022-04-01""},{""primary_technologies"":[""Docker"",""Azure""],""company_name"":""The Mullings Group"",""location"":""USA"",""job_title"":""BACKEND SOFTWARE ENGINEER"",""start_date"":""2020-06-15"",""end_date"":""2021-01-12"",""description"":""● Rebuilt, Developed and integrated backend system for customers usability.  ● Implemented microservices to reduce server error and ease troubleshooting. ● Implemented Microsoft Azure with Docker Images.""},{""company_name"":""Oyo State Governor's Office (Management Information"",""location"":""Oyo"",""job_title"":""Software Engineer"",""start_date"":""2019-10-09"",""end_date"":""2020-05-16"",""description"":""● Introduced methodologies and best practices to software development division to  enhance product definition and application customization.  ● Gathered and defined customer requirements to develop clear specifications for  creating well-organized project plans. ● Delivered and maintained scalable system architecture to support high- availability  Internet site with various internal applications""},{""job_title"":""BACKEND DEVELOPER "",""company_name"":""D Global"",""location"":""NaN"",""description"":""● Designed and executed security measures such as Firewalls and encryption.  ● Collected, defined and translated user requirements into project designs and  implementation plans.  ● Reviewed code to validate structures, assess security and verify browser, device  and operating system compatibility.  ● Planned and engineered RESTful web services to manipulate dynamic datasets. ● Developed landing pages, dashboards and online applications using Software,  Software and scripting.  ● Delivered user support to clients to train, educate and answer questions. Trained  and supervised Number team members for ongoing projects."",""start_date"":""2019-03-15"",""end_date"":""2019-09-18""}],""skills"":[{""name"":""Node js"",""years_of_experience"":4,""note"":""Backend""},{""name"":""Golang"",""years_of_experience"":3},{""name"":""Javascript"",""years_of_experience"":4},{""name"":""TypeScript"",""years_of_experience"":3,""note"":""Web Design""},{""name"":""Rust"",""years_of_experience"":2,""note"":""Blockchain""},{""name"":""Solidity"",""years_of_experience"":3,""note"":""Blockchain""},{""name"":""Azure"",""years_of_experience"":3},{""name"":""Postman"",""years_of_experience"":3}],""portfolios"":[{""name"":""Linkedin"",""url"":""https://bit.ly/3kh5Nyn""}],""first_name"":""Timileyin"",""last_name"":""David"",""preferred_name"":""David"",""pronoun"":""He/Him"",""email"":""daso.timileyin@gmail.com"",""phone"":""+234 811 570 8981"",""city"":""Lagos"",""preferred_job_title"":""Backend Software Engineer"",""professional_summary"":""Backend Developer with four years of programming experience in analysis and  development of various backend systems. Self-motivated, excellent team player and fast  learner looking for Backend development Position. I am confident I will be a great asset to  your organization. Experienced with programming languages like JavaScript, Golang,  Typescripts and Solidity."",""professional_start_date"":""2019-03-15""}"
fortune.nwankwo@10hourlabs.com,"{""country_code"":""NG"",""educations"":[{""institution_name"":"" Madonna University."",""location"":""Enugu"",""degree"":""Computer Science"",""program"":""BSc"",""end_date"":""2019-07-12"",""overview"":""B.Sc. in Computer Science"",""start_date"":""2015-07-12""}],""experiences"":[{""job_title"":""Tech Lead / Lead Developer"",""company_name"":""Skilli E-Learning Solutions LTD"",""location"":""NaN"",""start_date"":""2013-01-12"",""end_date"":""2022-04-01"",""description"":""• Led a small team of developers and identified user and system requirements for an E-Learning plugin for  WordPress, while supervising testing and quality assurance analysis.  • Coached three entry level staff members, guiding through their first projects until they gained the  necessary skills for the job • Supervise and spearheaded application testing, debugging and update/feature releases. • Held review meetings to discuss on new and existing features • Plan, implement and release plugin updates""},{""company_name"":""SAEDConnect LTD"",""job_title"":""Back-End Web Developer"",""location"":""NaN"",""description"":""• Spearheaded a small team of developers and developed information systems and carried out commercial  insight analysis. • Optimized and maintained backend and cloud infrastructure for the company’s web platform. • Developed and optimized an e-learning platform that was used to train about 300 youths in acquiring a  digital skill. • Developed and implemented a web platform used to run and organize an agri-business virtual pitch  competition and bootcamp"",""start_date"":""2020-02-13"",""end_date"":""2020-12-13""},{""primary_technologies"":[""PHP/Laravel""],""job_title"":""PHP/Laravel Developer"",""location"":""NaN"",""company_name"":""Bloodzone Technologies LTD"",""start_date"":""2018-11-12"",""end_date"":""2020-01-21"",""description"":""• Led a team of 3, including me, in designing and implementing a blood bank management system using  PHP & Laravel framework. • Carried out code reviews, knowledge sharing and introduced the adoption of coding standards • Debugged & resolved issues in production and reverting releases when required.""},{""job_title"":""Intern"",""company_name"":""NCC"",""location"":""NaN"",""start_date"":""2018-04-12"",""end_date"":""2020-10-18"",""description"":""• Worked in the cybersecurity and new media department • Worked closely with senior forensic engineers to manage & maintain forensic equipment’s and lab.""}],""skills"":[{""name"":""PHP/Laravel"",""years_of_experience"":5,""preferred"":true,""note"":""Backend""},{""name"":""React js"",""years_of_experience"":4,""note"":""Frontend""},{""name"":""SQL/MySQL"",""years_of_experience"":4,""note"":""Database""},{""name"":""html/css"",""years_of_experience"":5,""note"":""Frontend""},{""name"":""Docker"",""years_of_experience"":2},{""name"":""Figma"",""years_of_experience"":4,""note"":""UI/UX""}],""portfolios"":[{""url"":""https://github.com/echovick"",""name"":""Github""}],""first_name"":""VICTOR"",""last_name"":""EZE"",""preferred_name"":""VICTOR"",""email"":""uchechukwueze.vic@gmail.com"",""pronoun"":""He/Him"",""phone"":""2348131117279"",""preferred_job_title"":""Backend Engineer"",""professional_summary"":""A back-end PHP Web developer with experience in building web applications & websites using PHP/Laravel &  WordPress, A fast and curious learner, with good communication and team working skill."",""professional_start_date"":""2018-04-12"",""city"":""NaN""}"
fortune.nwankwo@10hourlabs.com,"{""country_code"":""NG"",""educations"":[{""degree"":""COMPUTER ENGINEERING "",""program"":""BSc"",""institution_name"":""University of Benin"",""location"":""Benin"",""start_date"":""0210-08-14"",""end_date"":""2016-12-15"",""overview"":""B.Sc. in Computer Science""}],""experiences"":[{""job_title"":""ICT MANAGER"",""company_name"":""IDURIASE EDUCATION CENTRE"",""location"":""NaN"",""start_date"":""2020-12-22"",""end_date"":""2022-01-04"",""description"":""• Developed the organization’s website. https://iduriaseeducation.com • Managing the organization’s SEO as well as keyword research for better Search Engine  ranking. • Manage the website by updating events, gallery and attending to online forms as well as  emails on the official mail • Managing the ICT infrastructure • Developed and is currently implementing the school’s Result/e-learning portal. • Developed and implemented Advance Attendance Software for the organization on a  deadline. • Designed and printed the school’s Automated Attendance Clocking ID Cards used for the  attendance software.""},{""job_title"":""WEB APPLICATION DEVELOPER"",""company_name"":""COIN4CASH PAYMENTS"",""location"":""NaN"",""description"":""• Developed the company’s web app at https://coin4cashpayments.com • Ensure the application meets industry standards in security for bitcoin transactions. • Create role-based users to meet the various administrative task of the organization. • Ensure the system generates reports for administrative decisions"",""start_date"":""2019-05-22"",""end_date"":""2020-03-22""},{""company_name"":""Church of God Mission Intl. Benin Zone 4 H/Q"",""job_title"":""LIVE BROADCAST AND OPERATIONS"",""location"":""Benin"",""description"":""• As the Livestream Engineer/Technician, I lead a team of technicians and camera-men to  achieve weekly results • Being a team-oriented person, I first get the goal of the organization and communicate them  to my team so we can all be on the same page. • Using vMix, I stream the organization’slive service to Facebook and YouTube simultaneously,  this helps to ensure more persons are following the services live • Due to the absence of advanced computer CPU In the organization, I have put to use my  extensive knowledge of NewTek Network Device Interface (NDI) to incorporate more  computers into the network to relieve the main system of CPU load and graphic processing. • Ensure that videos are both live-streamed and recorded for post-production and local  distribution purpose • I create audio files in mp3 formats as well as wav format for Audio CD production using  \""Audacity\"" for editing and \""Nero Smart\"" for effective CD burning • Video editing using Adobe Premiere Pro and Adobe After Effects • Creating custom made animated \""LOWER THIRDS\"" • Working with the publications unit to produce the organization's weekly bulleting • Configure all cameras to have the same colour presentation for display consistency • Create graphic assets like logo and custom-made background. • Working with green screens for creating virtual news studios"",""start_date"":""2017-05-11"",""end_date"":""2022-04-01""},{""job_title"":""MEDIA DIRECTOR"",""company_name"":""HILL CITY MASS CHOIR"",""location"":""NaN"",""start_date"":""2016-02-22"",""end_date"":""2021-04-12"",""description"":""• Developed the organization’s website URL: https://hillcitymasschoir.org • Update events on the website • Create ads and manage all the organisation's social media handles, including moderation. • Research and implement keywords and synonyms for the organization to reach more  audiences on search engines.""},{""job_title"":""NATIONAL YOUTH SERVICE CORPS (NYSC) "",""company_name"":""NATIONAL YOUTH SERVICE CORPS (NYSC) "",""location"":""Zango LGA, Katsina State."",""start_date"":""2018-02-13"",""end_date"":""2017-08-21"",""description"":""nysc""},{""job_title"":""WEBSITE DESIGN & DEVELOPMENT INSTRUCTOR"",""company_name"":""Multi-Choice Institute of Information Technology. "",""location"":""NaN"",""start_date"":""2014-11-12"",""end_date"":""2016-12-14"",""description"":""Web design""},{""job_title"":""COMPUTER NETWORKING – INTERN "",""company_name"":""Complete Computers and Technology. "",""location"":""NaN"",""start_date"":""2014-02-12"",""end_date"":""2014-12-09"",""description"":""internship""}],""skills"":[{""name"":""Html/Css/Javascript"",""years_of_experience"":7,""note"":""Frontend""},{""name"":""PHP/Laravel"",""years_of_experience"":6,""note"":""Backend""},{""name"":""MySQL"",""years_of_experience"":6,""note"":""Database""},{""name"":""MySQL"",""years_of_experience"":6,""note"":""Database""}],""first_name"":""UWAECHIE"",""last_name"":""ONOCHIE"",""phone"":""234 813 644 3835 "",""email"":""uwaechie.onochie@gmail.com"",""professional_summary"":""Professional Web developer, Live Stream and tech-savvy Technician with over 5+ years of  experience in programming. Excellent problem-solving skills, addressing every technical challenge  with a logical approach and ability to perform well in a team. I am seeking to help 10hourlabs  provide opportunities and achieve the company’s goals."",""preferred_job_title"":""Web Developer"",""city"":""Edo"",""preferred_name"":""ONOCHIE"",""pronoun"":""He/Him"",""professional_start_date"":""2014-02-12""}"
fortune.nwankwo@10hourlabs.com,"{""country_code"":""NG"",""educations"":[{""institution_name"":""Bowen University"",""location"":""Ibadan"",""degree"":""Microbiology"",""program"":""BSc"",""start_date"":""2014-08-12"",""end_date"":""2018-08-07""},{""institution_name"":""New Horizons Computer Learning Centre"",""location"":""NaN"",""degree"":""Internet and Computing Core Certification (IC3) "",""program"":""Internet and Computing Core Certification (IC3) "",""start_date"":""2014-02-13"",""end_date"":""2014-12-14""},{""institution_name"":""Olabod Project Consult"",""location"":""NaN"",""degree"":""Certified Associate in Project Management (CAPM) "",""program"":""Project  Management "",""start_date"":""2018-01-12"",""end_date"":""2018-11-13""}],""experiences"":[{""primary_technologies"":[],""company_name"":""Edves"",""job_title"":""Software Developer"",""location"":""Lagos"",""start_date"":""2021-02-13"",""end_date"":""2022-04-01"",""description"":""Eased up the process of result template customization by building a module that allows users to select a template of choice. This reduced overhead cost and time to deliver result templates. Implemented aand integrated payment solutions that helped for easy fee payments. Created an onboarding portal for prospective clients of the organization.""},{""company_name"":""TrustVAS Limited"",""job_title"":""Software Test Engineer and Research Assistant"",""location"":""Lagos"",""start_date"":""2019-04-12"",""end_date"":""2020-02-14"",""description"":""• Designing and planning test scenarios, test cases, test scripts, as well as analyzing test results for a software quality assurance tests""}],""skills"":[{""name"":""PHP/Laravel"",""years_of_experience"":4,""note"":""Backend""},{""name"":""MySQL"",""years_of_experience"":4,""note"":""Relational Database""},{""name"":""Node js"",""years_of_experience"":3,""note"":""Backend""},{""name"":""TypeScript"",""years_of_experience"":3,""note"":""Web Design""},{""name"":""AWS"",""years_of_experience"":3,""note"":""Cloud""},{""name"":""MongoDB"",""years_of_experience"":3,""note"":""Database""},{""name"":""Jenkins"",""years_of_experience"":2},{""name"":""JQuery"",""years_of_experience"":3,""note"":""Frontend""},{""name"":""Express.js"",""years_of_experience"":3},{""name"":""Docker"",""years_of_experience"":2,""note"":""DevOps""},{""name"":""Golang"",""years_of_experience"":2},{""name"":""CSS3"",""years_of_experience"":4,""note"":""Frontend""},{""name"":""REST API"",""years_of_experience"":3},{""name"":""Oracle DB"",""years_of_experience"":2,""note"":""Database""},{""name"":""Git"",""years_of_experience"":4}],""portfolios"":[],""first_name"":""Victor"",""preferred_name"":""Victor"",""last_name"":""Ikuomola"",""pronoun"":""He/Him"",""email"":""victorikuomola.k@gmail.com"",""phone"":""2348144962102"",""city"":""Lagos"",""preferred_job_title"":""Full Stack Developer"",""professional_summary"":""I am a full-stack web developer with a demonstrated history in solving problems efficiently, adapting to situations and challenges, giving great attention to details and with a proven potential to grow myself and others, using acquired skills over the time. I am passionate about code quality, delivering an engaging user experience through efficient website development, proactive feature optimization, and relentless debugging. I enjoy working with Javascript, PHP and Laravel. Daily, I work to improve my knowledge in the React.js framework."",""professional_start_date"":""2019-04-12""}"
fortune.nwankwo@10hourlabs.com,"{""country_code"":""NG"",""educations"":[{""institution_name"":"" Aptech Institute"",""location"":""Lagos"",""degree"":""Associate Degree"",""program"":""Computer Programming"",""start_date"":""2016-01-12"",""end_date"":""2016-12-13""}],""experiences"":[{""company_name"":""WeTech"",""location"":""Lagos"",""job_title"":""Technical program manager"",""start_date"":""2018-08-01"",""end_date"":""2020-03-31"",""description"":"" Collaborated effectively with team to accomplish objectives and meet long-term goals.  Collated and analyzed data insights to improve organizational technical programs and identify opportunities for wider reach.  Demonstrated leadership and communication skills through strategic co-planning and execution of events. Initiated and established relationships with key industry professionals to support the vision, strategies and goals of the organization.""},{""primary_technologies"":[""CMS""],""company_name"":""African Commentary "",""location"":""Orlando, Florida"",""job_title"":""Backend Developer"",""start_date"":""2018-08-12"",""end_date"":""2019-07-16"",""description"":"" Developed website using CMS  Verified functioning of pages and applications by testing features after uploads  Managed back-end requirements such as renewing domain name registrations, performing site software updates""},{""primary_technologies"":[""Node js""],""company_name"":""Osio labs"",""location"":""Rhode island , USA"",""job_title"":""NodeJS Technical Writer"",""start_date"":""2019-09-11"",""end_date"":""2019-10-12"",""description"":"" Formulated outline for chosen topic  Generated and tested code samples for functionality and correctness  Collaborated efficiently with stakeholders to deliver and integrate written content on specific timeline""}],""skills"":[{""name"":""Node js"",""years_of_experience"":4,""preferred"":true,""note"":""Backend""},{""name"":""CMS"",""years_of_experience"":3}],""portfolios"":[{""name"":""Linkedin"",""url"":""linkedin.com/in/vanessa-i-osuka""}],""email"":""busomaje@gmail.com"",""first_name"":""VANESSA"",""preferred_name"":""VANESSA"",""last_name"":""OSUKA"",""pronoun"":""She/Her"",""phone"":""+234"",""city"":""Lagos"",""preferred_job_title"":""Backend Engineer"",""professional_start_date"":""2019-09-11""}"
onwunma.anuli@10hourlabs.com,"{""country_code"":""NG"",""educations"":[{""institution_name"":""University of Nigeria, Nsukka"",""location"":""Enugu"",""degree"":""B.Eng"",""program"":""Electronic Engineering"",""end_date"":""2016-11-02"",""start_date"":""2011-08-12""}],""experiences"":[{""primary_technologies"":[""HTML"",""Javascript""],""company_name"":""Binary Hills"",""location"":""Enugu"",""job_title"":""Senior Web Developer"",""start_date"":""2020-02-01"",""end_date"":""2022-04-30"",""description"":""Built and maintaining updates on the Xend Finance Learn blog on WordPress. • Built and maintaining the Ogwugo admin dashboard for managing and fulfilling online and offline orders on React JS. • Built and maintaining the Geena online web store template using HTML and JS.""},{""primary_technologies"":[],""company_name"":""Ugarsoft Limited"",""job_title"":""Web Developer"",""description"":""Cooperate with designers to create clean interfaces and simple, intuitive interactions and experiences. • Develop project concepts and maintain optimal workflow. • Improved load time of websites and web applications. • Matched content to customer specifications through skilled design, writing, and editing. • Trained team members and mentored on important procedures. • Worked effectively with a diverse team to accomplish daily objectives and meet long-term goals."",""location"":""Enugu"",""end_date"":""2017-02-28"",""start_date"":""2020-01-01""}],""skills"":[{""name"":""Javascript"",""years_of_experience"":2},{""name"":""Python - Basic"",""years_of_experience"":1},{""name"":""Web design and development"",""years_of_experience"":4},{""name"":""Wireframing"",""years_of_experience"":2}],""first_name"":""AMALACHUKWU"",""last_name"":""ABAFOR "",""preferred_name"":""AMALACHUKWU"",""pronoun"":""She/her"",""email"":""amyabafor013@gmail.com"",""phone"":""08162027522"",""city"":""Enugu"",""professional_summary"":""Senior Web Developer specializing in front end development. Experienced with all stages of the development cycle for dynamic web projects. Well-versed in numerous programming languages including HTML5, JavaScript, CSS, SASS, Node JS and React JS. Strong background in project management and customer relations with proficiency in UI design using tools like Figma and Adobe XD."",""preferred_job_title"":"" Web Developer"",""professional_start_date"":""2017-02-01""}"
onwunma.anuli@10hourlabs.com,"{""country_code"":""NG"",""educations"":[{""institution_name"":""Lagos State University"",""location"":""Lagos"",""degree"":""B.Eng"",""program"":""Electronic and Computer Engineering"",""start_date"":""2015-11-01"",""end_date"":""2020-12-31""}],""experiences"":[{""job_title"":""Frontend Developer"",""company_name"":""Tropixel BS Limited"",""location"":""Lagos"",""start_date"":""2021-03-01"",""end_date"":""2020-07-31"",""description"":""Worked on the dashboard of the product flycash frontend development and API integration (https://app.flycash.ng)""},{""job_title"":""Frontend Developer"",""company_name"":""Ligosmart"",""description"":""Worked on the company dashboard and website"",""location"":""Lagos"",""start_date"":""2020-07-01"",""end_date"":""2020-03-31""},{""job_title"":""Frontend developer"",""company_name"":""TechGen Africa"",""location"":""Lagos"",""end_date"":""2020-10-01"",""description"":""STEM Education Training"",""start_date"":""2020-06-01""},{""company_name"":""Cheapreats"",""job_title"":""Frontend developer"",""description"":""Worked on cheapreat UI library with react, typescript, styled-components et.c Worked on the company's dashboard"",""location"":""Toronto"",""start_date"":""2020-07-01"",""end_date"":""2020-08-31""},{""company_name"":""Divergent Innovation Hub"",""job_title"":""Front-End Developer (Intern)"",""location"":""Lagos"",""start_date"":""2019-11-01"",""end_date"":""2020-03-13"",""description"":""Digital Agency""}],""skills"":[{""name"":""Apollo"",""years_of_experience"":2},{""name"":""Graphql"",""years_of_experience"":2},{""name"":""TypeScript"",""years_of_experience"":2},{""name"":""CSS"",""years_of_experience"":1},{""name"":""JavaScript"",""years_of_experience"":2},{""name"":""React.js"",""years_of_experience"":2},{""name"":""Redux"",""years_of_experience"":2},{""name"":""Bootstrap"",""years_of_experience"":2},{""name"":""NodeJs"",""years_of_experience"":1},{""name"":""Express Js"",""years_of_experience"":2},{""name"":""Firebase"",""years_of_experience"":2},{""name"":""Flexbox"",""years_of_experience"":2},{""name"":""Git?Github"",""years_of_experience"":2},{""name"":""Bash-Scripting"",""years_of_experience"":2}],""portfolios"":[{""url"":""https://linkedin.com/in/aminajao"",""name"":""LinkedIn""},{""name"":""Git/github"",""url"":""https://github.com/aminajao""},{""name"":""Netlify"",""url"":""https://aminajao.netlify.app/""}],""first_name"":""Al-Amin"",""last_name"":""Ajao"",""preferred_name"":""Al-Amin"",""pronoun"":""He/him"",""email"":""aminajao96@gmail.com"",""phone"":""+2348125306468"",""city"":""Lagos"",""preferred_job_title"":""Frontend Engineer"",""professional_summary"":""I am a software developer with focus on front-end development using react.js, redux, hooks, NextJs Apollo client, typescript, styled- component and some knowledge of back-end development with nodejs, express, typescript, mongodb, graphQL. I am a fast learner with passion for technology and a flare for problem solving."",""professional_start_date"":""2019-11-01""}"
onwunma.anuli@10hourlabs.com,"{""country_code"":""NG"",""educations"":[{""institution_name"":""Lagos State Polytechnic"",""location"":""Lagos"",""degree"":""Diploma"",""program"":""Higher National Diploma in Computer Science"",""start_date"":""2022-01-20"",""end_date"":""2022-04-30""},{""institution_name"":""Lagos State Polytechnic"",""program"":""National Diploma in Computer Science"",""degree"":""Diploma"",""location"":""Lagos"",""start_date"":""2018-02-01"",""end_date"":""2018-09-30""}],""experiences"":[{""job_title"":""Web Developer"",""company_name"":""Gannetcity Limited"",""location"":""Lagos"",""start_date"":""2017-03-02"",""end_date"":""2018-09-30"",""description"":""Designed website structure and layout for multiple projects. ● Built web application with PHP, JavaScript, html5, CSS, MySQL ● Deployment of developed application to shared hosting. ● Carried out graphic designing projects and produced designs for websites. ● Aligned websites SEO principles while deploying social media marketing skills.""},{""company_name"":""PhosMobile"",""location"":""Lagos"",""job_title"":""Full Stack Developer"",""start_date"":""2019-03-02"",""end_date"":""2020-06-30"",""description"":""Built modern applications with React, Vue.js, Laravel, Gatsby, PostgreSQL, and MySQL. ● Designed and built mobile applications using Flutter. ● Updated the continuous integration/deployment of scripts necessary to improve continuous integration best practices ● Identified minimal viable product and decomposed feature set into small scoped users’ stories while liaising with the product owner which led to more effectiveness of the product. ● Managed full project delivery phase of mobile applications and software systems""},{""description"":""Managed the development and maintenance of 2 e-commerce platforms. ● Built several modern applications using React, Vue.js, Laravel, Gatsby, PostgreSQL, and MySQL. ● Handled the structuring of multiple internal systems, production workflow, as well as design custom Graphql and REST API built with Laravel and Node.js ● Carried out continuous integration and deployment of developed applications to AWS infrastructures, Microsoft azure, Netlify Heroku, etc. ● Contributed to the full cycle of project delivery from analysis and design to development, testing, and operations. ● Developed mobile application with Flutter and Firebase functions."",""job_title"":""Full Stack Developer"",""company_name"":""Reachtech Solutions"",""location"":""Gambia"",""start_date"":""2020-04-01"",""end_date"":""2022-04-30""}],""skills"":[{""name"":""Javascript"",""years_of_experience"":2},{""name"":""PHP/Laravel"",""years_of_experience"":2},{""name"":""TypeScript"",""years_of_experience"":2},{""name"":""Gatsby"",""years_of_experience"":2},{""name"":""Git/Github"",""years_of_experience"":2},{""name"":""MySQL/MariaDB"",""years_of_experience"":2},{""name"":""PostgreSQL"",""years_of_experience"":2},{""name"":""Cloud Computing"",""years_of_experience"":2}],""portfolios"":[{""url"":""https://enwemasorbarnabas.com/"",""name"":""Website""}],""first_name"":""ENWEMASOR BARNABAS"",""last_name"":""EJIOFOR"",""preferred_name"":""ENWEMASOR BARNABAS"",""pronoun"":""He/him"",""email"":""enwemasorbarnabs@gmail.com"",""phone"":""+2349096006817"",""city"":""Lagos"",""preferred_job_title"":""Full Stack Developer & Software Engineer"",""professional_start_date"":""2017-03-01""}"
onwunma.anuli@10hourlabs.com,"{""country_code"":""NG"",""educations"":[{""institution_name"":""HarvardX"",""location"":""Massachusetts"",""degree"":""Computer Science"",""program"":""Computer Science"",""start_date"":""2020-01-12"",""end_date"":""2022-04-30""},{""program"":""Software Engineering"",""institution_name"":""Stutern Institute"",""location"":""Lagos"",""degree"":""B.Eng"",""start_date"":""2018-06-01"",""end_date"":""2020-01-30""},{""program"":""Biochemistry"",""degree"":""B.Sc"",""institution_name"":""Micheal Okpara University"",""location"":""Abia"",""start_date"":""2013-09-01"",""end_date"":""2017-04-30""}],""experiences"":[{""job_title"":""Quality Assurance Intern"",""company_name"":"" Emzor Pharmaceutical Companies Ltd"",""location"":""Lagos"",""start_date"":""2016-04-01"",""end_date"":""2017-02-28"",""description"":""Quality Assurance and Control of Pharmaceutical Products, Applying cGMP""},{""job_title"":""Software Engineer"",""location"":""Port-harcourt"",""start_date"":""2017-08-01"",""end_date"":""2018-02-28"",""description"":""Maintained existing applications. • Collaborated on projects and innovations. Created and maintained a back-end API that served as a web hook to a 3rd party site (TypeForm / Google Form) which managed event data from respondents and rewarded them.Built RESTful APIs and web interfaces. • Created and managed the back-end for a portal (a volunteer management system) for Rivers State Government, Nigeria. • Continuously identified, measured, and improved processes"",""company_name"":""Rivers State ICT Department, Portharcourt""},{""primary_technologies"":[""Andriod Apps"",""SoapUI"",""Robotuim"",""Web Apps""],""company_name"":""Stanbic IBTC"",""location"":""Lagos"",""job_title"":""Software Tester (Contract)"",""start_date"":""2020-03-01"",""end_date"":""2020-04-30"",""description"":""Testing of web applications: Worked On the Offshore Banking Web App, under the Specialized banking Services  Designed and developed automation scripts I was in charge of detecting and tracking software defects and inconsistencies. I applied quality engineering principles, throughout the Agile product life cycle. Tools Used : Robotuim : Android Apps, SoapUI : Web Apps""},{""primary_technologies"":[""ReactJS"",""React Native"",""Redux "",""Node Js""],""job_title"":""Full Stack Software Engineer"",""company_name"":"", Oz Technologies"",""location"":""Lagos"",""start_date"":""2018-01-12"",""end_date"":""2020-03-30"",""description"":""Front-end & Back-end, used by millions across Africa, this has exposed me to using new technologies to develop robust software.  Created APIs for frontend development.  Integrated with payment gateways (STRIPE and MONNIFY) to      process user’s data and to handle ATM card transactions.  Was involved in the development of some parts of the Rest API.  Was involved in the design and implementation of the database schemas.  Optimization of responses from the API server  Documentation of API which made consuming of endpoints easier.  Developed an in-memory database system which made the company process     data bit faster than regular databases. This includes Kolopay.com, Zenith Mobile Banking Gambia, Bolefestival.africa etc.. Built modern applications with: React Js, React Native, Redux, Node Js, MongoDB, RESTAPI""},{""primary_technologies"":[""Gitlab"",""Ionic 5"",""React Native"",""Node"",""Apollo GraphQl""],""company_name"":""Platform Capital"",""location"":""Lagos"",""job_title"":""e Front -End Software Engineer"",""start_date"":""2020-05-01"",""end_date"":""2020-12-13"",""description"":""Define, manage and improve the software and product development processes by working closely with team members and team lead. Set up CI/CD pipeline for all portals and systems reducing deployment error rates by almost 95%.which in turn increased developer confidence in deployments. • I was involved in the development and structuring of High Tech Mobile Applications (Cross Platform) Android and iOS : Ranging from Investment Apps, Logistics Apps, Finance Apps, Entertainment Apps, Social Media, E-Commerce Apps • Converted designs from Adobe XD & Figma to code with exactness and responsiveness. • Gather and define customer requirements to develop clear specifications for creating well-organized project plans.""},{""company_name"":""Lead Solutions"",""job_title"":""Lead Solutions Architect"",""location"":""Kachinger"",""description"":""Was in charge of relevant documentation such as: Project related documentation, Organizational training documentation, PPQA documentation, SEPG documentation , SRS documentation, and other related documentation using MS Share Point. • Managed product development process using Agile Scrum, and Collaboration tools like JIRA, Confluence, BookStack, Notion. Also Planned work flows using Git which serves as our central repository. • Built Scrum templates to suit the organizations' needs, Performed daily stand up sessions as required for products. • Oversee an IT team of 30 developers, Implemented Test Driven Development (TDD) experience to the team using End to End testing methods. • Oversee and participated in the mobile and web app development. • Discuss project progress with customers, collect feedback on different stages, and directly address concerns. • Review project specifications and design technology solutions that meet or exceed client expectations"",""end_date"":""2021-01-31"",""start_date"":""2021-01-01""}],""professional_summary"":""Enthusiastic software engineer with 5 years experience in Software Engineering Methodologies and SDLC, UX and OOP/OOD/OOA, Business Intelligence and Product Development with hands-on experience in Platform Independent Software Development, Participating in the complete product development life-cycle of successfully launched applications. Eager to join your company. to deliver mission-critical technology and business solutions. In previous roles,  identified and resolved different process bottleneck through Enterprise design thinking."",""first_name"":""Chukwubuikem"",""preferred_name"":""Chukwubuikem"",""last_name"":""Ozurumba"",""pronoun"":""He/him"",""email"":""ozuruobinna@gmail.com"",""phone"":""+2348165177599"",""city"":""Lagos"",""preferred_job_title"":""Software Engineer"",""professional_start_date"":""2016-04-01""}"
onwunma.anuli@10hourlabs.com,"{""country_code"":""NG"",""educations"":[{""institution_name"":""University of Ibadan"",""program"":""Computer Science"",""degree"":""B.Sc"",""location"":""Ibadan"",""start_date"":""2014-08-15"",""end_date"":""2018-01-15""},{""institution_name"":""Educational Advancement Center (EAC)"",""program"":"" Cambridge A Level Certificate"",""degree"":""A level"",""location"":""Ibadan"",""start_date"":""2015-02-02"",""end_date"":""2015-11-30""}],""experiences"":[{""primary_technologies"":[],""job_title"":""Software Engineer "",""location"":""Lagos"",""company_name"":""Wyyerd Group"",""start_date"":""2020-06-01"",""end_date"":""2022-04-30"",""description"":""Fetch and display layer data from Vetro on Wyyerd network map. This helped operations know what locations are serviceable and get a broad overview of the Network Points present in a given location. ⇢ Created a user friendly new customer onboarding flow on the management portal which eased customer onboarding to a very large extent. ⇢ Assembled a new customer portal where customers can manage payments for their various services. ⇢ Implemented complex UI designs for managing service orders which was instrumental in achieving a critical milestone in the second quarter of 2021.""},{""primary_technologies"":[""lorem ipsum""],""job_title"":""Software Engineer"",""company_name"":""Stears"",""location"":""Lagos"",""start_date"":""2020-03-01"",""end_date"":""2020-04-30"",""description"":""Designed and developed Stears Election Platform. ⇢ Built, implemented and maintained many user-friendly applications & back-end services using React, Django, NextJs and VueJs, demonstrating service-oriented architecture and focus on client’s needs. ⇢ Move Stears Business database to a managed instance on AWS. ⇢ Removed downtime from deployment on Stears Business by migrating legacy application to Kubernetes.""},{""primary_technologies"":[""PHP"",""Python"",""Java"",""Javascript""],""company_name"":""Andela"",""location"":""Lagos"",""job_title"":""Software Engineer"",""start_date"":""2020-01-12"",""end_date"":""2020-08-12"",""description"":""Built, implemented and maintained many user-friendly applications & back-end services using PHP, Python, Java and Javascript, demonstrating service-oriented architecture and focus on client’s needs.""},{""primary_technologies"":[""Javascript"",""Java""],""company_name"":""Interswitch Group"",""job_title"":""Software Engineer "",""location"":""Lagos"",""start_date"":""2018-12-01"",""end_date"":""2019-12-01"",""description"":""Designed and developed the Transfer service portal using Node.js, React and Redux. ⇢ Built, implemented and maintained microservices to aid bank institutions integration with Transfer service platform using Spring Webflux, Vertex and Spring Boot. ⇢ Built, implemented and maintained many user-friendly applications & back-end services using Java and Javascript, demonstrating service-oriented architecture and focus on client’s needs.""},{""primary_technologies"":[""PHP"",""Javascript""],""company_name"":""Credit Clan"",""job_title"":""Software Engineer"",""location"":""Lagos"",""start_date"":""2018-01-12"",""end_date"":""2018-11-30"",""description"":""Developed & maintained the HRMS software as a service using PHP, that is very dynamic and can be modified to serve any use case. ⇢ Created a passport validation plugin using Node.js and Tensorflow. ⇢ Designed and developed a Payroll software as a service using Laravel and VueJs. ⇢ Built, implemented and maintained many user-friendly applications & back-end services using PHP and Javascript, demonstrating service-oriented architecture and focus on client’s needs.""},{""primary_technologies"":[""Laravel"",""VueJs""],""company_name"":""Innov8-IT"",""location"":""Lagos"",""job_title"":""Software Engineer"",""start_date"":""2017-02-01"",""end_date"":""2017-12-12"",""description"":""Built, implemented and maintained many user-friendly applications & back-end services using Laravel and VueJs, demonstrating service-oriented architecture and focus on client’s needs.""},{""primary_technologies"":[],""company_name"":""Global Info Swift"",""location"":""Lagos"",""job_title"":""Software Engineer"",""start_date"":""2016-09-01"",""end_date"":""2017-02-28"",""description"":""Conducted privacy and information security risk assessments compliant with ISO 27001 for companies. ⇢ Designed and developed an inhouse Risk Assessment Tool for conducting risk assessment for companies using Laravel and Vuejs.""},{""company_name"":""Tiket Mobile"",""location"":""Lagos"",""job_title"":""Software Engineer"",""start_date"":""2016-06-01"",""end_date"":""2016-08-31"",""description"":""Built, implemented and maintained many user-friendly applications & back-end services using Laravel and Jquery, demonstrating service-oriented architecture and focus on client’s needs.""}],""skills"":[{""name"":""Laravel"",""years_of_experience"":5},{""name"":""Node Js"",""years_of_experience"":5,""note"":""The first of its kind platform to get the latest results on the 2015 and 2019 Nigerian Election data, providing real time results of the Presidential, Governorship, Senate and house of reps elections. Built with Node.js, VueJs, Firebase and Google Sheets.""},{""name"":""Vue Js"",""years_of_experience"":2},{""name"":""Mysql"",""years_of_experience"":5},{""name"":""Jquery"",""years_of_experience"":5},{""name"":""Git"",""years_of_experience"":5},{""name"":""Angular"",""years_of_experience"":3},{""name"":""React"",""years_of_experience"":3},{""name"":""Django"",""years_of_experience"":3},{""name"":""Webpack"",""years_of_experience"":2},{""name"":""Postgres"",""years_of_experience"":3},{""name"":""Spring Boot "",""years_of_experience"":1},{""name"":""MongoDB "",""years_of_experience"":2},{""name"":""Docker"",""years_of_experience"":2},{""name"":""Blockchain"",""years_of_experience"":0},{""name"":""Machine learning"",""years_of_experience"":0}],""portfolios"":[{""name"":""LinkedIn"",""url"":""https://www.linkedin.com/in/michael-ezeokoye-05aa1b145/""},{""url"":""https://github.com/Jaymykels"",""name"":""Git/github""},{""url"":""https://michaelezeokoye.dev/"",""name"":""Dev""}],""first_name"":""Chukwuemeka Michael"",""last_name"":""Ezeokoye"",""preferred_name"":""Michael"",""pronoun"":""He/him"",""email"":""jaymykels69@gmail.com"",""phone"":""+2347080387486"",""city"":""Lagos"",""preferred_job_title"":""Software Engineer"",""professional_start_date"":""2016-06-01""}"